query	target	pident	alnlen	mismatch	gapopen	qstart	qend	tstart	tend	evalue	bitscore	query_len	query_class	target_len	target_class	RBP-class-pair	qcov	tcov	cov	modular
CONT_002_KL10_PROTEIN_45	LIT_082_KL26KL74_PROTEIN_50	78.788	33	7	0	1	33	1	33	2.41e-09	54.3	511.0	tailspike depolymerase	595.0	tailspike depolymerase	Same	0.06	0.06	0.06	Nterminal sharing
CONT_002_KL10_PROTEIN_45	REC_019_KL21KL3_PROTEIN_44	50.0	74	19	4	1	66	1	64	7.7e-09	52.8	511.0	tailspike depolymerase	576.0	tailspike depolymerase	Same	0.14	0.13	0.13	Nterminal sharing
CONT_002_KL10_PROTEIN_45	REC_025_KL47_PROTEIN_45	53.333	45	20	1	1	45	1	44	4.61e-08	50.4	511.0	tailspike depolymerase	641.0	tailspike depolymerase	Same	0.09	0.07	0.07	Nterminal sharing
CONT_002_KL10_PROTEIN_45	REC_024_KL47_PROTEIN_44	53.333	45	20	1	1	45	1	44	4.78e-08	50.1	511.0	tailspike depolymerase	641.0	tailspike depolymerase	Same	0.09	0.07	0.07	Nterminal sharing
CONT_002_KL10_PROTEIN_45	REC_023_KL47_PROTEIN_43	53.333	45	20	1	1	45	1	44	4.86e-08	50.1	511.0	tailspike depolymerase	641.0	tailspike depolymerase	Same	0.09	0.07	0.07	Nterminal sharing
CONT_002_KL10_PROTEIN_45	LIT_041_KL1KL2KL57_PROTEIN_46	66.667	33	11	0	1	33	1	33	2.75e-07	47.8	511.0	tailspike depolymerase	560.0	tailspike depolymerase	Same	0.06	0.06	0.06	Nterminal sharing
CONT_004_KL17_PROTEIN_45	REC_026_KL5KL8_PROTEIN_41	84.375	32	5	0	1	32	1	32	2.28e-11	60.8	521.0	putative esterase containing tailspike	684.0	tailspike depolymerase	Different	0.06	0.05	0.05	Nterminal sharing
CONT_004_KL17_PROTEIN_45	REC_019_KL21KL3_PROTEIN_44	72.973	37	10	0	1	37	1	37	6.99e-11	59.3	521.0	putative esterase containing tailspike	576.0	tailspike depolymerase	Different	0.07	0.06	0.06	Nterminal sharing
CONT_004_KL17_PROTEIN_45	REC_022_KL30KL69_PROTEIN_43	83.333	30	5	0	3	32	4	33	2.97e-10	57.4	521.0	putative esterase containing tailspike	685.0	tailspike depolymerase	Different	0.06	0.04	0.04	Nterminal sharing
CONT_004_KL17_PROTEIN_45	LIT_082_KL26KL74_PROTEIN_50	80.0	30	6	0	1	30	1	30	1.25e-09	55.5	521.0	putative esterase containing tailspike	595.0	tailspike depolymerase	Different	0.06	0.05	0.05	Nterminal sharing
CONT_004_KL17_PROTEIN_45	LIT_087_KL82_PROTEIN_45	70.588	34	10	0	4	37	5	38	7.39e-09	52.8	521.0	putative esterase containing tailspike	638.0	tailspike depolymerase	Different	0.07	0.05	0.05	Nterminal sharing
CONT_004_KL17_PROTEIN_45	LIT_085_KL56_PROTEIN_48	70.968	31	9	0	1	31	2	32	1.33e-08	52.0	521.0	putative esterase containing tailspike	678.0	tailspike depolymerase	Different	0.06	0.05	0.05	Nterminal sharing
CONT_004_KL17_PROTEIN_45	REC_018_KL21_PROTEIN_42	66.667	33	11	0	5	37	4	36	5.16e-08	50.1	521.0	putative esterase containing tailspike	575.0	tailspike depolymerase	Different	0.06	0.06	0.06	Nterminal sharing
CONT_004_KL17_PROTEIN_45	REC_030_KL56KN3_PROTEIN_42	64.516	31	11	0	1	31	2	32	2.26e-07	48.1	521.0	putative esterase containing tailspike	678.0	tailspike depolymerase	Different	0.06	0.05	0.05	Nterminal sharing
CONT_004_KL17_PROTEIN_45	LIT_083_KL36KL43_PROTEIN_42	63.333	30	11	0	2	31	1	30	9.61e-07	46.2	521.0	putative esterase containing tailspike	612.0	tailspike depolymerase	Different	0.06	0.05	0.05	Nterminal sharing
CONT_004_KL17_PROTEIN_46	REC_044_KN4_PROTEIN_47	79.87	154	31	0	1	154	1	154	3.4e-73	251.0	818.0	tailspike depolymerase	850.0	tailspike depolymerase	Same	0.19	0.18	0.18	Nterminal sharing
CONT_004_KL17_PROTEIN_46	LIT_090_KL27_PROTEIN_48	72.289	166	45	1	1	165	1	166	5.47e-65	231.0	818.0	tailspike depolymerase	1242.0	tailspike depolymerase with fiber-like elements	Different	0.2	0.13	0.13	Nterminal sharing
CONT_004_KL17_PROTEIN_46	REC_042_KN1_PROTEIN_43	69.481	154	47	0	1	154	1	154	7.84e-60	213.0	818.0	tailspike depolymerase	820.0	tailspike depolymerase with fiber-like elements	Different	0.19	0.19	0.19	Nterminal sharing
CONT_004_KL17_PROTEIN_46	REC_041_KN1_PROTEIN_43	68.831	154	48	0	1	154	1	154	1.9800000000000001e-59	211.0	818.0	tailspike depolymerase	819.0	tailspike depolymerase with fiber-like elements	Different	0.19	0.19	0.19	Nterminal sharing
CONT_004_KL17_PROTEIN_46	LIT_078_KL30KL35KL36_PROTEIN_48	68.142	113	34	2	1	111	1	113	1.01e-40	155.0	818.0	tailspike depolymerase	856.0	tailspike depolymerase with fiber-like elements	Different	0.14	0.13	0.13	Nterminal sharing
CONT_005_KL20_PROTEIN_6	REC_023_KL47_PROTEIN_43	81.818	33	6	0	1	33	1	33	1.56e-10	58.2	511.0	GDSL-like lipase containing tailspike	641.0	tailspike depolymerase	Different	0.06	0.05	0.05	Nterminal sharing
CONT_005_KL20_PROTEIN_6	REC_025_KL47_PROTEIN_45	81.818	33	6	0	1	33	1	33	1.62e-10	58.2	511.0	GDSL-like lipase containing tailspike	641.0	tailspike depolymerase	Different	0.06	0.05	0.05	Nterminal sharing
CONT_005_KL20_PROTEIN_6	REC_024_KL47_PROTEIN_44	81.818	33	6	0	1	33	1	33	1.62e-10	58.2	511.0	GDSL-like lipase containing tailspike	641.0	tailspike depolymerase	Different	0.06	0.05	0.05	Nterminal sharing
CONT_005_KL20_PROTEIN_6	LIT_041_KL1KL2KL57_PROTEIN_46	72.973	37	10	0	1	37	1	37	2.11e-10	57.8	511.0	GDSL-like lipase containing tailspike	560.0	tailspike depolymerase	Different	0.07	0.07	0.07	Nterminal sharing
CONT_005_KL20_PROTEIN_6	LIT_036_KL106_PROTEIN_45	58.0	50	19	1	1	50	1	48	1.43e-09	55.1	511.0	GDSL-like lipase containing tailspike	536.0	tailspike depolymerase	Different	0.1	0.09	0.09	Nterminal sharing
CONT_005_KL20_PROTEIN_6	LIT_082_KL26KL74_PROTEIN_50	73.529	34	9	0	1	34	1	34	1.89e-09	54.7	511.0	GDSL-like lipase containing tailspike	595.0	tailspike depolymerase	Different	0.07	0.06	0.06	Nterminal sharing
CONT_005_KL20_PROTEIN_6	LIT_037_KL106_PROTEIN_43	56.0	50	20	1	1	50	1	48	2.95e-09	53.9	511.0	GDSL-like lipase containing tailspike	536.0	tailspike depolymerase	Different	0.1	0.09	0.09	Nterminal sharing
CONT_005_KL20_PROTEIN_6	LIT_128_KL10_PROTEIN_50	72.727	33	9	0	1	33	1	33	5.55e-09	53.1	511.0	GDSL-like lipase containing tailspike	512.0	tailspike depolymerase	Different	0.06	0.06	0.06	Nterminal sharing
CONT_005_KL20_PROTEIN_6	LIT_081_KL58_PROTEIN_48	61.765	34	13	0	1	34	1	34	5.01e-08	50.1	511.0	GDSL-like lipase containing tailspike	598.0	tailspike depolymerase	Different	0.07	0.06	0.06	Nterminal sharing
CONT_005_KL20_PROTEIN_6	LIT_015_KL61_PROTEIN_45	67.647	34	11	0	1	34	1	34	8.89e-08	49.3	511.0	GDSL-like lipase containing tailspike	546.0	tailspike depolymerase	Different	0.07	0.06	0.06	Nterminal sharing
CONT_005_KL20_PROTEIN_6	LIT_016_KL61_PROTEIN_42	65.625	32	11	0	3	34	4	35	3e-06	44.3	511.0	GDSL-like lipase containing tailspike	547.0	tailspike depolymerase	Different	0.06	0.06	0.06	Nterminal sharing
CONT_005_KL20_PROTEIN_7	REC_044_KN4_PROTEIN_47	79.87	154	31	0	1	154	1	154	1.77e-72	251.0	903.0	tailspike depolymerase	850.0	tailspike depolymerase	Same	0.17	0.18	0.17	Nterminal sharing
CONT_005_KL20_PROTEIN_7	LIT_090_KL27_PROTEIN_48	70.115	174	50	2	1	172	1	174	5.37e-65	233.0	903.0	tailspike depolymerase	1242.0	tailspike depolymerase with fiber-like elements	Different	0.19	0.14	0.14	Nterminal sharing
CONT_005_KL20_PROTEIN_7	REC_042_KN1_PROTEIN_43	69.481	154	47	0	1	154	1	154	1.25e-59	213.0	903.0	tailspike depolymerase	820.0	tailspike depolymerase with fiber-like elements	Different	0.17	0.19	0.17	Nterminal sharing
CONT_005_KL20_PROTEIN_7	REC_041_KN1_PROTEIN_43	68.831	154	48	0	1	154	1	154	3.6e-59	212.0	903.0	tailspike depolymerase	819.0	tailspike depolymerase with fiber-like elements	Different	0.17	0.19	0.17	Nterminal sharing
CONT_005_KL20_PROTEIN_7	LIT_078_KL30KL35KL36_PROTEIN_48	67.257	113	35	2	1	111	1	113	1.16e-40	156.0	903.0	tailspike depolymerase	856.0	tailspike depolymerase with fiber-like elements	Different	0.13	0.13	0.13	Nterminal sharing
CONT_006_KL22_PROTEIN_8	LIT_109_KL2_PROTEIN_23	98.98	196	2	0	1	196	1	196	7.43e-122	381.0	708.0	tailspike depolymerase	907.0	tailspike depolymerase	Same	0.28	0.22	0.22	Nterminal sharing
CONT_006_KL22_PROTEIN_8	REC_006_KL13KL2_PROTEIN_63	98.98	196	2	0	1	196	1	196	7.830000000000001e-122	381.0	708.0	tailspike depolymerase	907.0	tailspike depolymerase	Same	0.28	0.22	0.22	Nterminal sharing
CONT_006_KL22_PROTEIN_8	REC_012_KL2_PROTEIN_32	98.98	196	2	0	1	196	1	196	9.07e-122	380.0	708.0	tailspike depolymerase	907.0	tailspike depolymerase	Same	0.28	0.22	0.22	Nterminal sharing
CONT_006_KL22_PROTEIN_8	REC_011_KL2_PROTEIN_22	98.98	196	2	0	1	196	1	196	1.5e-121	380.0	708.0	tailspike depolymerase	907.0	tailspike depolymerase	Same	0.28	0.22	0.22	Nterminal sharing
CONT_006_KL22_PROTEIN_8	LIT_111_KL2_PROTEIN_23	97.449	196	5	0	1	196	1	196	1.43e-119	375.0	708.0	tailspike depolymerase	907.0	tailspike depolymerase	Same	0.28	0.22	0.22	Nterminal sharing
CONT_006_KL22_PROTEIN_8	REC_014_KL2_PROTEIN_2	96.939	196	6	0	1	196	1	196	7.76e-119	373.0	708.0	tailspike depolymerase	907.0	tailspike depolymerase	Same	0.28	0.22	0.22	Nterminal sharing
CONT_006_KL22_PROTEIN_8	LIT_017_KL140_PROTEIN_44	90.452	199	19	0	1	199	1	199	1.48e-102	327.0	708.0	tailspike depolymerase	793.0	tailspike depolymerase	Same	0.28	0.25	0.25	Nterminal sharing
CONT_006_KL22_PROTEIN_8	LIT_113_KL46_PROTEIN_23	87.019	208	27	0	1	208	1	208	4.1e-99	321.0	708.0	tailspike depolymerase	927.0	tailspike depolymerase with fiber-like elements	Different	0.29	0.22	0.22	Nterminal sharing
CONT_006_KL22_PROTEIN_8	LIT_130_KL17_PROTEIN_23	86.935	199	19	1	1	199	1	192	5.04e-96	308.0	708.0	tailspike depolymerase	729.0	tailspike depolymerase	Same	0.28	0.27	0.27	Nterminal sharing
CONT_006_KL22_PROTEIN_8	LIT_110_KL6KL7_PROTEIN_23	85.5	200	22	1	1	200	1	193	1.35e-94	307.0	708.0	tailspike depolymerase	870.0	tailspike depolymerase	Same	0.28	0.23	0.23	Nterminal sharing
CONT_006_KL22_PROTEIN_8	REC_034_KL62_PROTEIN_30	81.395	215	23	2	1	215	1	198	3.25e-92	297.0	708.0	tailspike depolymerase	692.0	tailspike depolymerase	Same	0.3	0.31	0.3	Nterminal sharing
CONT_006_KL22_PROTEIN_8	LIT_114_KL54_PROTEIN_23	79.63	216	31	2	1	210	1	209	6.69e-92	297.0	708.0	tailspike depolymerase	729.0	tailspike depolymerase	Same	0.31	0.3	0.3	Nterminal sharing
CONT_006_KL22_PROTEIN_8	REC_036_KL63_PROTEIN_49	87.245	196	18	1	1	196	1	189	1.22e-91	300.0	708.0	tailspike depolymerase	883.0	tailspike depolymerase	Same	0.28	0.22	0.22	Nterminal sharing
CONT_006_KL22_PROTEIN_8	LIT_105_KL63_PROTEIN_22	87.245	196	18	1	1	196	1	189	1.27e-91	300.0	708.0	tailspike depolymerase	883.0	tailspike depolymerase	Same	0.28	0.22	0.22	Nterminal sharing
CONT_006_KL22_PROTEIN_8	LIT_106_KL38_PROTEIN_24	85.354	198	22	1	1	198	1	191	7.83e-91	302.0	708.0	tailspike depolymerase	1171.0	tailspike depolymerase with fiber-like elements	Different	0.28	0.17	0.17	Nterminal sharing
CONT_006_KL22_PROTEIN_8	LIT_118_KL14_PROTEIN_25	81.863	204	30	1	1	204	1	197	9.829999999999999e-89	293.0	708.0	tailspike depolymerase	941.0	tailspike depolymerase	Same	0.29	0.22	0.22	Nterminal sharing
CONT_006_KL22_PROTEIN_8	LIT_018_KL28_PROTEIN_7	85.714	196	21	1	1	196	1	189	4.61e-88	287.0	708.0	tailspike depolymerase	742.0	tailspike depolymerase	Same	0.28	0.26	0.26	Nterminal sharing
CONT_006_KL22_PROTEIN_8	LIT_035_KL24_PROTEIN_2	82.143	196	28	1	1	196	1	189	5.13e-86	282.0	708.0	tailspike depolymerase	762.0	tailspike depolymerase	Same	0.28	0.26	0.26	Nterminal sharing
CONT_006_KL22_PROTEIN_8	REC_027_KL5_PROTEIN_35	79.5	200	34	1	1	200	1	193	1.66e-85	283.0	708.0	tailspike depolymerase	857.0	tailspike depolymerase	Same	0.28	0.23	0.23	Nterminal sharing
CONT_006_KL22_PROTEIN_8	LIT_115_Kn_PROTEIN_25	79.57	186	24	1	1	172	1	186	1.8799999999999998e-82	276.0	708.0	tailspike depolymerase	973.0	L-shaped tail fiber-like	Different	0.26	0.19	0.19	Nterminal sharing
CONT_006_KL22_PROTEIN_8	LIT_117_Kn_PROTEIN_25	68.88	241	68	3	1	235	1	240	2.79e-82	275.0	708.0	tailspike depolymerase	892.0	L-shaped tail fiber-like	Different	0.34	0.27	0.27	Nterminal sharing
CONT_006_KL22_PROTEIN_8	LIT_120_KL28KL69_PROTEIN_24	78.495	186	26	1	1	172	1	186	1.21e-81	274.0	708.0	tailspike depolymerase	973.0	L-shaped tail fiber-like	Different	0.26	0.19	0.19	Nterminal sharing
CONT_006_KL22_PROTEIN_8	LIT_119_Kn_PROTEIN_25	82.065	184	33	0	1	184	1	184	6.969999999999999e-81	271.0	708.0	tailspike depolymerase	894.0	L-shaped tail fiber-like	Different	0.26	0.21	0.21	Nterminal sharing
CONT_006_KL22_PROTEIN_8	LIT_112_KL53_PROTEIN_24	72.449	196	54	0	1	196	1	196	2.08e-79	266.0	708.0	tailspike depolymerase	852.0	tailspike depolymerase	Same	0.28	0.23	0.23	Nterminal sharing
CONT_006_KL22_PROTEIN_8	LIT_103_KL28KL69_PROTEIN_24	80.978	184	35	0	1	184	1	184	3.89e-77	260.0	708.0	tailspike depolymerase	894.0	L-shaped tail fiber-like	Different	0.26	0.21	0.21	Nterminal sharing
CONT_006_KL22_PROTEIN_8	LIT_116_KL31KL37_PROTEIN_25	63.9	241	80	3	1	235	1	240	1.18e-74	253.0	708.0	tailspike depolymerase	892.0	L-shaped tail fiber-like	Different	0.34	0.27	0.27	Nterminal sharing
CONT_006_KL22_PROTEIN_8	LIT_108_KL11KL28KL33_PROTEIN_25	63.9	241	80	3	1	235	1	240	1.18e-74	253.0	708.0	tailspike depolymerase	892.0	L-shaped tail fiber-like	Different	0.34	0.27	0.27	Nterminal sharing
CONT_006_KL22_PROTEIN_8	REC_013_KL2_PROTEIN_22	66.176	204	62	1	1	197	1	204	6.36e-72	244.0	708.0	tailspike depolymerase	763.0	tailspike depolymerase	Same	0.29	0.27	0.27	Nterminal sharing
CONT_006_KL22_PROTEIN_8	LIT_104_KL2_PROTEIN_24	66.176	204	62	1	1	197	1	204	6.49e-72	244.0	708.0	tailspike depolymerase	763.0	tailspike depolymerase	Same	0.29	0.27	0.27	Nterminal sharing
CONT_006_KL22_PROTEIN_8	CONT_010_KL53_PROTEIN_22	66.327	196	59	1	1	196	1	189	2.6e-71	243.0	708.0	tailspike depolymerase	845.0	tailspike depolymerase	Same	0.28	0.23	0.23	Nterminal sharing
CONT_006_KL22_PROTEIN_8	CONT_012_KL53_PROTEIN_48	66.327	196	59	1	1	196	1	189	2.67e-71	243.0	708.0	tailspike depolymerase	845.0	tailspike depolymerase	Same	0.28	0.23	0.23	Nterminal sharing
CONT_006_KL22_PROTEIN_8	CONT_011_KL53_PROTEIN_67	66.327	196	59	1	1	196	1	189	2.67e-71	243.0	708.0	tailspike depolymerase	845.0	tailspike depolymerase	Same	0.28	0.23	0.23	Nterminal sharing
CONT_006_KL22_PROTEIN_8	CONT_009_KL53_PROTEIN_3	66.327	196	59	1	1	196	1	189	2.67e-71	243.0	708.0	tailspike depolymerase	845.0	tailspike depolymerase	Same	0.28	0.23	0.23	Nterminal sharing
CONT_006_KL22_PROTEIN_8	CONT_008_KL53_PROTEIN_3	66.327	196	59	1	1	196	1	189	2.67e-71	243.0	708.0	tailspike depolymerase	845.0	tailspike depolymerase	Same	0.28	0.23	0.23	Nterminal sharing
CONT_006_KL22_PROTEIN_8	CONT_015_KL53_PROTEIN_6	65.816	196	60	1	1	196	1	189	8.85e-71	242.0	708.0	tailspike depolymerase	845.0	tailspike depolymerase	Same	0.28	0.23	0.23	Nterminal sharing
CONT_006_KL22_PROTEIN_8	CONT_013_KL53_PROTEIN_1	65.306	196	61	1	1	196	1	189	6.94e-70	239.0	708.0	tailspike depolymerase	845.0	tailspike depolymerase	Same	0.28	0.23	0.23	Nterminal sharing
CONT_006_KL22_PROTEIN_8	LIT_123_KL43KL50KL69_PROTEIN_28	58.382	173	72	0	1	173	1	173	4.6e-57	205.0	708.0	tailspike depolymerase	1314.0	L-shaped tail fiber-like	Different	0.24	0.13	0.13	Nterminal sharing
CONT_008_KL53_PROTEIN_3	LIT_130_KL17_PROTEIN_23	68.557	194	61	0	1	194	1	194	5.4900000000000005e-77	260.0	845.0	tailspike depolymerase	729.0	tailspike depolymerase	Same	0.23	0.27	0.23	Nterminal sharing
CONT_008_KL53_PROTEIN_3	REC_011_KL2_PROTEIN_22	68.78	205	51	2	1	195	1	202	9.19e-76	260.0	845.0	tailspike depolymerase	907.0	tailspike depolymerase	Same	0.24	0.23	0.23	Nterminal sharing
CONT_008_KL53_PROTEIN_3	LIT_109_KL2_PROTEIN_23	65.566	212	46	2	1	195	1	202	1.08e-75	259.0	845.0	tailspike depolymerase	907.0	tailspike depolymerase	Same	0.25	0.23	0.23	Nterminal sharing
CONT_008_KL53_PROTEIN_3	REC_006_KL13KL2_PROTEIN_63	65.566	212	46	2	1	195	1	202	1.2400000000000001e-75	259.0	845.0	tailspike depolymerase	907.0	tailspike depolymerase	Same	0.25	0.23	0.23	Nterminal sharing
CONT_008_KL53_PROTEIN_3	REC_012_KL2_PROTEIN_32	65.566	212	46	2	1	195	1	202	1.3500000000000001e-75	259.0	845.0	tailspike depolymerase	907.0	tailspike depolymerase	Same	0.25	0.23	0.23	Nterminal sharing
CONT_008_KL53_PROTEIN_3	LIT_114_KL54_PROTEIN_23	68.528	197	62	0	1	197	1	197	1.01e-74	254.0	845.0	tailspike depolymerase	729.0	tailspike depolymerase	Same	0.23	0.27	0.23	Nterminal sharing
CONT_008_KL53_PROTEIN_3	LIT_111_KL2_PROTEIN_23	65.094	212	47	2	1	195	1	202	1.9099999999999998e-74	256.0	845.0	tailspike depolymerase	907.0	tailspike depolymerase	Same	0.25	0.23	0.23	Nterminal sharing
CONT_008_KL53_PROTEIN_3	LIT_106_KL38_PROTEIN_24	60.504	238	83	2	1	227	1	238	3.5999999999999995e-74	258.0	845.0	tailspike depolymerase	1171.0	tailspike depolymerase with fiber-like elements	Different	0.28	0.2	0.2	Nterminal sharing
CONT_008_KL53_PROTEIN_3	LIT_107_KL64_PROTEIN_24	68.041	194	62	0	1	194	1	194	6.8899999999999994e-74	255.0	845.0	tailspike depolymerase	952.0	tailspike depolymerase	Same	0.23	0.2	0.2	Nterminal sharing
CONT_008_KL53_PROTEIN_3	LIT_110_KL6KL7_PROTEIN_23	69.072	194	60	0	1	194	1	194	8.23e-74	254.0	845.0	tailspike depolymerase	870.0	tailspike depolymerase	Same	0.23	0.22	0.22	Nterminal sharing
CONT_008_KL53_PROTEIN_3	REC_014_KL2_PROTEIN_2	64.623	212	48	2	1	195	1	202	1.48e-73	254.0	845.0	tailspike depolymerase	907.0	tailspike depolymerase	Same	0.25	0.23	0.23	Nterminal sharing
CONT_008_KL53_PROTEIN_3	LIT_118_KL14_PROTEIN_25	66.839	193	64	0	1	193	1	193	2.4e-71	248.0	845.0	tailspike depolymerase	941.0	tailspike depolymerase	Same	0.23	0.21	0.21	Nterminal sharing
CONT_008_KL53_PROTEIN_3	REC_034_KL62_PROTEIN_30	60.092	218	79	2	1	218	1	210	3.66e-71	243.0	845.0	tailspike depolymerase	692.0	tailspike depolymerase	Same	0.26	0.32	0.26	Nterminal sharing
CONT_008_KL53_PROTEIN_3	LIT_113_KL46_PROTEIN_23	67.164	201	59	2	1	194	1	201	9.09e-71	246.0	845.0	tailspike depolymerase	927.0	tailspike depolymerase with fiber-like elements	Different	0.24	0.22	0.22	Nterminal sharing
CONT_008_KL53_PROTEIN_3	LIT_018_KL28_PROTEIN_7	61.611	211	76	1	1	206	1	211	1.53e-70	242.0	845.0	tailspike depolymerase	742.0	tailspike depolymerase	Same	0.25	0.28	0.25	Nterminal sharing
CONT_008_KL53_PROTEIN_3	REC_027_KL5_PROTEIN_35	62.963	189	70	0	1	189	1	189	1.64e-65	230.0	845.0	tailspike depolymerase	857.0	tailspike depolymerase	Same	0.22	0.22	0.22	Nterminal sharing
CONT_008_KL53_PROTEIN_3	LIT_116_KL31KL37_PROTEIN_25	66.486	185	49	2	1	173	1	184	3.3200000000000002e-65	229.0	845.0	tailspike depolymerase	892.0	L-shaped tail fiber-like	Different	0.22	0.21	0.21	Nterminal sharing
CONT_008_KL53_PROTEIN_3	LIT_108_KL11KL28KL33_PROTEIN_25	66.486	185	49	2	1	173	1	184	3.3200000000000002e-65	229.0	845.0	tailspike depolymerase	892.0	L-shaped tail fiber-like	Different	0.22	0.21	0.21	Nterminal sharing
CONT_008_KL53_PROTEIN_3	LIT_119_Kn_PROTEIN_25	54.0	250	86	6	1	232	1	239	1.86e-62	222.0	845.0	tailspike depolymerase	894.0	L-shaped tail fiber-like	Different	0.3	0.28	0.28	Nterminal sharing
CONT_008_KL53_PROTEIN_3	LIT_117_Kn_PROTEIN_25	62.312	199	58	4	1	188	1	193	3.5e-60	215.0	845.0	tailspike depolymerase	892.0	L-shaped tail fiber-like	Different	0.24	0.22	0.22	Nterminal sharing
CONT_008_KL53_PROTEIN_3	LIT_120_KL28KL69_PROTEIN_24	81.395	129	24	0	1	129	1	129	1.8e-59	214.0	845.0	tailspike depolymerase	973.0	L-shaped tail fiber-like	Different	0.15	0.13	0.13	Nterminal sharing
CONT_008_KL53_PROTEIN_3	LIT_115_Kn_PROTEIN_25	65.143	175	44	1	1	158	1	175	2.5200000000000002e-59	213.0	845.0	tailspike depolymerase	973.0	L-shaped tail fiber-like	Different	0.21	0.18	0.18	Nterminal sharing
CONT_008_KL53_PROTEIN_3	LIT_103_KL28KL69_PROTEIN_24	53.478	230	85	4	1	222	1	216	2.7100000000000002e-58	209.0	845.0	tailspike depolymerase	894.0	L-shaped tail fiber-like	Different	0.27	0.26	0.26	Nterminal sharing
CONT_008_KL53_PROTEIN_3	LIT_123_KL43KL50KL69_PROTEIN_28	50.857	175	69	1	1	158	1	175	1.1e-45	172.0	845.0	tailspike depolymerase	1314.0	L-shaped tail fiber-like	Different	0.21	0.13	0.13	Nterminal sharing
CONT_009_KL53_PROTEIN_3	LIT_130_KL17_PROTEIN_23	68.557	194	61	0	1	194	1	194	5.4900000000000005e-77	260.0	845.0	tailspike depolymerase	729.0	tailspike depolymerase	Same	0.23	0.27	0.23	Nterminal sharing
CONT_009_KL53_PROTEIN_3	REC_011_KL2_PROTEIN_22	68.78	205	51	2	1	195	1	202	9.19e-76	260.0	845.0	tailspike depolymerase	907.0	tailspike depolymerase	Same	0.24	0.23	0.23	Nterminal sharing
CONT_009_KL53_PROTEIN_3	LIT_109_KL2_PROTEIN_23	65.566	212	46	2	1	195	1	202	1.08e-75	259.0	845.0	tailspike depolymerase	907.0	tailspike depolymerase	Same	0.25	0.23	0.23	Nterminal sharing
CONT_009_KL53_PROTEIN_3	REC_006_KL13KL2_PROTEIN_63	65.566	212	46	2	1	195	1	202	1.2400000000000001e-75	259.0	845.0	tailspike depolymerase	907.0	tailspike depolymerase	Same	0.25	0.23	0.23	Nterminal sharing
CONT_009_KL53_PROTEIN_3	REC_012_KL2_PROTEIN_32	65.566	212	46	2	1	195	1	202	1.3500000000000001e-75	259.0	845.0	tailspike depolymerase	907.0	tailspike depolymerase	Same	0.25	0.23	0.23	Nterminal sharing
CONT_009_KL53_PROTEIN_3	LIT_114_KL54_PROTEIN_23	68.528	197	62	0	1	197	1	197	1.01e-74	254.0	845.0	tailspike depolymerase	729.0	tailspike depolymerase	Same	0.23	0.27	0.23	Nterminal sharing
CONT_009_KL53_PROTEIN_3	LIT_111_KL2_PROTEIN_23	65.094	212	47	2	1	195	1	202	1.9099999999999998e-74	256.0	845.0	tailspike depolymerase	907.0	tailspike depolymerase	Same	0.25	0.23	0.23	Nterminal sharing
CONT_009_KL53_PROTEIN_3	LIT_106_KL38_PROTEIN_24	60.504	238	83	2	1	227	1	238	3.5999999999999995e-74	258.0	845.0	tailspike depolymerase	1171.0	tailspike depolymerase with fiber-like elements	Different	0.28	0.2	0.2	Nterminal sharing
CONT_009_KL53_PROTEIN_3	LIT_107_KL64_PROTEIN_24	68.041	194	62	0	1	194	1	194	6.8899999999999994e-74	255.0	845.0	tailspike depolymerase	952.0	tailspike depolymerase	Same	0.23	0.2	0.2	Nterminal sharing
CONT_009_KL53_PROTEIN_3	LIT_110_KL6KL7_PROTEIN_23	69.072	194	60	0	1	194	1	194	8.23e-74	254.0	845.0	tailspike depolymerase	870.0	tailspike depolymerase	Same	0.23	0.22	0.22	Nterminal sharing
CONT_009_KL53_PROTEIN_3	REC_014_KL2_PROTEIN_2	64.623	212	48	2	1	195	1	202	1.48e-73	254.0	845.0	tailspike depolymerase	907.0	tailspike depolymerase	Same	0.25	0.23	0.23	Nterminal sharing
CONT_009_KL53_PROTEIN_3	LIT_118_KL14_PROTEIN_25	66.839	193	64	0	1	193	1	193	2.4e-71	248.0	845.0	tailspike depolymerase	941.0	tailspike depolymerase	Same	0.23	0.21	0.21	Nterminal sharing
CONT_009_KL53_PROTEIN_3	REC_034_KL62_PROTEIN_30	60.092	218	79	2	1	218	1	210	3.66e-71	243.0	845.0	tailspike depolymerase	692.0	tailspike depolymerase	Same	0.26	0.32	0.26	Nterminal sharing
CONT_009_KL53_PROTEIN_3	LIT_113_KL46_PROTEIN_23	67.164	201	59	2	1	194	1	201	9.09e-71	246.0	845.0	tailspike depolymerase	927.0	tailspike depolymerase with fiber-like elements	Different	0.24	0.22	0.22	Nterminal sharing
CONT_009_KL53_PROTEIN_3	LIT_018_KL28_PROTEIN_7	61.611	211	76	1	1	206	1	211	1.53e-70	242.0	845.0	tailspike depolymerase	742.0	tailspike depolymerase	Same	0.25	0.28	0.25	Nterminal sharing
CONT_009_KL53_PROTEIN_3	REC_027_KL5_PROTEIN_35	62.963	189	70	0	1	189	1	189	1.64e-65	230.0	845.0	tailspike depolymerase	857.0	tailspike depolymerase	Same	0.22	0.22	0.22	Nterminal sharing
CONT_009_KL53_PROTEIN_3	LIT_116_KL31KL37_PROTEIN_25	66.486	185	49	2	1	173	1	184	3.3200000000000002e-65	229.0	845.0	tailspike depolymerase	892.0	L-shaped tail fiber-like	Different	0.22	0.21	0.21	Nterminal sharing
CONT_009_KL53_PROTEIN_3	LIT_108_KL11KL28KL33_PROTEIN_25	66.486	185	49	2	1	173	1	184	3.3200000000000002e-65	229.0	845.0	tailspike depolymerase	892.0	L-shaped tail fiber-like	Different	0.22	0.21	0.21	Nterminal sharing
CONT_009_KL53_PROTEIN_3	LIT_119_Kn_PROTEIN_25	54.0	250	86	6	1	232	1	239	1.86e-62	222.0	845.0	tailspike depolymerase	894.0	L-shaped tail fiber-like	Different	0.3	0.28	0.28	Nterminal sharing
CONT_009_KL53_PROTEIN_3	LIT_117_Kn_PROTEIN_25	62.312	199	58	4	1	188	1	193	3.5e-60	215.0	845.0	tailspike depolymerase	892.0	L-shaped tail fiber-like	Different	0.24	0.22	0.22	Nterminal sharing
CONT_009_KL53_PROTEIN_3	LIT_120_KL28KL69_PROTEIN_24	81.395	129	24	0	1	129	1	129	1.8e-59	214.0	845.0	tailspike depolymerase	973.0	L-shaped tail fiber-like	Different	0.15	0.13	0.13	Nterminal sharing
CONT_009_KL53_PROTEIN_3	LIT_115_Kn_PROTEIN_25	65.143	175	44	1	1	158	1	175	2.5200000000000002e-59	213.0	845.0	tailspike depolymerase	973.0	L-shaped tail fiber-like	Different	0.21	0.18	0.18	Nterminal sharing
CONT_009_KL53_PROTEIN_3	LIT_103_KL28KL69_PROTEIN_24	53.478	230	85	4	1	222	1	216	2.7100000000000002e-58	209.0	845.0	tailspike depolymerase	894.0	L-shaped tail fiber-like	Different	0.27	0.26	0.26	Nterminal sharing
CONT_009_KL53_PROTEIN_3	LIT_123_KL43KL50KL69_PROTEIN_28	50.857	175	69	1	1	158	1	175	1.1e-45	172.0	845.0	tailspike depolymerase	1314.0	L-shaped tail fiber-like	Different	0.21	0.13	0.13	Nterminal sharing
CONT_010_KL53_PROTEIN_22	LIT_130_KL17_PROTEIN_23	68.557	194	61	0	1	194	1	194	3.67e-77	260.0	845.0	tailspike depolymerase	729.0	tailspike depolymerase	Same	0.23	0.27	0.23	Nterminal sharing
CONT_010_KL53_PROTEIN_22	REC_006_KL13KL2_PROTEIN_63	68.627	204	53	2	1	195	1	202	1.09e-75	259.0	845.0	tailspike depolymerase	907.0	tailspike depolymerase	Same	0.24	0.22	0.22	Nterminal sharing
CONT_010_KL53_PROTEIN_22	REC_012_KL2_PROTEIN_32	68.627	204	53	2	1	195	1	202	1.2400000000000001e-75	259.0	845.0	tailspike depolymerase	907.0	tailspike depolymerase	Same	0.24	0.22	0.22	Nterminal sharing
CONT_010_KL53_PROTEIN_22	LIT_109_KL2_PROTEIN_23	68.627	204	53	2	1	195	1	202	1.26e-75	259.0	845.0	tailspike depolymerase	907.0	tailspike depolymerase	Same	0.24	0.22	0.22	Nterminal sharing
CONT_010_KL53_PROTEIN_22	REC_011_KL2_PROTEIN_22	68.137	204	54	2	1	195	1	202	1.58e-75	259.0	845.0	tailspike depolymerase	907.0	tailspike depolymerase	Same	0.24	0.22	0.22	Nterminal sharing
CONT_010_KL53_PROTEIN_22	LIT_114_KL54_PROTEIN_23	67.5	200	65	0	1	200	1	200	9.23e-75	254.0	845.0	tailspike depolymerase	729.0	tailspike depolymerase	Same	0.24	0.27	0.24	Nterminal sharing
CONT_010_KL53_PROTEIN_22	LIT_111_KL2_PROTEIN_23	67.157	204	56	2	1	195	1	202	1.87e-74	256.0	845.0	tailspike depolymerase	907.0	tailspike depolymerase	Same	0.24	0.22	0.22	Nterminal sharing
CONT_010_KL53_PROTEIN_22	LIT_106_KL38_PROTEIN_24	60.504	238	83	2	1	227	1	238	2.39e-74	259.0	845.0	tailspike depolymerase	1171.0	tailspike depolymerase with fiber-like elements	Different	0.28	0.2	0.2	Nterminal sharing
CONT_010_KL53_PROTEIN_22	LIT_107_KL64_PROTEIN_24	68.041	194	62	0	1	194	1	194	6.12e-74	255.0	845.0	tailspike depolymerase	952.0	tailspike depolymerase	Same	0.23	0.2	0.2	Nterminal sharing
CONT_010_KL53_PROTEIN_22	LIT_110_KL6KL7_PROTEIN_23	69.072	194	60	0	1	194	1	194	6.3699999999999994e-74	254.0	845.0	tailspike depolymerase	870.0	tailspike depolymerase	Same	0.23	0.22	0.22	Nterminal sharing
CONT_010_KL53_PROTEIN_22	REC_014_KL2_PROTEIN_2	66.667	204	57	2	1	195	1	202	1.14e-73	254.0	845.0	tailspike depolymerase	907.0	tailspike depolymerase	Same	0.24	0.22	0.22	Nterminal sharing
CONT_010_KL53_PROTEIN_22	LIT_118_KL14_PROTEIN_25	66.839	193	64	0	1	193	1	193	2.0600000000000002e-71	248.0	845.0	tailspike depolymerase	941.0	tailspike depolymerase	Same	0.23	0.21	0.21	Nterminal sharing
CONT_010_KL53_PROTEIN_22	REC_034_KL62_PROTEIN_30	60.092	218	79	2	1	218	1	210	2.6e-71	243.0	845.0	tailspike depolymerase	692.0	tailspike depolymerase	Same	0.26	0.32	0.26	Nterminal sharing
CONT_010_KL53_PROTEIN_22	LIT_113_KL46_PROTEIN_23	67.164	201	59	2	1	194	1	201	7.63e-71	246.0	845.0	tailspike depolymerase	927.0	tailspike depolymerase with fiber-like elements	Different	0.24	0.22	0.22	Nterminal sharing
CONT_010_KL53_PROTEIN_22	LIT_018_KL28_PROTEIN_7	61.611	211	76	1	1	206	1	211	1.36e-70	243.0	845.0	tailspike depolymerase	742.0	tailspike depolymerase	Same	0.25	0.28	0.25	Nterminal sharing
CONT_010_KL53_PROTEIN_22	REC_027_KL5_PROTEIN_35	62.963	189	70	0	1	189	1	189	9.67e-66	231.0	845.0	tailspike depolymerase	857.0	tailspike depolymerase	Same	0.22	0.22	0.22	Nterminal sharing
CONT_010_KL53_PROTEIN_22	LIT_116_KL31KL37_PROTEIN_25	67.935	184	48	2	1	173	1	184	3.48e-65	229.0	845.0	tailspike depolymerase	892.0	L-shaped tail fiber-like	Different	0.22	0.21	0.21	Nterminal sharing
CONT_010_KL53_PROTEIN_22	LIT_108_KL11KL28KL33_PROTEIN_25	67.935	184	48	2	1	173	1	184	3.48e-65	229.0	845.0	tailspike depolymerase	892.0	L-shaped tail fiber-like	Different	0.22	0.21	0.21	Nterminal sharing
CONT_010_KL53_PROTEIN_22	LIT_119_Kn_PROTEIN_25	54.0	250	86	6	1	232	1	239	8.3e-63	223.0	845.0	tailspike depolymerase	894.0	L-shaped tail fiber-like	Different	0.3	0.28	0.28	Nterminal sharing
CONT_010_KL53_PROTEIN_22	LIT_117_Kn_PROTEIN_25	62.312	199	58	4	1	188	1	193	1.9499999999999998e-60	216.0	845.0	tailspike depolymerase	892.0	L-shaped tail fiber-like	Different	0.24	0.22	0.22	Nterminal sharing
CONT_010_KL53_PROTEIN_22	LIT_120_KL28KL69_PROTEIN_24	81.395	129	24	0	1	129	1	129	2.27e-59	213.0	845.0	tailspike depolymerase	973.0	L-shaped tail fiber-like	Different	0.15	0.13	0.13	Nterminal sharing
CONT_010_KL53_PROTEIN_22	LIT_115_Kn_PROTEIN_25	62.567	187	43	2	1	163	1	184	2.4500000000000003e-59	213.0	845.0	tailspike depolymerase	973.0	L-shaped tail fiber-like	Different	0.22	0.19	0.19	Nterminal sharing
CONT_010_KL53_PROTEIN_22	LIT_103_KL28KL69_PROTEIN_24	53.478	230	85	4	1	222	1	216	1.9000000000000002e-58	210.0	845.0	tailspike depolymerase	894.0	L-shaped tail fiber-like	Different	0.27	0.26	0.26	Nterminal sharing
CONT_010_KL53_PROTEIN_22	LIT_123_KL43KL50KL69_PROTEIN_28	50.857	175	69	1	1	158	1	175	1.93e-45	172.0	845.0	tailspike depolymerase	1314.0	L-shaped tail fiber-like	Different	0.21	0.13	0.13	Nterminal sharing
CONT_011_KL53_PROTEIN_67	LIT_130_KL17_PROTEIN_23	68.557	194	61	0	1	194	1	194	5.4900000000000005e-77	260.0	845.0	tailspike depolymerase	729.0	tailspike depolymerase	Same	0.23	0.27	0.23	Nterminal sharing
CONT_011_KL53_PROTEIN_67	REC_011_KL2_PROTEIN_22	68.78	205	51	2	1	195	1	202	9.19e-76	260.0	845.0	tailspike depolymerase	907.0	tailspike depolymerase	Same	0.24	0.23	0.23	Nterminal sharing
CONT_011_KL53_PROTEIN_67	LIT_109_KL2_PROTEIN_23	65.566	212	46	2	1	195	1	202	1.08e-75	259.0	845.0	tailspike depolymerase	907.0	tailspike depolymerase	Same	0.25	0.23	0.23	Nterminal sharing
CONT_011_KL53_PROTEIN_67	REC_006_KL13KL2_PROTEIN_63	65.566	212	46	2	1	195	1	202	1.2400000000000001e-75	259.0	845.0	tailspike depolymerase	907.0	tailspike depolymerase	Same	0.25	0.23	0.23	Nterminal sharing
CONT_011_KL53_PROTEIN_67	REC_012_KL2_PROTEIN_32	65.566	212	46	2	1	195	1	202	1.3500000000000001e-75	259.0	845.0	tailspike depolymerase	907.0	tailspike depolymerase	Same	0.25	0.23	0.23	Nterminal sharing
CONT_011_KL53_PROTEIN_67	LIT_114_KL54_PROTEIN_23	68.528	197	62	0	1	197	1	197	1.01e-74	254.0	845.0	tailspike depolymerase	729.0	tailspike depolymerase	Same	0.23	0.27	0.23	Nterminal sharing
CONT_011_KL53_PROTEIN_67	LIT_111_KL2_PROTEIN_23	65.094	212	47	2	1	195	1	202	1.9099999999999998e-74	256.0	845.0	tailspike depolymerase	907.0	tailspike depolymerase	Same	0.25	0.23	0.23	Nterminal sharing
CONT_011_KL53_PROTEIN_67	LIT_106_KL38_PROTEIN_24	60.504	238	83	2	1	227	1	238	3.5999999999999995e-74	258.0	845.0	tailspike depolymerase	1171.0	tailspike depolymerase with fiber-like elements	Different	0.28	0.2	0.2	Nterminal sharing
CONT_011_KL53_PROTEIN_67	LIT_107_KL64_PROTEIN_24	68.041	194	62	0	1	194	1	194	6.8899999999999994e-74	255.0	845.0	tailspike depolymerase	952.0	tailspike depolymerase	Same	0.23	0.2	0.2	Nterminal sharing
CONT_011_KL53_PROTEIN_67	LIT_110_KL6KL7_PROTEIN_23	69.072	194	60	0	1	194	1	194	8.23e-74	254.0	845.0	tailspike depolymerase	870.0	tailspike depolymerase	Same	0.23	0.22	0.22	Nterminal sharing
CONT_011_KL53_PROTEIN_67	REC_014_KL2_PROTEIN_2	64.623	212	48	2	1	195	1	202	1.48e-73	254.0	845.0	tailspike depolymerase	907.0	tailspike depolymerase	Same	0.25	0.23	0.23	Nterminal sharing
CONT_011_KL53_PROTEIN_67	LIT_118_KL14_PROTEIN_25	66.839	193	64	0	1	193	1	193	2.4e-71	248.0	845.0	tailspike depolymerase	941.0	tailspike depolymerase	Same	0.23	0.21	0.21	Nterminal sharing
CONT_011_KL53_PROTEIN_67	REC_034_KL62_PROTEIN_30	60.092	218	79	2	1	218	1	210	3.66e-71	243.0	845.0	tailspike depolymerase	692.0	tailspike depolymerase	Same	0.26	0.32	0.26	Nterminal sharing
CONT_011_KL53_PROTEIN_67	LIT_113_KL46_PROTEIN_23	67.164	201	59	2	1	194	1	201	9.09e-71	246.0	845.0	tailspike depolymerase	927.0	tailspike depolymerase with fiber-like elements	Different	0.24	0.22	0.22	Nterminal sharing
CONT_011_KL53_PROTEIN_67	LIT_018_KL28_PROTEIN_7	61.611	211	76	1	1	206	1	211	1.53e-70	242.0	845.0	tailspike depolymerase	742.0	tailspike depolymerase	Same	0.25	0.28	0.25	Nterminal sharing
CONT_011_KL53_PROTEIN_67	REC_027_KL5_PROTEIN_35	62.963	189	70	0	1	189	1	189	1.64e-65	230.0	845.0	tailspike depolymerase	857.0	tailspike depolymerase	Same	0.22	0.22	0.22	Nterminal sharing
CONT_011_KL53_PROTEIN_67	LIT_116_KL31KL37_PROTEIN_25	66.486	185	49	2	1	173	1	184	3.3200000000000002e-65	229.0	845.0	tailspike depolymerase	892.0	L-shaped tail fiber-like	Different	0.22	0.21	0.21	Nterminal sharing
CONT_011_KL53_PROTEIN_67	LIT_108_KL11KL28KL33_PROTEIN_25	66.486	185	49	2	1	173	1	184	3.3200000000000002e-65	229.0	845.0	tailspike depolymerase	892.0	L-shaped tail fiber-like	Different	0.22	0.21	0.21	Nterminal sharing
CONT_011_KL53_PROTEIN_67	LIT_119_Kn_PROTEIN_25	54.0	250	86	6	1	232	1	239	1.86e-62	222.0	845.0	tailspike depolymerase	894.0	L-shaped tail fiber-like	Different	0.3	0.28	0.28	Nterminal sharing
CONT_011_KL53_PROTEIN_67	LIT_117_Kn_PROTEIN_25	62.312	199	58	4	1	188	1	193	3.5e-60	215.0	845.0	tailspike depolymerase	892.0	L-shaped tail fiber-like	Different	0.24	0.22	0.22	Nterminal sharing
CONT_011_KL53_PROTEIN_67	LIT_120_KL28KL69_PROTEIN_24	81.395	129	24	0	1	129	1	129	1.8e-59	214.0	845.0	tailspike depolymerase	973.0	L-shaped tail fiber-like	Different	0.15	0.13	0.13	Nterminal sharing
CONT_011_KL53_PROTEIN_67	LIT_115_Kn_PROTEIN_25	65.143	175	44	1	1	158	1	175	2.5200000000000002e-59	213.0	845.0	tailspike depolymerase	973.0	L-shaped tail fiber-like	Different	0.21	0.18	0.18	Nterminal sharing
CONT_011_KL53_PROTEIN_67	LIT_103_KL28KL69_PROTEIN_24	53.478	230	85	4	1	222	1	216	2.7100000000000002e-58	209.0	845.0	tailspike depolymerase	894.0	L-shaped tail fiber-like	Different	0.27	0.26	0.26	Nterminal sharing
CONT_011_KL53_PROTEIN_67	LIT_123_KL43KL50KL69_PROTEIN_28	50.857	175	69	1	1	158	1	175	1.1e-45	172.0	845.0	tailspike depolymerase	1314.0	L-shaped tail fiber-like	Different	0.21	0.13	0.13	Nterminal sharing
CONT_012_KL53_PROTEIN_48	LIT_130_KL17_PROTEIN_23	68.557	194	61	0	1	194	1	194	5.4900000000000005e-77	260.0	845.0	tailspike depolymerase	729.0	tailspike depolymerase	Same	0.23	0.27	0.23	Nterminal sharing
CONT_012_KL53_PROTEIN_48	REC_011_KL2_PROTEIN_22	68.78	205	51	2	1	195	1	202	9.19e-76	260.0	845.0	tailspike depolymerase	907.0	tailspike depolymerase	Same	0.24	0.23	0.23	Nterminal sharing
CONT_012_KL53_PROTEIN_48	LIT_109_KL2_PROTEIN_23	65.566	212	46	2	1	195	1	202	1.08e-75	259.0	845.0	tailspike depolymerase	907.0	tailspike depolymerase	Same	0.25	0.23	0.23	Nterminal sharing
CONT_012_KL53_PROTEIN_48	REC_006_KL13KL2_PROTEIN_63	65.566	212	46	2	1	195	1	202	1.2400000000000001e-75	259.0	845.0	tailspike depolymerase	907.0	tailspike depolymerase	Same	0.25	0.23	0.23	Nterminal sharing
CONT_012_KL53_PROTEIN_48	REC_012_KL2_PROTEIN_32	65.566	212	46	2	1	195	1	202	1.3500000000000001e-75	259.0	845.0	tailspike depolymerase	907.0	tailspike depolymerase	Same	0.25	0.23	0.23	Nterminal sharing
CONT_012_KL53_PROTEIN_48	LIT_114_KL54_PROTEIN_23	68.528	197	62	0	1	197	1	197	1.01e-74	254.0	845.0	tailspike depolymerase	729.0	tailspike depolymerase	Same	0.23	0.27	0.23	Nterminal sharing
CONT_012_KL53_PROTEIN_48	LIT_111_KL2_PROTEIN_23	65.094	212	47	2	1	195	1	202	1.9099999999999998e-74	256.0	845.0	tailspike depolymerase	907.0	tailspike depolymerase	Same	0.25	0.23	0.23	Nterminal sharing
CONT_012_KL53_PROTEIN_48	LIT_106_KL38_PROTEIN_24	60.504	238	83	2	1	227	1	238	3.5999999999999995e-74	258.0	845.0	tailspike depolymerase	1171.0	tailspike depolymerase with fiber-like elements	Different	0.28	0.2	0.2	Nterminal sharing
CONT_012_KL53_PROTEIN_48	LIT_107_KL64_PROTEIN_24	68.041	194	62	0	1	194	1	194	6.8899999999999994e-74	255.0	845.0	tailspike depolymerase	952.0	tailspike depolymerase	Same	0.23	0.2	0.2	Nterminal sharing
CONT_012_KL53_PROTEIN_48	LIT_110_KL6KL7_PROTEIN_23	69.072	194	60	0	1	194	1	194	8.23e-74	254.0	845.0	tailspike depolymerase	870.0	tailspike depolymerase	Same	0.23	0.22	0.22	Nterminal sharing
CONT_012_KL53_PROTEIN_48	REC_014_KL2_PROTEIN_2	64.623	212	48	2	1	195	1	202	1.48e-73	254.0	845.0	tailspike depolymerase	907.0	tailspike depolymerase	Same	0.25	0.23	0.23	Nterminal sharing
CONT_012_KL53_PROTEIN_48	LIT_118_KL14_PROTEIN_25	66.839	193	64	0	1	193	1	193	2.4e-71	248.0	845.0	tailspike depolymerase	941.0	tailspike depolymerase	Same	0.23	0.21	0.21	Nterminal sharing
CONT_012_KL53_PROTEIN_48	REC_034_KL62_PROTEIN_30	60.092	218	79	2	1	218	1	210	3.66e-71	243.0	845.0	tailspike depolymerase	692.0	tailspike depolymerase	Same	0.26	0.32	0.26	Nterminal sharing
CONT_012_KL53_PROTEIN_48	LIT_113_KL46_PROTEIN_23	67.164	201	59	2	1	194	1	201	9.09e-71	246.0	845.0	tailspike depolymerase	927.0	tailspike depolymerase with fiber-like elements	Different	0.24	0.22	0.22	Nterminal sharing
CONT_012_KL53_PROTEIN_48	LIT_018_KL28_PROTEIN_7	61.611	211	76	1	1	206	1	211	1.53e-70	242.0	845.0	tailspike depolymerase	742.0	tailspike depolymerase	Same	0.25	0.28	0.25	Nterminal sharing
CONT_012_KL53_PROTEIN_48	REC_027_KL5_PROTEIN_35	62.963	189	70	0	1	189	1	189	1.64e-65	230.0	845.0	tailspike depolymerase	857.0	tailspike depolymerase	Same	0.22	0.22	0.22	Nterminal sharing
CONT_012_KL53_PROTEIN_48	LIT_116_KL31KL37_PROTEIN_25	66.486	185	49	2	1	173	1	184	3.3200000000000002e-65	229.0	845.0	tailspike depolymerase	892.0	L-shaped tail fiber-like	Different	0.22	0.21	0.21	Nterminal sharing
CONT_012_KL53_PROTEIN_48	LIT_108_KL11KL28KL33_PROTEIN_25	66.486	185	49	2	1	173	1	184	3.3200000000000002e-65	229.0	845.0	tailspike depolymerase	892.0	L-shaped tail fiber-like	Different	0.22	0.21	0.21	Nterminal sharing
CONT_012_KL53_PROTEIN_48	LIT_119_Kn_PROTEIN_25	54.0	250	86	6	1	232	1	239	1.86e-62	222.0	845.0	tailspike depolymerase	894.0	L-shaped tail fiber-like	Different	0.3	0.28	0.28	Nterminal sharing
CONT_012_KL53_PROTEIN_48	LIT_117_Kn_PROTEIN_25	62.312	199	58	4	1	188	1	193	3.5e-60	215.0	845.0	tailspike depolymerase	892.0	L-shaped tail fiber-like	Different	0.24	0.22	0.22	Nterminal sharing
CONT_012_KL53_PROTEIN_48	LIT_120_KL28KL69_PROTEIN_24	81.395	129	24	0	1	129	1	129	1.8e-59	214.0	845.0	tailspike depolymerase	973.0	L-shaped tail fiber-like	Different	0.15	0.13	0.13	Nterminal sharing
CONT_012_KL53_PROTEIN_48	LIT_115_Kn_PROTEIN_25	65.143	175	44	1	1	158	1	175	2.5200000000000002e-59	213.0	845.0	tailspike depolymerase	973.0	L-shaped tail fiber-like	Different	0.21	0.18	0.18	Nterminal sharing
CONT_012_KL53_PROTEIN_48	LIT_103_KL28KL69_PROTEIN_24	53.478	230	85	4	1	222	1	216	2.7100000000000002e-58	209.0	845.0	tailspike depolymerase	894.0	L-shaped tail fiber-like	Different	0.27	0.26	0.26	Nterminal sharing
CONT_012_KL53_PROTEIN_48	LIT_123_KL43KL50KL69_PROTEIN_28	50.857	175	69	1	1	158	1	175	1.1e-45	172.0	845.0	tailspike depolymerase	1314.0	L-shaped tail fiber-like	Different	0.21	0.13	0.13	Nterminal sharing
CONT_013_KL53_PROTEIN_1	LIT_130_KL17_PROTEIN_23	67.01	194	64	0	1	194	1	194	7.33e-75	254.0	845.0	tailspike depolymerase	729.0	tailspike depolymerase	Same	0.23	0.27	0.23	Nterminal sharing
CONT_013_KL53_PROTEIN_1	REC_011_KL2_PROTEIN_22	67.805	205	53	2	1	195	1	202	1.21e-74	257.0	845.0	tailspike depolymerase	907.0	tailspike depolymerase	Same	0.24	0.23	0.23	Nterminal sharing
CONT_013_KL53_PROTEIN_1	REC_006_KL13KL2_PROTEIN_63	67.805	205	53	2	1	195	1	202	1.83e-74	256.0	845.0	tailspike depolymerase	907.0	tailspike depolymerase	Same	0.24	0.23	0.23	Nterminal sharing
CONT_013_KL53_PROTEIN_1	LIT_109_KL2_PROTEIN_23	67.805	205	53	2	1	195	1	202	1.87e-74	256.0	845.0	tailspike depolymerase	907.0	tailspike depolymerase	Same	0.24	0.23	0.23	Nterminal sharing
CONT_013_KL53_PROTEIN_1	REC_012_KL2_PROTEIN_32	67.805	205	53	2	1	195	1	202	2.02e-74	256.0	845.0	tailspike depolymerase	907.0	tailspike depolymerase	Same	0.24	0.23	0.23	Nterminal sharing
CONT_013_KL53_PROTEIN_1	LIT_114_KL54_PROTEIN_23	67.0	200	66	0	1	200	1	200	1.5700000000000003e-73	250.0	845.0	tailspike depolymerase	729.0	tailspike depolymerase	Same	0.24	0.27	0.24	Nterminal sharing
CONT_013_KL53_PROTEIN_1	LIT_111_KL2_PROTEIN_23	66.341	205	56	2	1	195	1	202	2.7800000000000003e-73	253.0	845.0	tailspike depolymerase	907.0	tailspike depolymerase	Same	0.24	0.23	0.23	Nterminal sharing
CONT_013_KL53_PROTEIN_1	LIT_106_KL38_PROTEIN_24	60.084	238	84	2	1	227	1	238	3.97e-73	255.0	845.0	tailspike depolymerase	1171.0	tailspike depolymerase with fiber-like elements	Different	0.28	0.2	0.2	Nterminal sharing
CONT_013_KL53_PROTEIN_1	LIT_107_KL64_PROTEIN_24	67.526	194	63	0	1	194	1	194	8.27e-73	252.0	845.0	tailspike depolymerase	952.0	tailspike depolymerase	Same	0.23	0.2	0.2	Nterminal sharing
CONT_013_KL53_PROTEIN_1	LIT_110_KL6KL7_PROTEIN_23	68.557	194	61	0	1	194	1	194	1.21e-72	251.0	845.0	tailspike depolymerase	870.0	tailspike depolymerase	Same	0.23	0.22	0.22	Nterminal sharing
CONT_013_KL53_PROTEIN_1	REC_014_KL2_PROTEIN_2	65.854	205	57	2	1	195	1	202	1.48e-72	251.0	845.0	tailspike depolymerase	907.0	tailspike depolymerase	Same	0.24	0.23	0.23	Nterminal sharing
CONT_013_KL53_PROTEIN_1	LIT_113_KL46_PROTEIN_23	66.667	201	60	2	1	194	1	201	2.6500000000000002e-70	245.0	845.0	tailspike depolymerase	927.0	tailspike depolymerase with fiber-like elements	Different	0.24	0.22	0.22	Nterminal sharing
CONT_013_KL53_PROTEIN_1	LIT_118_KL14_PROTEIN_25	65.285	193	67	0	1	193	1	193	3.3900000000000005e-70	244.0	845.0	tailspike depolymerase	941.0	tailspike depolymerase	Same	0.23	0.21	0.21	Nterminal sharing
CONT_013_KL53_PROTEIN_1	REC_034_KL62_PROTEIN_30	59.633	218	80	2	1	218	1	210	5.57e-70	239.0	845.0	tailspike depolymerase	692.0	tailspike depolymerase	Same	0.26	0.32	0.26	Nterminal sharing
CONT_013_KL53_PROTEIN_1	LIT_018_KL28_PROTEIN_7	61.137	211	77	1	1	206	1	211	2.24e-69	239.0	845.0	tailspike depolymerase	742.0	tailspike depolymerase	Same	0.25	0.28	0.25	Nterminal sharing
CONT_013_KL53_PROTEIN_1	LIT_116_KL31KL37_PROTEIN_25	68.478	184	47	2	1	173	1	184	2.61e-65	230.0	845.0	tailspike depolymerase	892.0	L-shaped tail fiber-like	Different	0.22	0.21	0.21	Nterminal sharing
CONT_013_KL53_PROTEIN_1	LIT_108_KL11KL28KL33_PROTEIN_25	68.478	184	47	2	1	173	1	184	2.61e-65	230.0	845.0	tailspike depolymerase	892.0	L-shaped tail fiber-like	Different	0.22	0.21	0.21	Nterminal sharing
CONT_013_KL53_PROTEIN_1	REC_027_KL5_PROTEIN_35	62.963	189	70	0	1	189	1	189	3.92e-65	229.0	845.0	tailspike depolymerase	857.0	tailspike depolymerase	Same	0.22	0.22	0.22	Nterminal sharing
CONT_013_KL53_PROTEIN_1	LIT_119_Kn_PROTEIN_25	53.6	250	87	6	1	232	1	239	6.48e-62	220.0	845.0	tailspike depolymerase	894.0	L-shaped tail fiber-like	Different	0.3	0.28	0.28	Nterminal sharing
CONT_013_KL53_PROTEIN_1	LIT_117_Kn_PROTEIN_25	62.312	199	58	4	1	188	1	193	4.3099999999999997e-60	215.0	845.0	tailspike depolymerase	892.0	L-shaped tail fiber-like	Different	0.24	0.22	0.22	Nterminal sharing
CONT_013_KL53_PROTEIN_1	LIT_115_Kn_PROTEIN_25	62.567	187	43	2	1	163	1	184	5.92e-59	212.0	845.0	tailspike depolymerase	973.0	L-shaped tail fiber-like	Different	0.22	0.19	0.19	Nterminal sharing
CONT_013_KL53_PROTEIN_1	LIT_120_KL28KL69_PROTEIN_24	80.62	129	25	0	1	129	1	129	8.51e-59	212.0	845.0	tailspike depolymerase	973.0	L-shaped tail fiber-like	Different	0.15	0.13	0.13	Nterminal sharing
CONT_013_KL53_PROTEIN_1	LIT_103_KL28KL69_PROTEIN_24	53.478	230	85	4	1	222	1	216	5.84e-58	208.0	845.0	tailspike depolymerase	894.0	L-shaped tail fiber-like	Different	0.27	0.26	0.26	Nterminal sharing
CONT_013_KL53_PROTEIN_1	LIT_123_KL43KL50KL69_PROTEIN_28	50.279	179	65	1	1	155	1	179	1.26e-45	172.0	845.0	tailspike depolymerase	1314.0	L-shaped tail fiber-like	Different	0.21	0.14	0.14	Nterminal sharing
CONT_014_KL53_PROTEIN_38	REC_044_KN4_PROTEIN_47	79.87	154	31	0	1	154	1	154	3.05e-73	251.0	818.0	tailspike depolymerase	850.0	tailspike depolymerase	Same	0.19	0.18	0.18	Nterminal sharing
CONT_014_KL53_PROTEIN_38	LIT_090_KL27_PROTEIN_48	72.289	166	45	1	1	165	1	166	4.72e-65	231.0	818.0	tailspike depolymerase	1242.0	tailspike depolymerase with fiber-like elements	Different	0.2	0.13	0.13	Nterminal sharing
CONT_014_KL53_PROTEIN_38	REC_042_KN1_PROTEIN_43	69.481	154	47	0	1	154	1	154	8.63e-60	213.0	818.0	tailspike depolymerase	820.0	tailspike depolymerase with fiber-like elements	Different	0.19	0.19	0.19	Nterminal sharing
CONT_014_KL53_PROTEIN_38	REC_041_KN1_PROTEIN_43	68.831	154	48	0	1	154	1	154	2.2000000000000003e-59	211.0	818.0	tailspike depolymerase	819.0	tailspike depolymerase with fiber-like elements	Different	0.19	0.19	0.19	Nterminal sharing
CONT_014_KL53_PROTEIN_38	LIT_078_KL30KL35KL36_PROTEIN_48	68.142	113	34	2	1	111	1	113	9.98e-41	155.0	818.0	tailspike depolymerase	856.0	tailspike depolymerase with fiber-like elements	Different	0.14	0.13	0.13	Nterminal sharing
CONT_014_KL53_PROTEIN_39	REC_026_KL5KL8_PROTEIN_41	84.375	32	5	0	1	32	1	32	2.28e-11	60.8	521.0	putative esterase containing tailspike	684.0	tailspike depolymerase	Different	0.06	0.05	0.05	Nterminal sharing
CONT_014_KL53_PROTEIN_39	REC_019_KL21KL3_PROTEIN_44	72.973	37	10	0	1	37	1	37	6.99e-11	59.3	521.0	putative esterase containing tailspike	576.0	tailspike depolymerase	Different	0.07	0.06	0.06	Nterminal sharing
CONT_014_KL53_PROTEIN_39	REC_022_KL30KL69_PROTEIN_43	83.333	30	5	0	3	32	4	33	2.97e-10	57.4	521.0	putative esterase containing tailspike	685.0	tailspike depolymerase	Different	0.06	0.04	0.04	Nterminal sharing
CONT_014_KL53_PROTEIN_39	LIT_082_KL26KL74_PROTEIN_50	80.0	30	6	0	1	30	1	30	1.25e-09	55.5	521.0	putative esterase containing tailspike	595.0	tailspike depolymerase	Different	0.06	0.05	0.05	Nterminal sharing
CONT_014_KL53_PROTEIN_39	LIT_087_KL82_PROTEIN_45	70.588	34	10	0	4	37	5	38	7.39e-09	52.8	521.0	putative esterase containing tailspike	638.0	tailspike depolymerase	Different	0.07	0.05	0.05	Nterminal sharing
CONT_014_KL53_PROTEIN_39	LIT_085_KL56_PROTEIN_48	70.968	31	9	0	1	31	2	32	1.33e-08	52.0	521.0	putative esterase containing tailspike	678.0	tailspike depolymerase	Different	0.06	0.05	0.05	Nterminal sharing
CONT_014_KL53_PROTEIN_39	REC_018_KL21_PROTEIN_42	66.667	33	11	0	5	37	4	36	5.16e-08	50.1	521.0	putative esterase containing tailspike	575.0	tailspike depolymerase	Different	0.06	0.06	0.06	Nterminal sharing
CONT_014_KL53_PROTEIN_39	REC_030_KL56KN3_PROTEIN_42	64.516	31	11	0	1	31	2	32	2.26e-07	48.1	521.0	putative esterase containing tailspike	678.0	tailspike depolymerase	Different	0.06	0.05	0.05	Nterminal sharing
CONT_014_KL53_PROTEIN_39	LIT_083_KL36KL43_PROTEIN_42	63.333	30	11	0	2	31	1	30	9.61e-07	46.2	521.0	putative esterase containing tailspike	612.0	tailspike depolymerase	Different	0.06	0.05	0.05	Nterminal sharing
CONT_015_KL53_PROTEIN_6	LIT_130_KL17_PROTEIN_23	68.041	194	62	0	1	194	1	194	2.25e-76	258.0	845.0	tailspike depolymerase	729.0	tailspike depolymerase	Same	0.23	0.27	0.23	Nterminal sharing
CONT_015_KL53_PROTEIN_6	REC_011_KL2_PROTEIN_22	68.293	205	52	2	1	195	1	202	3.24e-75	258.0	845.0	tailspike depolymerase	907.0	tailspike depolymerase	Same	0.24	0.23	0.23	Nterminal sharing
CONT_015_KL53_PROTEIN_6	LIT_109_KL2_PROTEIN_23	65.094	212	47	2	1	195	1	202	4.62e-75	258.0	845.0	tailspike depolymerase	907.0	tailspike depolymerase	Same	0.25	0.23	0.23	Nterminal sharing
CONT_015_KL53_PROTEIN_6	REC_012_KL2_PROTEIN_32	65.094	212	47	2	1	195	1	202	5.26e-75	258.0	845.0	tailspike depolymerase	907.0	tailspike depolymerase	Same	0.25	0.23	0.23	Nterminal sharing
CONT_015_KL53_PROTEIN_6	REC_006_KL13KL2_PROTEIN_63	68.293	205	52	2	1	195	1	202	5.69e-75	258.0	845.0	tailspike depolymerase	907.0	tailspike depolymerase	Same	0.24	0.23	0.23	Nterminal sharing
CONT_015_KL53_PROTEIN_6	LIT_114_KL54_PROTEIN_23	68.02	197	63	0	1	197	1	197	4.3599999999999995e-74	252.0	845.0	tailspike depolymerase	729.0	tailspike depolymerase	Same	0.23	0.27	0.23	Nterminal sharing
CONT_015_KL53_PROTEIN_6	LIT_111_KL2_PROTEIN_23	64.623	212	48	2	1	195	1	202	6.08e-74	255.0	845.0	tailspike depolymerase	907.0	tailspike depolymerase	Same	0.25	0.23	0.23	Nterminal sharing
CONT_015_KL53_PROTEIN_6	LIT_106_KL38_PROTEIN_24	60.084	238	84	2	1	227	1	238	1.21e-73	257.0	845.0	tailspike depolymerase	1171.0	tailspike depolymerase with fiber-like elements	Different	0.28	0.2	0.2	Nterminal sharing
CONT_015_KL53_PROTEIN_6	LIT_107_KL64_PROTEIN_24	67.526	194	63	0	1	194	1	194	2.2400000000000002e-73	254.0	845.0	tailspike depolymerase	952.0	tailspike depolymerase	Same	0.23	0.2	0.2	Nterminal sharing
CONT_015_KL53_PROTEIN_6	LIT_110_KL6KL7_PROTEIN_23	68.557	194	61	0	1	194	1	194	3.4e-73	252.0	845.0	tailspike depolymerase	870.0	tailspike depolymerase	Same	0.23	0.22	0.22	Nterminal sharing
CONT_015_KL53_PROTEIN_6	REC_014_KL2_PROTEIN_2	64.151	212	49	2	1	195	1	202	3.45e-73	253.0	845.0	tailspike depolymerase	907.0	tailspike depolymerase	Same	0.25	0.23	0.23	Nterminal sharing
CONT_015_KL53_PROTEIN_6	LIT_118_KL14_PROTEIN_25	66.321	193	65	0	1	193	1	193	1.0400000000000001e-70	246.0	845.0	tailspike depolymerase	941.0	tailspike depolymerase	Same	0.23	0.21	0.21	Nterminal sharing
CONT_015_KL53_PROTEIN_6	REC_034_KL62_PROTEIN_30	59.633	218	80	2	1	218	1	210	1.39e-70	241.0	845.0	tailspike depolymerase	692.0	tailspike depolymerase	Same	0.26	0.32	0.26	Nterminal sharing
CONT_015_KL53_PROTEIN_6	LIT_113_KL46_PROTEIN_23	66.667	201	60	2	1	194	1	201	3.61e-70	244.0	845.0	tailspike depolymerase	927.0	tailspike depolymerase with fiber-like elements	Different	0.24	0.22	0.22	Nterminal sharing
CONT_015_KL53_PROTEIN_6	LIT_018_KL28_PROTEIN_7	61.137	211	77	1	1	206	1	211	6.19e-70	241.0	845.0	tailspike depolymerase	742.0	tailspike depolymerase	Same	0.25	0.28	0.25	Nterminal sharing
CONT_015_KL53_PROTEIN_6	REC_027_KL5_PROTEIN_35	63.492	189	69	0	1	189	1	189	5.949999999999999e-67	234.0	845.0	tailspike depolymerase	857.0	tailspike depolymerase	Same	0.22	0.22	0.22	Nterminal sharing
CONT_015_KL53_PROTEIN_6	LIT_116_KL31KL37_PROTEIN_25	66.486	185	49	2	1	173	1	184	3.16e-65	230.0	845.0	tailspike depolymerase	892.0	L-shaped tail fiber-like	Different	0.22	0.21	0.21	Nterminal sharing
CONT_015_KL53_PROTEIN_6	LIT_108_KL11KL28KL33_PROTEIN_25	66.486	185	49	2	1	173	1	184	3.16e-65	230.0	845.0	tailspike depolymerase	892.0	L-shaped tail fiber-like	Different	0.22	0.21	0.21	Nterminal sharing
CONT_015_KL53_PROTEIN_6	LIT_119_Kn_PROTEIN_25	53.6	250	87	6	1	232	1	239	5.62e-62	220.0	845.0	tailspike depolymerase	894.0	L-shaped tail fiber-like	Different	0.3	0.28	0.28	Nterminal sharing
CONT_015_KL53_PROTEIN_6	LIT_117_Kn_PROTEIN_25	61.809	199	59	4	1	188	1	193	1.2900000000000001e-59	213.0	845.0	tailspike depolymerase	892.0	L-shaped tail fiber-like	Different	0.24	0.22	0.22	Nterminal sharing
CONT_015_KL53_PROTEIN_6	LIT_120_KL28KL69_PROTEIN_24	80.62	129	25	0	1	129	1	129	8.670000000000001e-59	212.0	845.0	tailspike depolymerase	973.0	L-shaped tail fiber-like	Different	0.15	0.13	0.13	Nterminal sharing
CONT_015_KL53_PROTEIN_6	LIT_115_Kn_PROTEIN_25	79.845	129	26	0	1	129	1	129	1.26e-58	211.0	845.0	tailspike depolymerase	973.0	L-shaped tail fiber-like	Different	0.15	0.13	0.13	Nterminal sharing
CONT_015_KL53_PROTEIN_6	LIT_103_KL28KL69_PROTEIN_24	53.043	230	86	4	1	222	1	216	1.0800000000000001e-57	207.0	845.0	tailspike depolymerase	894.0	L-shaped tail fiber-like	Different	0.27	0.26	0.26	Nterminal sharing
CONT_015_KL53_PROTEIN_6	LIT_123_KL43KL50KL69_PROTEIN_28	52.0	175	67	1	1	158	1	175	2.06e-46	174.0	845.0	tailspike depolymerase	1314.0	L-shaped tail fiber-like	Different	0.21	0.13	0.13	Nterminal sharing
CONT_016_KL54_PROTEIN_42	LIT_044_KN2_PROTEIN_8	60.526	152	56	1	1	148	1	152	3.4100000000000004e-56	197.0	502.0	HRP29 tail-like variant 1	1243.0	tailspike depolymerase with fiber-like elements	Different	0.3	0.12	0.12	Nterminal sharing
CONT_016_KL54_PROTEIN_42	LIT_003_KL20_PROTEIN_9	61.429	140	54	0	1	140	1	140	1.32e-54	191.0	502.0	HRP29 tail-like variant 1	827.0	tailspike depolymerase	Different	0.28	0.17	0.17	Nterminal sharing
CONT_016_KL54_PROTEIN_42	LIT_067_KL40_PROTEIN_56	60.135	148	59	0	1	148	1	148	9.919999999999999e-54	189.0	502.0	HRP29 tail-like variant 1	931.0	tailspike depolymerase	Different	0.29	0.16	0.16	Nterminal sharing
CONT_016_KL54_PROTEIN_42	LIT_068_KL15_PROTEIN_53	55.556	153	65	1	1	153	1	150	4.2999999999999996e-52	182.0	502.0	HRP29 tail-like variant 1	681.0	RaK2 gp526-like	Different	0.3	0.22	0.22	Nterminal sharing
CONT_016_KL54_PROTEIN_42	LIT_066_KL72_PROTEIN_53	59.286	140	57	0	1	140	1	140	6.39e-45	163.0	502.0	HRP29 tail-like variant 1	724.0	HRP29 tail-like variant 2	Different	0.28	0.19	0.19	Nterminal sharing
CONT_016_KL54_PROTEIN_42	LIT_062_KL71_PROTEIN_55	57.042	142	61	0	1	142	1	142	3.05e-43	159.0	502.0	HRP29 tail-like variant 1	834.0	tailspike depolymerase	Different	0.28	0.17	0.17	Nterminal sharing
LIT_003_KL20_PROTEIN_9	LIT_068_KL15_PROTEIN_53	56.951	223	88	2	1	219	1	219	2.9700000000000005e-73	248.0	827.0	tailspike depolymerase	681.0	RaK2 gp526-like	Different	0.27	0.33	0.27	Nterminal sharing
LIT_003_KL20_PROTEIN_9	REC_007_KL13KL2_PROTEIN_46	70.807	161	40	1	1	154	1	161	7.86e-71	239.0	827.0	tailspike depolymerase	602.0	HRP29 tail-like variant 1	Different	0.19	0.27	0.19	Nterminal sharing
LIT_003_KL20_PROTEIN_9	LIT_031_KL47_PROTEIN_46	68.944	161	43	1	1	154	1	161	8.11e-70	235.0	827.0	tailspike depolymerase	530.0	HRP29 tail-like variant 1	Different	0.19	0.3	0.19	Nterminal sharing
LIT_003_KL20_PROTEIN_9	LIT_044_KN2_PROTEIN_8	56.561	221	75	2	1	200	1	221	3.51e-68	241.0	827.0	tailspike depolymerase	1243.0	tailspike depolymerase with fiber-like elements	Different	0.27	0.18	0.18	Nterminal sharing
LIT_003_KL20_PROTEIN_9	LIT_040_KL22_PROTEIN_48	61.421	197	56	2	1	179	1	195	5.799999999999999e-68	236.0	827.0	tailspike depolymerase	791.0	tailspike depolymerase	Same	0.24	0.25	0.24	Nterminal sharing
LIT_003_KL20_PROTEIN_9	LIT_012_KL22KL37_PROTEIN_19	69.753	162	38	1	1	162	1	151	7.479999999999999e-68	235.0	827.0	tailspike depolymerase	791.0	tailspike depolymerase	Same	0.2	0.2	0.2	Nterminal sharing
LIT_003_KL20_PROTEIN_9	LIT_061_KL25_PROTEIN_59	60.914	197	57	2	1	179	1	195	4.55e-67	233.0	827.0	tailspike depolymerase	793.0	tailspike depolymerase	Same	0.24	0.25	0.24	Nterminal sharing
LIT_003_KL20_PROTEIN_9	LIT_007_KL61KL126_PROTEIN_49	60.914	197	57	2	1	179	1	195	8.95e-67	233.0	827.0	tailspike depolymerase	798.0	tailspike depolymerase	Same	0.24	0.25	0.24	Nterminal sharing
LIT_003_KL20_PROTEIN_9	LIT_005_KL2KL13_PROTEIN_13	69.753	162	38	1	1	162	1	151	1.7e-66	233.0	827.0	tailspike depolymerase	848.0	tailspike depolymerase	Same	0.2	0.19	0.19	Nterminal sharing
LIT_003_KL20_PROTEIN_9	REC_008_KL13KL2_PROTEIN_49	60.406	197	58	2	1	179	1	195	1.94e-66	231.0	827.0	tailspike depolymerase	791.0	tailspike depolymerase	Same	0.24	0.25	0.24	Nterminal sharing
LIT_003_KL20_PROTEIN_9	LIT_064_KL36KL39_PROTEIN_55	60.406	197	58	2	1	179	1	195	2.14e-66	231.0	827.0	tailspike depolymerase	791.0	tailspike depolymerase	Same	0.24	0.25	0.24	Nterminal sharing
LIT_003_KL20_PROTEIN_9	LIT_006_KL126_PROTEIN_41	69.136	162	39	1	1	162	1	151	6.550000000000001e-66	231.0	827.0	tailspike depolymerase	848.0	tailspike depolymerase	Same	0.2	0.19	0.19	Nterminal sharing
LIT_003_KL20_PROTEIN_9	LIT_010_KL22KL37_PROTEIN_49	69.136	162	39	1	1	162	1	151	1.25e-65	229.0	827.0	tailspike depolymerase	780.0	tailspike depolymerase	Same	0.2	0.21	0.2	Nterminal sharing
LIT_003_KL20_PROTEIN_9	LIT_033_KL22_PROTEIN_48	68.519	162	40	1	1	162	1	151	1.33e-65	228.0	827.0	tailspike depolymerase	744.0	tailspike depolymerase	Same	0.2	0.22	0.2	Nterminal sharing
LIT_003_KL20_PROTEIN_9	LIT_039_KL22_PROTEIN_49	68.519	162	40	1	1	162	1	151	1.96e-65	228.0	827.0	tailspike depolymerase	780.0	tailspike depolymerase	Same	0.2	0.21	0.2	Nterminal sharing
LIT_003_KL20_PROTEIN_9	LIT_013_KL22KL37_PROTEIN_9	68.519	162	40	1	1	162	1	151	2.08e-65	228.0	827.0	tailspike depolymerase	780.0	tailspike depolymerase	Same	0.2	0.21	0.2	Nterminal sharing
LIT_003_KL20_PROTEIN_9	LIT_011_KL22KL37_PROTEIN_46	68.519	162	40	1	1	162	1	151	2.18e-65	228.0	827.0	tailspike depolymerase	780.0	tailspike depolymerase	Same	0.2	0.21	0.2	Nterminal sharing
LIT_003_KL20_PROTEIN_9	LIT_008_KL22KL37_PROTEIN_14	68.519	162	40	1	1	162	1	151	2.4500000000000002e-65	228.0	827.0	tailspike depolymerase	780.0	tailspike depolymerase	Same	0.2	0.21	0.2	Nterminal sharing
LIT_003_KL20_PROTEIN_9	LIT_065_KL66_PROTEIN_60	67.262	168	48	1	1	161	1	168	3.24e-65	228.0	827.0	tailspike depolymerase	779.0	tailspike depolymerase	Same	0.2	0.22	0.2	Nterminal sharing
LIT_003_KL20_PROTEIN_9	LIT_038_KL22_PROTEIN_51	68.519	162	40	1	1	162	1	151	3.26e-65	228.0	827.0	tailspike depolymerase	780.0	tailspike depolymerase	Same	0.2	0.21	0.2	Nterminal sharing
LIT_003_KL20_PROTEIN_9	LIT_034_KL22_PROTEIN_51	68.519	162	40	1	1	162	1	151	4.28e-65	227.0	827.0	tailspike depolymerase	744.0	tailspike depolymerase	Same	0.2	0.22	0.2	Nterminal sharing
LIT_003_KL20_PROTEIN_9	REC_015_KL2_PROTEIN_46	66.258	163	44	1	1	163	1	152	7.87e-65	221.0	827.0	tailspike depolymerase	541.0	HRP29 tail-like variant 1	Different	0.2	0.3	0.2	Nterminal sharing
LIT_003_KL20_PROTEIN_9	LIT_062_KL71_PROTEIN_55	63.317	199	61	4	1	198	1	188	1.2800000000000001e-64	227.0	827.0	tailspike depolymerase	834.0	tailspike depolymerase	Same	0.24	0.24	0.24	Nterminal sharing
LIT_003_KL20_PROTEIN_9	REC_005_KL1_PROTEIN_48	73.05	141	38	0	1	141	1	141	1.41e-64	221.0	827.0	tailspike depolymerase	541.0	HRP29 tail-like variant 1	Different	0.17	0.26	0.17	Nterminal sharing
LIT_003_KL20_PROTEIN_9	LIT_066_KL72_PROTEIN_53	62.814	199	62	4	1	198	1	188	4.78e-64	223.0	827.0	tailspike depolymerase	724.0	HRP29 tail-like variant 2	Different	0.24	0.27	0.24	Nterminal sharing
LIT_005_KL2KL13_PROTEIN_13	LIT_068_KL15_PROTEIN_53	82.716	162	17	1	1	151	1	162	1.67e-83	276.0	848.0	tailspike depolymerase	681.0	RaK2 gp526-like	Different	0.19	0.24	0.19	Nterminal sharing
LIT_005_KL2KL13_PROTEIN_13	LIT_044_KN2_PROTEIN_8	68.812	202	58	1	1	197	1	202	5.319999999999999e-82	282.0	848.0	tailspike depolymerase	1243.0	tailspike depolymerase with fiber-like elements	Different	0.24	0.16	0.16	Nterminal sharing
LIT_005_KL2KL13_PROTEIN_13	LIT_067_KL40_PROTEIN_56	82.581	155	27	0	1	155	1	155	1.97e-78	268.0	848.0	tailspike depolymerase	931.0	tailspike depolymerase	Same	0.18	0.17	0.17	Nterminal sharing
LIT_005_KL2KL13_PROTEIN_13	LIT_062_KL71_PROTEIN_55	74.566	173	44	0	1	173	1	173	9.92e-70	242.0	848.0	tailspike depolymerase	834.0	tailspike depolymerase	Same	0.2	0.21	0.2	Nterminal sharing
LIT_005_KL2KL13_PROTEIN_13	LIT_066_KL72_PROTEIN_53	80.645	155	30	0	1	155	1	155	4.54e-68	235.0	848.0	tailspike depolymerase	724.0	HRP29 tail-like variant 2	Different	0.18	0.21	0.18	Nterminal sharing
LIT_006_KL126_PROTEIN_41	LIT_068_KL15_PROTEIN_53	82.099	162	18	1	1	151	1	162	6.98e-83	275.0	848.0	tailspike depolymerase	681.0	RaK2 gp526-like	Different	0.19	0.24	0.19	Nterminal sharing
LIT_006_KL126_PROTEIN_41	LIT_044_KN2_PROTEIN_8	68.812	202	58	1	1	197	1	202	5.69e-82	282.0	848.0	tailspike depolymerase	1243.0	tailspike depolymerase with fiber-like elements	Different	0.24	0.16	0.16	Nterminal sharing
LIT_006_KL126_PROTEIN_41	LIT_067_KL40_PROTEIN_56	81.935	155	28	0	1	155	1	155	6.39e-78	266.0	848.0	tailspike depolymerase	931.0	tailspike depolymerase	Same	0.18	0.17	0.17	Nterminal sharing
LIT_006_KL126_PROTEIN_41	LIT_062_KL71_PROTEIN_55	80.645	155	30	0	1	155	1	155	6.12e-69	239.0	848.0	tailspike depolymerase	834.0	tailspike depolymerase	Same	0.18	0.19	0.18	Nterminal sharing
LIT_006_KL126_PROTEIN_41	LIT_066_KL72_PROTEIN_53	80.0	155	31	0	1	155	1	155	1.74e-67	233.0	848.0	tailspike depolymerase	724.0	HRP29 tail-like variant 2	Different	0.18	0.21	0.18	Nterminal sharing
LIT_007_KL61KL126_PROTEIN_49	LIT_068_KL15_PROTEIN_53	82.099	162	18	1	1	151	1	162	1.21e-83	276.0	798.0	tailspike depolymerase	681.0	RaK2 gp526-like	Different	0.2	0.24	0.2	Nterminal sharing
LIT_007_KL61KL126_PROTEIN_49	LIT_044_KN2_PROTEIN_8	68.812	202	58	1	1	197	1	202	6.93e-83	283.0	798.0	tailspike depolymerase	1243.0	tailspike depolymerase with fiber-like elements	Different	0.25	0.16	0.16	Nterminal sharing
LIT_007_KL61KL126_PROTEIN_49	LIT_067_KL40_PROTEIN_56	81.935	155	28	0	1	155	1	155	1.21e-78	267.0	798.0	tailspike depolymerase	931.0	tailspike depolymerase	Same	0.19	0.17	0.17	Nterminal sharing
LIT_007_KL61KL126_PROTEIN_49	LIT_062_KL71_PROTEIN_55	73.988	173	45	0	1	173	1	173	1.29e-69	241.0	798.0	tailspike depolymerase	834.0	tailspike depolymerase	Same	0.22	0.21	0.21	Nterminal sharing
LIT_007_KL61KL126_PROTEIN_49	LIT_066_KL72_PROTEIN_53	80.0	155	31	0	1	155	1	155	4.9299999999999994e-68	234.0	798.0	tailspike depolymerase	724.0	HRP29 tail-like variant 2	Different	0.19	0.21	0.19	Nterminal sharing
LIT_008_KL22KL37_PROTEIN_14	REC_007_KL13KL2_PROTEIN_46	73.494	249	65	1	1	248	1	249	4.41e-126	385.0	780.0	tailspike depolymerase	602.0	HRP29 tail-like variant 1	Different	0.32	0.41	0.32	Nterminal sharing
LIT_008_KL22KL37_PROTEIN_14	LIT_031_KL47_PROTEIN_46	69.076	249	76	1	1	248	1	249	3.3499999999999996e-119	365.0	780.0	tailspike depolymerase	530.0	HRP29 tail-like variant 1	Different	0.32	0.47	0.32	Nterminal sharing
LIT_008_KL22KL37_PROTEIN_14	LIT_068_KL15_PROTEIN_53	77.381	168	31	1	1	168	1	161	2.16e-81	269.0	780.0	tailspike depolymerase	681.0	RaK2 gp526-like	Different	0.22	0.25	0.22	Nterminal sharing
LIT_008_KL22KL37_PROTEIN_14	LIT_044_KN2_PROTEIN_8	82.051	156	28	0	1	156	1	156	5.33e-78	269.0	780.0	tailspike depolymerase	1243.0	tailspike depolymerase with fiber-like elements	Different	0.2	0.13	0.13	Nterminal sharing
LIT_008_KL22KL37_PROTEIN_14	LIT_067_KL40_PROTEIN_56	81.046	153	29	0	1	153	1	153	5.7e-77	262.0	780.0	tailspike depolymerase	931.0	tailspike depolymerase	Same	0.2	0.16	0.16	Nterminal sharing
LIT_008_KL22KL37_PROTEIN_14	LIT_062_KL71_PROTEIN_55	78.71	155	33	0	1	155	1	155	2.7399999999999998e-67	234.0	780.0	tailspike depolymerase	834.0	tailspike depolymerase	Same	0.2	0.19	0.19	Nterminal sharing
LIT_008_KL22KL37_PROTEIN_14	LIT_066_KL72_PROTEIN_53	79.355	155	32	0	1	155	1	155	4.23e-67	231.0	780.0	tailspike depolymerase	724.0	HRP29 tail-like variant 2	Different	0.2	0.21	0.2	Nterminal sharing
LIT_010_KL22KL37_PROTEIN_49	REC_007_KL13KL2_PROTEIN_46	72.289	249	68	1	1	248	1	249	7.5000000000000004e-124	379.0	780.0	tailspike depolymerase	602.0	HRP29 tail-like variant 1	Different	0.32	0.41	0.32	Nterminal sharing
LIT_010_KL22KL37_PROTEIN_49	LIT_031_KL47_PROTEIN_46	68.273	249	78	1	1	248	1	249	1.73e-117	360.0	780.0	tailspike depolymerase	530.0	HRP29 tail-like variant 1	Different	0.32	0.47	0.32	Nterminal sharing
LIT_010_KL22KL37_PROTEIN_49	LIT_068_KL15_PROTEIN_53	75.595	168	34	1	1	168	1	161	4.69e-79	263.0	780.0	tailspike depolymerase	681.0	RaK2 gp526-like	Different	0.22	0.25	0.22	Nterminal sharing
LIT_010_KL22KL37_PROTEIN_49	LIT_067_KL40_PROTEIN_56	80.392	153	30	0	1	153	1	153	1.02e-76	261.0	780.0	tailspike depolymerase	931.0	tailspike depolymerase	Same	0.2	0.16	0.16	Nterminal sharing
LIT_010_KL22KL37_PROTEIN_49	LIT_044_KN2_PROTEIN_8	80.769	156	30	0	1	156	1	156	1.43e-76	265.0	780.0	tailspike depolymerase	1243.0	tailspike depolymerase with fiber-like elements	Different	0.2	0.13	0.13	Nterminal sharing
LIT_010_KL22KL37_PROTEIN_49	LIT_062_KL71_PROTEIN_55	77.419	155	35	0	1	155	1	155	1.08e-65	229.0	780.0	tailspike depolymerase	834.0	tailspike depolymerase	Same	0.2	0.19	0.19	Nterminal sharing
LIT_010_KL22KL37_PROTEIN_49	LIT_066_KL72_PROTEIN_53	78.065	155	34	0	1	155	1	155	1.25e-65	227.0	780.0	tailspike depolymerase	724.0	HRP29 tail-like variant 2	Different	0.2	0.21	0.2	Nterminal sharing
LIT_011_KL22KL37_PROTEIN_46	REC_007_KL13KL2_PROTEIN_46	73.494	249	65	1	1	248	1	249	5.8199999999999994e-126	385.0	780.0	tailspike depolymerase	602.0	HRP29 tail-like variant 1	Different	0.32	0.41	0.32	Nterminal sharing
LIT_011_KL22KL37_PROTEIN_46	LIT_031_KL47_PROTEIN_46	69.076	249	76	1	1	248	1	249	3.18e-119	365.0	780.0	tailspike depolymerase	530.0	HRP29 tail-like variant 1	Different	0.32	0.47	0.32	Nterminal sharing
LIT_011_KL22KL37_PROTEIN_46	LIT_068_KL15_PROTEIN_53	77.381	168	31	1	1	168	1	161	2.25e-81	269.0	780.0	tailspike depolymerase	681.0	RaK2 gp526-like	Different	0.22	0.25	0.22	Nterminal sharing
LIT_011_KL22KL37_PROTEIN_46	LIT_044_KN2_PROTEIN_8	82.051	156	28	0	1	156	1	156	5.44e-78	268.0	780.0	tailspike depolymerase	1243.0	tailspike depolymerase with fiber-like elements	Different	0.2	0.13	0.13	Nterminal sharing
LIT_011_KL22KL37_PROTEIN_46	LIT_067_KL40_PROTEIN_56	81.046	153	29	0	1	153	1	153	5.32e-77	262.0	780.0	tailspike depolymerase	931.0	tailspike depolymerase	Same	0.2	0.16	0.16	Nterminal sharing
LIT_011_KL22KL37_PROTEIN_46	LIT_062_KL71_PROTEIN_55	78.71	155	33	0	1	155	1	155	3.0799999999999996e-67	233.0	780.0	tailspike depolymerase	834.0	tailspike depolymerase	Same	0.2	0.19	0.19	Nterminal sharing
LIT_011_KL22KL37_PROTEIN_46	LIT_066_KL72_PROTEIN_53	79.355	155	32	0	1	155	1	155	4.23e-67	231.0	780.0	tailspike depolymerase	724.0	HRP29 tail-like variant 2	Different	0.2	0.21	0.2	Nterminal sharing
LIT_012_KL22KL37_PROTEIN_19	LIT_068_KL15_PROTEIN_53	81.481	162	19	1	1	151	1	162	5.84e-84	276.0	791.0	tailspike depolymerase	681.0	RaK2 gp526-like	Different	0.2	0.24	0.2	Nterminal sharing
LIT_012_KL22KL37_PROTEIN_19	LIT_044_KN2_PROTEIN_8	73.262	187	45	1	1	182	1	187	5.0499999999999996e-82	280.0	791.0	tailspike depolymerase	1243.0	tailspike depolymerase with fiber-like elements	Different	0.24	0.15	0.15	Nterminal sharing
LIT_012_KL22KL37_PROTEIN_19	LIT_067_KL40_PROTEIN_56	82.353	153	27	0	1	153	1	153	6.380000000000001e-79	268.0	791.0	tailspike depolymerase	931.0	tailspike depolymerase	Same	0.19	0.16	0.16	Nterminal sharing
LIT_012_KL22KL37_PROTEIN_19	LIT_062_KL71_PROTEIN_55	81.29	155	29	0	1	155	1	155	4.44e-72	247.0	791.0	tailspike depolymerase	834.0	tailspike depolymerase	Same	0.2	0.19	0.19	Nterminal sharing
LIT_012_KL22KL37_PROTEIN_19	LIT_066_KL72_PROTEIN_53	80.645	155	30	0	1	155	1	155	1.62e-70	241.0	791.0	tailspike depolymerase	724.0	HRP29 tail-like variant 2	Different	0.2	0.21	0.2	Nterminal sharing
LIT_013_KL22KL37_PROTEIN_9	REC_007_KL13KL2_PROTEIN_46	73.494	249	65	1	1	248	1	249	4.36e-126	385.0	780.0	tailspike depolymerase	602.0	HRP29 tail-like variant 1	Different	0.32	0.41	0.32	Nterminal sharing
LIT_013_KL22KL37_PROTEIN_9	LIT_031_KL47_PROTEIN_46	69.076	249	76	1	1	248	1	249	2.98e-119	365.0	780.0	tailspike depolymerase	530.0	HRP29 tail-like variant 1	Different	0.32	0.47	0.32	Nterminal sharing
LIT_013_KL22KL37_PROTEIN_9	LIT_068_KL15_PROTEIN_53	77.381	168	31	1	1	168	1	161	1.74e-81	270.0	780.0	tailspike depolymerase	681.0	RaK2 gp526-like	Different	0.22	0.25	0.22	Nterminal sharing
LIT_013_KL22KL37_PROTEIN_9	LIT_044_KN2_PROTEIN_8	82.051	156	28	0	1	156	1	156	7.18e-78	268.0	780.0	tailspike depolymerase	1243.0	tailspike depolymerase with fiber-like elements	Different	0.2	0.13	0.13	Nterminal sharing
LIT_013_KL22KL37_PROTEIN_9	LIT_067_KL40_PROTEIN_56	81.046	153	29	0	1	153	1	153	5.01e-77	263.0	780.0	tailspike depolymerase	931.0	tailspike depolymerase	Same	0.2	0.16	0.16	Nterminal sharing
LIT_013_KL22KL37_PROTEIN_9	LIT_062_KL71_PROTEIN_55	78.71	155	33	0	1	155	1	155	2.51e-67	234.0	780.0	tailspike depolymerase	834.0	tailspike depolymerase	Same	0.2	0.19	0.19	Nterminal sharing
LIT_013_KL22KL37_PROTEIN_9	LIT_066_KL72_PROTEIN_53	79.355	155	32	0	1	155	1	155	3.5e-67	231.0	780.0	tailspike depolymerase	724.0	HRP29 tail-like variant 2	Different	0.2	0.21	0.2	Nterminal sharing
LIT_014_KL30_PROTEIN_21	REC_044_KN4_PROTEIN_47	67.839	199	53	1	1	199	1	188	5.89e-77	261.0	792.0	tailspike depolymerase with fiber-like elements	850.0	tailspike depolymerase	Different	0.25	0.23	0.23	Nterminal sharing
LIT_014_KL30_PROTEIN_21	LIT_090_KL27_PROTEIN_48	70.787	178	51	1	1	177	1	178	4.71e-69	243.0	792.0	tailspike depolymerase with fiber-like elements	1242.0	tailspike depolymerase with fiber-like elements	Same	0.22	0.14	0.14	Nterminal sharing
LIT_014_KL30_PROTEIN_21	REC_042_KN1_PROTEIN_43	69.481	154	47	0	1	154	1	154	4.07e-62	219.0	792.0	tailspike depolymerase with fiber-like elements	820.0	tailspike depolymerase with fiber-like elements	Same	0.19	0.19	0.19	Nterminal sharing
LIT_014_KL30_PROTEIN_21	REC_041_KN1_PROTEIN_43	68.182	154	49	0	1	154	1	154	6.01e-61	216.0	792.0	tailspike depolymerase with fiber-like elements	819.0	tailspike depolymerase with fiber-like elements	Same	0.19	0.19	0.19	Nterminal sharing
LIT_014_KL30_PROTEIN_21	REC_037_KL64_PROTEIN_43	64.103	156	56	0	1	156	1	156	1.04e-55	202.0	792.0	tailspike depolymerase with fiber-like elements	1017.0	tailspike depolymerase	Different	0.2	0.15	0.15	Nterminal sharing
LIT_014_KL30_PROTEIN_21	REC_038_KL64_PROTEIN_43	63.462	156	57	0	1	156	1	156	3.77e-55	200.0	792.0	tailspike depolymerase with fiber-like elements	1017.0	tailspike depolymerase	Different	0.2	0.15	0.15	Nterminal sharing
LIT_014_KL30_PROTEIN_21	LIT_078_KL30KL35KL36_PROTEIN_48	65.487	113	37	2	1	111	1	113	1.67e-40	155.0	792.0	tailspike depolymerase with fiber-like elements	856.0	tailspike depolymerase with fiber-like elements	Same	0.14	0.13	0.13	Nterminal sharing
LIT_014_KL30_PROTEIN_22	REC_022_KL30KL69_PROTEIN_43	90.909	33	3	0	1	33	1	33	1.49e-13	67.8	522.0	putative esterase containing tailspike	685.0	tailspike depolymerase	Different	0.06	0.05	0.05	Nterminal sharing
LIT_014_KL30_PROTEIN_22	LIT_087_KL82_PROTEIN_45	73.684	38	10	0	1	38	1	38	1.04e-11	62.0	522.0	putative esterase containing tailspike	638.0	tailspike depolymerase	Different	0.07	0.06	0.06	Nterminal sharing
LIT_014_KL30_PROTEIN_22	LIT_085_KL56_PROTEIN_48	81.25	32	6	0	1	32	1	32	1.97e-11	61.2	522.0	putative esterase containing tailspike	678.0	tailspike depolymerase	Different	0.06	0.05	0.05	Nterminal sharing
LIT_014_KL30_PROTEIN_22	REC_030_KL56KN3_PROTEIN_42	75.0	32	8	0	1	32	1	32	3.5e-10	57.0	522.0	putative esterase containing tailspike	678.0	tailspike depolymerase	Different	0.06	0.05	0.05	Nterminal sharing
LIT_014_KL30_PROTEIN_22	REC_019_KL21KL3_PROTEIN_44	71.429	35	10	0	4	38	3	37	9.85e-10	55.5	522.0	putative esterase containing tailspike	576.0	tailspike depolymerase	Different	0.07	0.06	0.06	Nterminal sharing
LIT_014_KL30_PROTEIN_22	REC_026_KL5KL8_PROTEIN_41	80.0	30	6	0	4	33	3	32	1.49e-09	55.1	522.0	putative esterase containing tailspike	684.0	tailspike depolymerase	Different	0.06	0.04	0.04	Nterminal sharing
LIT_014_KL30_PROTEIN_22	REC_018_KL21_PROTEIN_42	69.697	33	10	0	6	38	4	36	1.11e-08	52.4	522.0	putative esterase containing tailspike	575.0	tailspike depolymerase	Different	0.06	0.06	0.06	Nterminal sharing
LIT_015_KL61_PROTEIN_44	REC_044_KN4_PROTEIN_47	82.468	154	27	0	1	154	1	154	3.79e-75	258.0	875.0	tailspike depolymerase	850.0	tailspike depolymerase	Same	0.18	0.18	0.18	Nterminal sharing
LIT_015_KL61_PROTEIN_44	LIT_090_KL27_PROTEIN_48	72.414	174	46	2	1	172	1	174	5.539999999999999e-68	241.0	875.0	tailspike depolymerase	1242.0	tailspike depolymerase with fiber-like elements	Different	0.2	0.14	0.14	Nterminal sharing
LIT_015_KL61_PROTEIN_44	REC_041_KN1_PROTEIN_43	70.13	154	46	0	1	154	1	154	1.22e-61	219.0	875.0	tailspike depolymerase	819.0	tailspike depolymerase with fiber-like elements	Different	0.18	0.19	0.18	Nterminal sharing
LIT_015_KL61_PROTEIN_44	REC_042_KN1_PROTEIN_43	70.13	154	46	0	1	154	1	154	1.3199999999999998e-61	219.0	875.0	tailspike depolymerase	820.0	tailspike depolymerase with fiber-like elements	Different	0.18	0.19	0.18	Nterminal sharing
LIT_015_KL61_PROTEIN_44	LIT_078_KL30KL35KL36_PROTEIN_48	66.379	116	37	2	1	114	1	116	3.2e-41	157.0	875.0	tailspike depolymerase	856.0	tailspike depolymerase with fiber-like elements	Different	0.13	0.14	0.13	Nterminal sharing
LIT_015_KL61_PROTEIN_45	LIT_080_KL11KL57_PROTEIN_47	54.286	70	31	1	1	70	1	69	1.24e-13	68.2	546.0	tailspike depolymerase	570.0	tailspike depolymerase	Same	0.13	0.12	0.12	Nterminal sharing
LIT_015_KL61_PROTEIN_45	LIT_041_KL1KL2KL57_PROTEIN_46	77.143	35	6	1	1	35	1	33	5.49e-10	56.6	546.0	tailspike depolymerase	560.0	tailspike depolymerase	Same	0.06	0.06	0.06	Nterminal sharing
LIT_015_KL61_PROTEIN_45	LIT_085_KL56_PROTEIN_48	71.053	38	11	0	1	38	2	39	5.58e-10	56.6	546.0	tailspike depolymerase	678.0	tailspike depolymerase	Same	0.07	0.06	0.06	Nterminal sharing
LIT_015_KL61_PROTEIN_45	LIT_079_KL74_PROTEIN_52	71.429	35	10	0	1	35	1	35	6.29e-10	56.2	546.0	tailspike depolymerase	521.0	tailspike depolymerase	Same	0.06	0.07	0.06	Nterminal sharing
LIT_015_KL61_PROTEIN_45	REC_023_KL47_PROTEIN_43	78.788	33	7	0	1	33	1	33	1.99e-09	54.7	546.0	tailspike depolymerase	641.0	tailspike depolymerase	Same	0.06	0.05	0.05	Nterminal sharing
LIT_015_KL61_PROTEIN_45	REC_025_KL47_PROTEIN_45	78.788	33	7	0	1	33	1	33	2.07e-09	54.7	546.0	tailspike depolymerase	641.0	tailspike depolymerase	Same	0.06	0.05	0.05	Nterminal sharing
LIT_015_KL61_PROTEIN_45	REC_024_KL47_PROTEIN_44	78.788	33	7	0	1	33	1	33	2.07e-09	54.7	546.0	tailspike depolymerase	641.0	tailspike depolymerase	Same	0.06	0.05	0.05	Nterminal sharing
LIT_015_KL61_PROTEIN_45	LIT_042_KL1KL2KL57_PROTEIN_46	70.588	34	10	0	1	34	1	34	7.45e-08	49.7	546.0	tailspike depolymerase	511.0	GDSL-like lipase containing tailspike	Different	0.06	0.07	0.06	Nterminal sharing
LIT_016_KL61_PROTEIN_41	REC_044_KN4_PROTEIN_47	83.117	154	26	0	1	154	1	154	1.06e-74	258.0	984.0	tailspike depolymerase	850.0	tailspike depolymerase	Same	0.16	0.18	0.16	Nterminal sharing
LIT_016_KL61_PROTEIN_41	LIT_090_KL27_PROTEIN_48	69.101	178	54	1	1	177	1	178	2.14e-65	235.0	984.0	tailspike depolymerase	1242.0	tailspike depolymerase with fiber-like elements	Different	0.18	0.14	0.14	Nterminal sharing
LIT_016_KL61_PROTEIN_41	REC_042_KN1_PROTEIN_43	68.831	154	48	0	1	154	1	154	1.56e-59	214.0	984.0	tailspike depolymerase	820.0	tailspike depolymerase with fiber-like elements	Different	0.16	0.19	0.16	Nterminal sharing
LIT_016_KL61_PROTEIN_41	REC_041_KN1_PROTEIN_43	68.182	154	49	0	1	154	1	154	5.01e-59	212.0	984.0	tailspike depolymerase	819.0	tailspike depolymerase with fiber-like elements	Different	0.16	0.19	0.16	Nterminal sharing
LIT_016_KL61_PROTEIN_41	LIT_078_KL30KL35KL36_PROTEIN_48	66.372	113	36	2	1	111	1	113	1.1199999999999999e-40	156.0	984.0	tailspike depolymerase	856.0	tailspike depolymerase with fiber-like elements	Different	0.11	0.13	0.11	Nterminal sharing
LIT_016_KL61_PROTEIN_42	LIT_080_KL11KL57_PROTEIN_47	50.0	68	33	1	4	71	3	69	1.95e-11	61.2	547.0	tailspike depolymerase	570.0	tailspike depolymerase	Same	0.12	0.12	0.12	Nterminal sharing
LIT_016_KL61_PROTEIN_42	LIT_041_KL1KL2KL57_PROTEIN_46	78.788	33	5	1	4	36	3	33	1.77e-08	51.6	547.0	tailspike depolymerase	560.0	tailspike depolymerase	Same	0.06	0.06	0.06	Nterminal sharing
LIT_016_KL61_PROTEIN_42	REC_018_KL21_PROTEIN_42	50.0	56	20	2	6	61	4	51	2.53e-08	51.2	547.0	tailspike depolymerase	575.0	tailspike depolymerase	Same	0.1	0.1	0.1	Nterminal sharing
LIT_016_KL61_PROTEIN_42	REC_023_KL47_PROTEIN_43	74.194	31	8	0	4	34	3	33	1.42e-07	48.9	547.0	tailspike depolymerase	641.0	tailspike depolymerase	Same	0.06	0.05	0.05	Nterminal sharing
LIT_016_KL61_PROTEIN_42	REC_024_KL47_PROTEIN_44	74.194	31	8	0	4	34	3	33	1.44e-07	48.9	547.0	tailspike depolymerase	641.0	tailspike depolymerase	Same	0.06	0.05	0.05	Nterminal sharing
LIT_016_KL61_PROTEIN_42	REC_025_KL47_PROTEIN_45	74.194	31	8	0	4	34	3	33	1.46e-07	48.9	547.0	tailspike depolymerase	641.0	tailspike depolymerase	Same	0.06	0.05	0.05	Nterminal sharing
LIT_016_KL61_PROTEIN_42	LIT_042_KL1KL2KL57_PROTEIN_46	68.75	32	10	0	4	35	3	34	2.39e-06	44.7	547.0	tailspike depolymerase	511.0	GDSL-like lipase containing tailspike	Different	0.06	0.06	0.06	Nterminal sharing
LIT_017_KL140_PROTEIN_44	LIT_130_KL17_PROTEIN_23	86.07	201	21	1	1	201	1	194	2.44e-96	311.0	793.0	tailspike depolymerase	729.0	tailspike depolymerase	Same	0.25	0.28	0.25	Nterminal sharing
LIT_017_KL140_PROTEIN_44	LIT_113_KL46_PROTEIN_23	87.065	201	26	0	1	201	1	201	4.1599999999999996e-95	312.0	793.0	tailspike depolymerase	927.0	tailspike depolymerase with fiber-like elements	Different	0.25	0.22	0.22	Nterminal sharing
LIT_017_KL140_PROTEIN_44	LIT_110_KL6KL7_PROTEIN_23	85.075	201	23	1	1	201	1	194	4.99e-94	308.0	793.0	tailspike depolymerase	870.0	tailspike depolymerase	Same	0.25	0.23	0.23	Nterminal sharing
LIT_017_KL140_PROTEIN_44	LIT_114_KL54_PROTEIN_23	85.075	201	23	1	1	201	1	194	2.34e-93	303.0	793.0	tailspike depolymerase	729.0	tailspike depolymerase	Same	0.25	0.28	0.25	Nterminal sharing
LIT_017_KL140_PROTEIN_44	LIT_106_KL38_PROTEIN_24	86.07	201	21	1	1	201	1	194	2.04e-92	309.0	793.0	tailspike depolymerase	1171.0	tailspike depolymerase with fiber-like elements	Different	0.25	0.17	0.17	Nterminal sharing
LIT_017_KL140_PROTEIN_44	REC_034_KL62_PROTEIN_30	85.0	200	16	1	1	200	1	186	9.72e-91	295.0	793.0	tailspike depolymerase	692.0	tailspike depolymerase	Same	0.25	0.29	0.25	Nterminal sharing
LIT_017_KL140_PROTEIN_44	LIT_118_KL14_PROTEIN_25	85.5	200	22	1	1	200	1	193	1.05e-88	295.0	793.0	tailspike depolymerase	941.0	tailspike depolymerase	Same	0.25	0.21	0.21	Nterminal sharing
LIT_017_KL140_PROTEIN_44	REC_027_KL5_PROTEIN_35	80.597	201	32	1	1	201	1	194	1.6e-86	288.0	793.0	tailspike depolymerase	857.0	tailspike depolymerase	Same	0.25	0.23	0.23	Nterminal sharing
LIT_017_KL140_PROTEIN_44	LIT_117_Kn_PROTEIN_25	85.326	184	27	0	1	184	1	184	5.18e-83	279.0	793.0	tailspike depolymerase	892.0	L-shaped tail fiber-like	Different	0.23	0.21	0.21	Nterminal sharing
LIT_017_KL140_PROTEIN_44	LIT_120_KL28KL69_PROTEIN_24	77.202	193	23	1	1	172	1	193	7.42e-81	274.0	793.0	tailspike depolymerase	973.0	L-shaped tail fiber-like	Different	0.24	0.2	0.2	Nterminal sharing
LIT_017_KL140_PROTEIN_44	LIT_115_Kn_PROTEIN_25	80.319	188	20	2	1	171	1	188	1.27e-80	273.0	793.0	tailspike depolymerase	973.0	L-shaped tail fiber-like	Different	0.24	0.19	0.19	Nterminal sharing
LIT_017_KL140_PROTEIN_44	LIT_103_KL28KL69_PROTEIN_24	81.522	184	34	0	1	184	1	184	1.71e-76	261.0	793.0	tailspike depolymerase	894.0	L-shaped tail fiber-like	Different	0.23	0.21	0.21	Nterminal sharing
LIT_017_KL140_PROTEIN_44	LIT_116_KL31KL37_PROTEIN_25	78.261	184	40	0	1	184	1	184	2.35e-74	254.0	793.0	tailspike depolymerase	892.0	L-shaped tail fiber-like	Different	0.23	0.21	0.21	Nterminal sharing
LIT_017_KL140_PROTEIN_44	LIT_108_KL11KL28KL33_PROTEIN_25	78.261	184	40	0	1	184	1	184	2.35e-74	254.0	793.0	tailspike depolymerase	892.0	L-shaped tail fiber-like	Different	0.23	0.21	0.21	Nterminal sharing
LIT_017_KL140_PROTEIN_44	LIT_123_KL43KL50KL69_PROTEIN_28	55.682	176	78	0	1	176	1	176	1.42e-53	196.0	793.0	tailspike depolymerase	1314.0	L-shaped tail fiber-like	Different	0.22	0.13	0.13	Nterminal sharing
LIT_018_KL28_PROTEIN_7	LIT_130_KL17_PROTEIN_23	84.536	194	30	0	1	194	1	194	8.939999999999999e-94	303.0	742.0	tailspike depolymerase	729.0	tailspike depolymerase	Same	0.26	0.27	0.26	Nterminal sharing
LIT_018_KL28_PROTEIN_7	LIT_107_KL64_PROTEIN_24	88.144	194	23	0	1	194	1	194	6.7199999999999995e-93	305.0	742.0	tailspike depolymerase	952.0	tailspike depolymerase	Same	0.26	0.2	0.2	Nterminal sharing
LIT_018_KL28_PROTEIN_7	LIT_114_KL54_PROTEIN_23	85.567	194	28	0	1	194	1	194	2.4099999999999998e-91	296.0	742.0	tailspike depolymerase	729.0	tailspike depolymerase	Same	0.26	0.27	0.26	Nterminal sharing
LIT_018_KL28_PROTEIN_7	LIT_110_KL6KL7_PROTEIN_23	85.052	194	29	0	1	194	1	194	9.219999999999999e-91	298.0	742.0	tailspike depolymerase	870.0	tailspike depolymerase	Same	0.26	0.22	0.22	Nterminal sharing
LIT_018_KL28_PROTEIN_7	LIT_106_KL38_PROTEIN_24	85.567	194	28	0	1	194	1	194	8.869999999999999e-90	300.0	742.0	tailspike depolymerase	1171.0	tailspike depolymerase with fiber-like elements	Different	0.26	0.17	0.17	Nterminal sharing
LIT_018_KL28_PROTEIN_7	REC_034_KL62_PROTEIN_30	86.528	193	19	1	1	193	1	186	7.03e-89	289.0	742.0	tailspike depolymerase	692.0	tailspike depolymerase	Same	0.26	0.28	0.26	Nterminal sharing
LIT_018_KL28_PROTEIN_7	LIT_118_KL14_PROTEIN_25	87.047	193	25	0	1	193	1	193	1.03e-88	294.0	742.0	tailspike depolymerase	941.0	tailspike depolymerase	Same	0.26	0.21	0.21	Nterminal sharing
LIT_018_KL28_PROTEIN_7	LIT_113_KL46_PROTEIN_23	78.281	221	38	3	1	214	1	218	1.65e-86	288.0	742.0	tailspike depolymerase	927.0	tailspike depolymerase with fiber-like elements	Different	0.3	0.24	0.24	Nterminal sharing
LIT_018_KL28_PROTEIN_7	REC_027_KL5_PROTEIN_35	80.952	189	36	0	1	189	1	189	9.26e-84	279.0	742.0	tailspike depolymerase	857.0	tailspike depolymerase	Same	0.25	0.22	0.22	Nterminal sharing
LIT_018_KL28_PROTEIN_7	LIT_115_Kn_PROTEIN_25	81.461	178	19	1	1	164	1	178	2.13e-79	269.0	742.0	tailspike depolymerase	973.0	L-shaped tail fiber-like	Different	0.24	0.18	0.18	Nterminal sharing
LIT_018_KL28_PROTEIN_7	LIT_120_KL28KL69_PROTEIN_24	82.979	188	25	1	1	188	1	181	5.81e-79	268.0	742.0	tailspike depolymerase	973.0	L-shaped tail fiber-like	Different	0.25	0.19	0.19	Nterminal sharing
LIT_018_KL28_PROTEIN_7	LIT_119_Kn_PROTEIN_25	85.556	180	19	1	1	173	1	180	1.46e-77	263.0	742.0	tailspike depolymerase	894.0	L-shaped tail fiber-like	Different	0.24	0.2	0.2	Nterminal sharing
LIT_018_KL28_PROTEIN_7	LIT_117_Kn_PROTEIN_25	85.0	180	20	1	1	173	1	180	2.18e-77	262.0	742.0	tailspike depolymerase	892.0	L-shaped tail fiber-like	Different	0.24	0.2	0.2	Nterminal sharing
LIT_018_KL28_PROTEIN_7	LIT_112_KL53_PROTEIN_24	64.679	218	65	2	1	211	1	213	2.31e-75	256.0	742.0	tailspike depolymerase	852.0	tailspike depolymerase	Same	0.29	0.26	0.26	Nterminal sharing
LIT_018_KL28_PROTEIN_7	LIT_103_KL28KL69_PROTEIN_24	88.757	169	19	0	1	169	1	169	3.3899999999999997e-74	253.0	742.0	tailspike depolymerase	894.0	L-shaped tail fiber-like	Different	0.23	0.19	0.19	Nterminal sharing
LIT_018_KL28_PROTEIN_7	LIT_116_KL31KL37_PROTEIN_25	80.556	180	28	1	1	173	1	180	3.9100000000000005e-71	244.0	742.0	tailspike depolymerase	892.0	L-shaped tail fiber-like	Different	0.24	0.2	0.2	Nterminal sharing
LIT_018_KL28_PROTEIN_7	LIT_108_KL11KL28KL33_PROTEIN_25	80.556	180	28	1	1	173	1	180	3.9100000000000005e-71	244.0	742.0	tailspike depolymerase	892.0	L-shaped tail fiber-like	Different	0.24	0.2	0.2	Nterminal sharing
LIT_018_KL28_PROTEIN_7	LIT_123_KL43KL50KL69_PROTEIN_28	59.627	161	65	0	1	161	1	161	9.22e-53	193.0	742.0	tailspike depolymerase	1314.0	L-shaped tail fiber-like	Different	0.22	0.12	0.12	Nterminal sharing
LIT_019_KL139_PROTEIN_27	REC_010_KL2_PROTEIN_69	60.526	190	73	2	1	188	1	190	7.84e-62	192.0	285.0	pam3 fiber-like	297.0	pam3 fiber-like	Same	0.67	0.64	0.64	Nterminal sharing
LIT_019_KL139_PROTEIN_32	REC_010_KL2_PROTEIN_73	92.0	150	12	0	1	150	1	150	2.1100000000000003e-59	209.0	822.0	tailspike depolymerase	668.0	tailspike depolymerase	Same	0.18	0.22	0.18	Nterminal sharing
LIT_019_KL139_PROTEIN_32	REC_031_KL57_PROTEIN_41	84.277	159	25	0	1	159	1	159	2.9299999999999997e-45	169.0	822.0	tailspike depolymerase	721.0	tailspike depolymerase	Same	0.19	0.22	0.19	Nterminal sharing
LIT_019_KL139_PROTEIN_32	LIT_025_KL25_PROTEIN_36	60.526	76	28	1	78	153	60	133	8.74e-25	104.0	822.0	tailspike depolymerase	633.0	tailspike depolymerase	Same	0.09	0.12	0.09	Nterminal sharing
LIT_020_KL103KL55_PROTEIN_159	LIT_076_KL45KL71_PROTEIN_116	72.0	75	21	0	30	104	1	75	1.6000000000000001e-27	112.0	664.0	tailspike depolymerase	616.0	tailspike depolymerase	Same	0.11	0.12	0.11	Nterminal sharing
LIT_020_KL103KL55_PROTEIN_159	LIT_075_KL18_PROTEIN_80	52.475	101	45	1	30	127	1	101	1.74e-24	102.0	664.0	tailspike depolymerase	549.0	tailspike depolymerase	Same	0.15	0.18	0.15	Nterminal sharing
LIT_020_KL103KL55_PROTEIN_159	LIT_074_KL24KL54KL58_PROTEIN_66	70.312	64	19	0	30	93	1	64	7.94e-21	91.7	664.0	tailspike depolymerase	632.0	tailspike depolymerase	Same	0.1	0.1	0.1	Nterminal sharing
LIT_020_KL103KL55_PROTEIN_159	LIT_021_KL22KL37_PROTEIN_89	70.968	62	18	0	30	91	1	62	3.22e-20	89.4	664.0	tailspike depolymerase	573.0	tailspike depolymerase	Same	0.09	0.11	0.09	Nterminal sharing
LIT_020_KL103KL55_PROTEIN_160	REC_038_KL64_PROTEIN_43	53.165	79	37	0	78	156	168	246	1.46e-21	96.7	1531.0	TC10-like tail fiber in mydovirus - variant 1	1017.0	tailspike depolymerase	Different	0.05	0.08	0.05	Nterminal sharing
LIT_020_KL103KL55_PROTEIN_160	REC_037_KL64_PROTEIN_43	53.165	79	37	0	78	156	168	246	1.4800000000000002e-21	96.7	1531.0	TC10-like tail fiber in mydovirus - variant 1	1017.0	tailspike depolymerase	Different	0.05	0.08	0.05	Nterminal sharing
LIT_020_KL103KL55_PROTEIN_160	LIT_069_KL51_PROTEIN_9	53.846	65	30	0	78	142	14	78	4.73e-14	72.0	1531.0	TC10-like tail fiber in mydovirus - variant 1	787.0	tailspike depolymerase	Different	0.04	0.08	0.04	Nterminal sharing
LIT_020_KL103KL55_PROTEIN_160	REC_009_KL19_PROTEIN_7	50.0	60	28	2	98	156	156	214	4.43e-10	58.9	1531.0	TC10-like tail fiber in mydovirus - variant 1	763.0	tailspike depolymerase	Different	0.04	0.08	0.04	Nterminal sharing
LIT_021_KL22KL37_PROTEIN_89	LIT_073_KL23KL54KL58_PROTEIN_101	79.032	62	13	0	1	62	1	62	2.26e-24	102.0	573.0	tailspike depolymerase	607.0	tailspike depolymerase	Same	0.11	0.1	0.1	Nterminal sharing
LIT_021_KL22KL37_PROTEIN_89	REC_020_KL23_PROTEIN_52	77.419	62	14	0	1	62	1	62	8.82e-24	100.0	573.0	tailspike depolymerase	607.0	tailspike depolymerase	Same	0.11	0.1	0.1	Nterminal sharing
LIT_021_KL22KL37_PROTEIN_89	LIT_074_KL24KL54KL58_PROTEIN_66	77.966	59	13	0	1	59	1	59	1.49e-23	99.8	573.0	tailspike depolymerase	632.0	tailspike depolymerase	Same	0.1	0.09	0.09	Nterminal sharing
LIT_021_KL22KL37_PROTEIN_89	LIT_075_KL18_PROTEIN_80	75.806	62	15	0	1	62	1	62	4.13e-23	97.8	573.0	tailspike depolymerase	549.0	tailspike depolymerase	Same	0.11	0.11	0.11	Nterminal sharing
LIT_021_KL22KL37_PROTEIN_89	LIT_075_KL18_PROTEIN_78	57.143	42	18	0	2	43	3	44	3.9e-10	57.4	573.0	tailspike depolymerase	806.0	TC10-like tail fiber in mydovirus - variant 2	Different	0.07	0.05	0.05	Nterminal sharing
LIT_024_KL25_PROTEIN_97	LIT_027_KL63_PROTEIN_55	83.158	95	16	0	55	149	59	153	1.0999999999999999e-48	177.0	657.0	tailspike depolymerase	799.0	tailspike depolymerase	Same	0.14	0.12	0.12	Nterminal sharing
LIT_024_KL25_PROTEIN_97	LIT_029_KL14_PROTEIN_56	69.643	112	33	1	37	148	42	152	8.49e-43	160.0	657.0	tailspike depolymerase	902.0	tailspike depolymerase	Same	0.17	0.12	0.12	Nterminal sharing
LIT_024_KL25_PROTEIN_97	LIT_030_KL136_PROTEIN_20	51.923	104	50	0	49	152	42	145	1.2e-26	110.0	657.0	tailspike depolymerase	772.0	tailspike depolymerase	Same	0.16	0.13	0.13	Nterminal sharing
LIT_025_KL25_PROTEIN_36	REC_010_KL2_PROTEIN_73	53.684	95	39	2	60	149	78	172	2.22e-25	105.0	633.0	tailspike depolymerase	668.0	tailspike depolymerase	Same	0.15	0.14	0.14	Nterminal sharing
LIT_025_KL25_PROTEIN_36	REC_031_KL57_PROTEIN_41	61.25	80	29	1	60	137	78	157	1.5000000000000001e-21	94.0	633.0	tailspike depolymerase	721.0	tailspike depolymerase	Same	0.13	0.11	0.11	Nterminal sharing
LIT_026_KL102KL149_PROTEIN_33	LIT_027_KL63_PROTEIN_55	52.174	184	55	1	1	184	1	151	4.18e-51	189.0	1240.0	tailspike depolymerase with fiber-like elements	799.0	tailspike depolymerase	Different	0.15	0.23	0.15	Nterminal sharing
LIT_026_KL102KL149_PROTEIN_33	LIT_029_KL14_PROTEIN_56	51.042	192	60	3	1	192	1	158	8.25e-47	177.0	1240.0	tailspike depolymerase with fiber-like elements	902.0	tailspike depolymerase	Different	0.15	0.21	0.15	Nterminal sharing
LIT_027_KL63_PROTEIN_55	LIT_029_KL14_PROTEIN_56	87.662	154	19	0	1	154	1	154	7.28e-88	292.0	799.0	tailspike depolymerase	902.0	tailspike depolymerase	Same	0.19	0.17	0.17	Nterminal sharing
LIT_027_KL63_PROTEIN_55	LIT_030_KL136_PROTEIN_20	60.109	183	54	4	1	182	1	165	3.81e-59	210.0	799.0	tailspike depolymerase	772.0	tailspike depolymerase	Same	0.23	0.24	0.23	Nterminal sharing
LIT_027_KL63_PROTEIN_55	LIT_028_KL102KL149_PROTEIN_53	52.174	184	55	1	1	151	1	184	5.19e-51	188.0	799.0	tailspike depolymerase	1240.0	tailspike depolymerase with fiber-like elements	Different	0.23	0.15	0.15	Nterminal sharing
LIT_028_KL102KL149_PROTEIN_53	LIT_029_KL14_PROTEIN_56	51.042	192	60	3	1	192	1	158	1.13e-46	176.0	1240.0	tailspike depolymerase with fiber-like elements	902.0	tailspike depolymerase	Different	0.15	0.21	0.15	Nterminal sharing
LIT_029_KL14_PROTEIN_56	LIT_030_KL136_PROTEIN_20	64.901	151	42	1	1	151	1	140	4.0799999999999994e-54	196.0	902.0	tailspike depolymerase	772.0	tailspike depolymerase	Same	0.17	0.2	0.17	Nterminal sharing
LIT_029_KL14_PROTEIN_56	LIT_077_KL9_PROTEIN_74	50.0	82	41	0	70	151	131	212	1.24e-19	88.6	902.0	tailspike depolymerase	617.0	TC12-like tail fiber in podovirus	Different	0.09	0.13	0.09	Nterminal sharing
LIT_030_KL136_PROTEIN_20	LIT_077_KL9_PROTEIN_74	74.074	108	27	1	60	167	132	238	2.31e-44	164.0	772.0	tailspike depolymerase	617.0	TC12-like tail fiber in podovirus	Different	0.14	0.18	0.14	Nterminal sharing
LIT_031_KL47_PROTEIN_46	LIT_039_KL22_PROTEIN_49	69.076	249	76	1	1	249	1	248	2.67e-119	365.0	530.0	HRP29 tail-like variant 1	780.0	tailspike depolymerase	Different	0.47	0.32	0.32	Nterminal sharing
LIT_031_KL47_PROTEIN_46	LIT_034_KL22_PROTEIN_51	69.076	249	76	1	1	249	1	248	6.05e-119	363.0	530.0	HRP29 tail-like variant 1	744.0	tailspike depolymerase	Different	0.47	0.33	0.33	Nterminal sharing
LIT_031_KL47_PROTEIN_46	LIT_033_KL22_PROTEIN_48	68.675	249	77	1	1	249	1	248	6.18e-119	363.0	530.0	HRP29 tail-like variant 1	744.0	tailspike depolymerase	Different	0.47	0.33	0.33	Nterminal sharing
LIT_031_KL47_PROTEIN_46	LIT_038_KL22_PROTEIN_51	68.273	249	78	1	1	249	1	248	6.81e-118	361.0	530.0	HRP29 tail-like variant 1	780.0	tailspike depolymerase	Different	0.47	0.32	0.32	Nterminal sharing
LIT_031_KL47_PROTEIN_46	LIT_044_KN2_PROTEIN_8	64.679	218	58	3	1	199	1	218	5.62e-83	275.0	530.0	HRP29 tail-like variant 1	1243.0	tailspike depolymerase with fiber-like elements	Different	0.41	0.18	0.18	Nterminal sharing
LIT_031_KL47_PROTEIN_46	LIT_068_KL15_PROTEIN_53	75.309	162	29	1	1	151	1	162	3.8000000000000004e-80	259.0	530.0	HRP29 tail-like variant 1	681.0	RaK2 gp526-like	Different	0.31	0.24	0.24	Nterminal sharing
LIT_031_KL47_PROTEIN_46	LIT_067_KL40_PROTEIN_56	78.431	153	33	0	1	153	1	153	2.1400000000000003e-79	262.0	530.0	HRP29 tail-like variant 1	931.0	tailspike depolymerase	Different	0.29	0.16	0.16	Nterminal sharing
LIT_031_KL47_PROTEIN_46	LIT_066_KL72_PROTEIN_53	65.625	192	59	2	1	185	1	192	5.52e-72	238.0	530.0	HRP29 tail-like variant 1	724.0	HRP29 tail-like variant 2	Different	0.36	0.27	0.27	Nterminal sharing
LIT_031_KL47_PROTEIN_46	LIT_062_KL71_PROTEIN_55	65.104	192	60	2	1	185	1	192	3.05e-71	238.0	530.0	HRP29 tail-like variant 1	834.0	tailspike depolymerase	Different	0.36	0.23	0.23	Nterminal sharing
LIT_033_KL22_PROTEIN_48	REC_007_KL13KL2_PROTEIN_46	73.092	249	66	1	1	248	1	249	1.1600000000000001e-125	383.0	744.0	tailspike depolymerase	602.0	HRP29 tail-like variant 1	Different	0.33	0.41	0.33	Nterminal sharing
LIT_033_KL22_PROTEIN_48	LIT_068_KL15_PROTEIN_53	77.381	168	31	1	1	168	1	161	1.29e-81	269.0	744.0	tailspike depolymerase	681.0	RaK2 gp526-like	Different	0.23	0.25	0.23	Nterminal sharing
LIT_033_KL22_PROTEIN_48	LIT_044_KN2_PROTEIN_8	82.051	156	28	0	1	156	1	156	2.77e-78	268.0	744.0	tailspike depolymerase	1243.0	tailspike depolymerase with fiber-like elements	Different	0.21	0.13	0.13	Nterminal sharing
LIT_033_KL22_PROTEIN_48	LIT_067_KL40_PROTEIN_56	81.046	153	29	0	1	153	1	153	3.32e-77	262.0	744.0	tailspike depolymerase	931.0	tailspike depolymerase	Same	0.21	0.16	0.16	Nterminal sharing
LIT_033_KL22_PROTEIN_48	LIT_062_KL71_PROTEIN_55	78.71	155	33	0	1	155	1	155	2.2199999999999998e-67	233.0	744.0	tailspike depolymerase	834.0	tailspike depolymerase	Same	0.21	0.19	0.19	Nterminal sharing
LIT_033_KL22_PROTEIN_48	LIT_066_KL72_PROTEIN_53	79.355	155	32	0	1	155	1	155	2.6899999999999998e-67	231.0	744.0	tailspike depolymerase	724.0	HRP29 tail-like variant 2	Different	0.21	0.21	0.21	Nterminal sharing
LIT_034_KL22_PROTEIN_51	REC_007_KL13KL2_PROTEIN_46	73.092	249	66	1	1	248	1	249	2.48e-125	382.0	744.0	tailspike depolymerase	602.0	HRP29 tail-like variant 1	Different	0.33	0.41	0.33	Nterminal sharing
LIT_034_KL22_PROTEIN_51	LIT_068_KL15_PROTEIN_53	76.786	168	32	1	1	168	1	161	1.2e-80	266.0	744.0	tailspike depolymerase	681.0	RaK2 gp526-like	Different	0.23	0.25	0.23	Nterminal sharing
LIT_034_KL22_PROTEIN_51	LIT_044_KN2_PROTEIN_8	81.41	156	29	0	1	156	1	156	2.02e-77	266.0	744.0	tailspike depolymerase	1243.0	tailspike depolymerase with fiber-like elements	Different	0.21	0.13	0.13	Nterminal sharing
LIT_034_KL22_PROTEIN_51	LIT_067_KL40_PROTEIN_56	80.392	153	30	0	1	153	1	153	2.31e-76	260.0	744.0	tailspike depolymerase	931.0	tailspike depolymerase	Same	0.21	0.16	0.16	Nterminal sharing
LIT_034_KL22_PROTEIN_51	LIT_062_KL71_PROTEIN_55	78.065	155	34	0	1	155	1	155	1.7700000000000001e-66	231.0	744.0	tailspike depolymerase	834.0	tailspike depolymerase	Same	0.21	0.19	0.19	Nterminal sharing
LIT_034_KL22_PROTEIN_51	LIT_066_KL72_PROTEIN_53	78.71	155	33	0	1	155	1	155	2.3000000000000002e-66	228.0	744.0	tailspike depolymerase	724.0	HRP29 tail-like variant 2	Different	0.21	0.21	0.21	Nterminal sharing
LIT_035_KL24_PROTEIN_2	LIT_130_KL17_PROTEIN_23	81.443	194	36	0	1	194	1	194	2.3900000000000002e-88	289.0	762.0	tailspike depolymerase	729.0	tailspike depolymerase	Same	0.25	0.27	0.25	Nterminal sharing
LIT_035_KL24_PROTEIN_2	LIT_114_KL54_PROTEIN_23	82.99	194	33	0	1	194	1	194	3.13e-88	288.0	762.0	tailspike depolymerase	729.0	tailspike depolymerase	Same	0.25	0.27	0.25	Nterminal sharing
LIT_035_KL24_PROTEIN_2	LIT_107_KL64_PROTEIN_24	83.505	194	32	0	1	194	1	194	6.41e-88	292.0	762.0	tailspike depolymerase	952.0	tailspike depolymerase	Same	0.25	0.2	0.2	Nterminal sharing
LIT_035_KL24_PROTEIN_2	LIT_110_KL6KL7_PROTEIN_23	81.443	194	36	0	1	194	1	194	7.74e-87	288.0	762.0	tailspike depolymerase	870.0	tailspike depolymerase	Same	0.25	0.22	0.22	Nterminal sharing
LIT_035_KL24_PROTEIN_2	LIT_106_KL38_PROTEIN_24	77.619	210	46	1	1	210	1	209	9.67e-86	290.0	762.0	tailspike depolymerase	1171.0	tailspike depolymerase with fiber-like elements	Different	0.28	0.18	0.18	Nterminal sharing
LIT_035_KL24_PROTEIN_2	LIT_118_KL14_PROTEIN_25	81.347	193	36	0	1	193	1	193	1.31e-81	275.0	762.0	tailspike depolymerase	941.0	tailspike depolymerase	Same	0.25	0.21	0.21	Nterminal sharing
LIT_035_KL24_PROTEIN_2	REC_034_KL62_PROTEIN_30	74.641	209	46	1	1	209	1	202	4.42e-81	268.0	762.0	tailspike depolymerase	692.0	tailspike depolymerase	Same	0.27	0.3	0.27	Nterminal sharing
LIT_035_KL24_PROTEIN_2	LIT_116_KL31KL37_PROTEIN_25	90.395	177	17	0	1	177	1	177	4.43e-80	270.0	762.0	tailspike depolymerase	892.0	L-shaped tail fiber-like	Different	0.23	0.2	0.2	Nterminal sharing
LIT_035_KL24_PROTEIN_2	LIT_108_KL11KL28KL33_PROTEIN_25	90.395	177	17	0	1	177	1	177	4.43e-80	270.0	762.0	tailspike depolymerase	892.0	L-shaped tail fiber-like	Different	0.23	0.2	0.2	Nterminal sharing
LIT_035_KL24_PROTEIN_2	REC_027_KL5_PROTEIN_35	77.249	189	43	0	1	189	1	189	3.6700000000000004e-79	267.0	762.0	tailspike depolymerase	857.0	tailspike depolymerase	Same	0.25	0.22	0.22	Nterminal sharing
LIT_035_KL24_PROTEIN_2	LIT_113_KL46_PROTEIN_23	77.612	201	38	1	1	194	1	201	7.2e-79	267.0	762.0	tailspike depolymerase	927.0	tailspike depolymerase with fiber-like elements	Different	0.26	0.22	0.22	Nterminal sharing
LIT_035_KL24_PROTEIN_2	LIT_117_Kn_PROTEIN_25	87.425	167	21	0	1	167	1	167	3.68e-74	253.0	762.0	tailspike depolymerase	892.0	L-shaped tail fiber-like	Different	0.22	0.19	0.19	Nterminal sharing
LIT_035_KL24_PROTEIN_2	LIT_119_Kn_PROTEIN_25	86.826	167	22	0	1	167	1	167	7.059999999999999e-74	253.0	762.0	tailspike depolymerase	894.0	L-shaped tail fiber-like	Different	0.22	0.19	0.19	Nterminal sharing
LIT_035_KL24_PROTEIN_2	LIT_120_KL28KL69_PROTEIN_24	82.249	169	30	0	1	169	1	169	2.51e-72	249.0	762.0	tailspike depolymerase	973.0	L-shaped tail fiber-like	Different	0.22	0.17	0.17	Nterminal sharing
LIT_035_KL24_PROTEIN_2	LIT_115_Kn_PROTEIN_25	73.224	183	35	1	1	169	1	183	2.56e-72	249.0	762.0	tailspike depolymerase	973.0	L-shaped tail fiber-like	Different	0.24	0.19	0.19	Nterminal sharing
LIT_035_KL24_PROTEIN_2	LIT_112_KL53_PROTEIN_24	63.507	211	69	2	1	204	1	210	3.62e-72	247.0	762.0	tailspike depolymerase	852.0	tailspike depolymerase	Same	0.28	0.25	0.25	Nterminal sharing
LIT_035_KL24_PROTEIN_2	LIT_103_KL28KL69_PROTEIN_24	82.84	169	29	0	1	169	1	169	2.2299999999999997e-68	237.0	762.0	tailspike depolymerase	894.0	L-shaped tail fiber-like	Different	0.22	0.19	0.19	Nterminal sharing
LIT_035_KL24_PROTEIN_2	LIT_123_KL43KL50KL69_PROTEIN_28	56.0	175	77	0	1	175	1	175	2.72e-53	195.0	762.0	tailspike depolymerase	1314.0	L-shaped tail fiber-like	Different	0.23	0.13	0.13	Nterminal sharing
LIT_036_KL106_PROTEIN_44	REC_044_KN4_PROTEIN_47	79.87	154	31	0	1	154	1	154	4.7499999999999996e-74	253.0	778.0	tailspike depolymerase	850.0	tailspike depolymerase	Same	0.2	0.18	0.18	Nterminal sharing
LIT_036_KL106_PROTEIN_44	LIT_090_KL27_PROTEIN_48	72.892	166	44	1	1	165	1	166	1.1100000000000001e-66	235.0	778.0	tailspike depolymerase	1242.0	tailspike depolymerase with fiber-like elements	Different	0.21	0.13	0.13	Nterminal sharing
LIT_036_KL106_PROTEIN_44	REC_042_KN1_PROTEIN_43	69.481	154	47	0	1	154	1	154	1.8e-60	214.0	778.0	tailspike depolymerase	820.0	tailspike depolymerase with fiber-like elements	Different	0.2	0.19	0.19	Nterminal sharing
LIT_036_KL106_PROTEIN_44	REC_041_KN1_PROTEIN_43	68.831	154	48	0	1	154	1	154	4.7099999999999996e-60	213.0	778.0	tailspike depolymerase	819.0	tailspike depolymerase with fiber-like elements	Different	0.2	0.19	0.19	Nterminal sharing
LIT_036_KL106_PROTEIN_44	LIT_078_KL30KL35KL36_PROTEIN_48	67.257	113	35	2	1	111	1	113	6.27e-41	156.0	778.0	tailspike depolymerase	856.0	tailspike depolymerase with fiber-like elements	Different	0.15	0.13	0.13	Nterminal sharing
LIT_036_KL106_PROTEIN_45	LIT_088_KL2KL37_PROTEIN_48	53.125	64	24	1	1	58	1	64	2.58e-12	63.9	536.0	tailspike depolymerase	524.0	tailspike depolymerase	Same	0.12	0.12	0.12	Nterminal sharing
LIT_036_KL106_PROTEIN_45	LIT_082_KL26KL74_PROTEIN_50	58.0	50	18	1	1	47	1	50	1.05e-10	58.9	536.0	tailspike depolymerase	595.0	tailspike depolymerase	Same	0.09	0.08	0.08	Nterminal sharing
LIT_036_KL106_PROTEIN_45	LIT_042_KL1KL2KL57_PROTEIN_46	58.0	50	19	1	1	48	1	50	1.61e-09	55.1	536.0	tailspike depolymerase	511.0	GDSL-like lipase containing tailspike	Different	0.09	0.1	0.09	Nterminal sharing
LIT_036_KL106_PROTEIN_45	LIT_079_KL74_PROTEIN_52	64.103	39	14	0	1	39	1	39	3.76e-09	53.9	536.0	tailspike depolymerase	521.0	tailspike depolymerase	Same	0.07	0.07	0.07	Nterminal sharing
LIT_036_KL106_PROTEIN_45	REC_019_KL21KL3_PROTEIN_44	52.941	51	21	1	1	51	1	48	8.1e-09	52.8	536.0	tailspike depolymerase	576.0	tailspike depolymerase	Same	0.1	0.09	0.09	Nterminal sharing
LIT_036_KL106_PROTEIN_45	LIT_041_KL1KL2KL57_PROTEIN_46	70.0	30	9	0	1	30	1	30	2.78e-08	50.8	536.0	tailspike depolymerase	560.0	tailspike depolymerase	Same	0.06	0.05	0.05	Nterminal sharing
LIT_036_KL106_PROTEIN_45	REC_018_KL21_PROTEIN_42	60.0	35	14	0	2	36	1	35	8.32e-08	49.7	536.0	tailspike depolymerase	575.0	tailspike depolymerase	Same	0.07	0.06	0.06	Nterminal sharing
LIT_036_KL106_PROTEIN_45	LIT_085_KL56_PROTEIN_48	52.083	48	20	1	1	45	2	49	4.83e-07	47.0	536.0	tailspike depolymerase	678.0	tailspike depolymerase	Same	0.09	0.07	0.07	Nterminal sharing
LIT_036_KL106_PROTEIN_45	REC_030_KL56KN3_PROTEIN_42	54.545	44	17	1	5	45	6	49	4.57e-06	43.9	536.0	tailspike depolymerase	678.0	tailspike depolymerase	Same	0.08	0.06	0.06	Nterminal sharing
LIT_037_KL106_PROTEIN_42	REC_044_KN4_PROTEIN_47	79.87	154	31	0	1	154	1	154	7.88e-74	252.0	778.0	tailspike depolymerase	850.0	tailspike depolymerase	Same	0.2	0.18	0.18	Nterminal sharing
LIT_037_KL106_PROTEIN_42	LIT_090_KL27_PROTEIN_48	71.687	166	46	1	1	165	1	166	1.3e-65	232.0	778.0	tailspike depolymerase	1242.0	tailspike depolymerase with fiber-like elements	Different	0.21	0.13	0.13	Nterminal sharing
LIT_037_KL106_PROTEIN_42	REC_042_KN1_PROTEIN_43	68.831	154	48	0	1	154	1	154	1.09e-59	212.0	778.0	tailspike depolymerase	820.0	tailspike depolymerase with fiber-like elements	Different	0.2	0.19	0.19	Nterminal sharing
LIT_037_KL106_PROTEIN_42	REC_041_KN1_PROTEIN_43	68.182	154	49	0	1	154	1	154	3.1400000000000003e-59	210.0	778.0	tailspike depolymerase	819.0	tailspike depolymerase with fiber-like elements	Different	0.2	0.19	0.19	Nterminal sharing
LIT_037_KL106_PROTEIN_42	LIT_078_KL30KL35KL36_PROTEIN_48	67.257	113	35	2	1	111	1	113	6.16e-41	156.0	778.0	tailspike depolymerase	856.0	tailspike depolymerase with fiber-like elements	Different	0.15	0.13	0.13	Nterminal sharing
LIT_037_KL106_PROTEIN_43	LIT_088_KL2KL37_PROTEIN_48	53.125	64	24	1	1	58	1	64	5.06e-12	62.8	536.0	tailspike depolymerase	524.0	tailspike depolymerase	Same	0.12	0.12	0.12	Nterminal sharing
LIT_037_KL106_PROTEIN_43	LIT_082_KL26KL74_PROTEIN_50	58.0	50	18	1	1	47	1	50	1.58e-10	58.2	536.0	tailspike depolymerase	595.0	tailspike depolymerase	Same	0.09	0.08	0.08	Nterminal sharing
LIT_037_KL106_PROTEIN_43	LIT_042_KL1KL2KL57_PROTEIN_46	56.0	50	20	1	1	48	1	50	3.31e-09	53.9	536.0	tailspike depolymerase	511.0	GDSL-like lipase containing tailspike	Different	0.09	0.1	0.09	Nterminal sharing
LIT_037_KL106_PROTEIN_43	LIT_079_KL74_PROTEIN_52	61.538	39	15	0	1	39	1	39	7.02e-09	52.8	536.0	tailspike depolymerase	521.0	tailspike depolymerase	Same	0.07	0.07	0.07	Nterminal sharing
LIT_037_KL106_PROTEIN_43	LIT_041_KL1KL2KL57_PROTEIN_46	70.0	30	9	0	1	30	1	30	2.78e-08	50.8	536.0	tailspike depolymerase	560.0	tailspike depolymerase	Same	0.06	0.05	0.05	Nterminal sharing
LIT_037_KL106_PROTEIN_43	REC_018_KL21_PROTEIN_42	57.143	35	15	0	2	36	1	35	1.72e-07	48.5	536.0	tailspike depolymerase	575.0	tailspike depolymerase	Same	0.07	0.06	0.06	Nterminal sharing
LIT_037_KL106_PROTEIN_43	LIT_085_KL56_PROTEIN_48	52.083	48	20	1	1	45	2	49	6.36e-07	46.6	536.0	tailspike depolymerase	678.0	tailspike depolymerase	Same	0.09	0.07	0.07	Nterminal sharing
LIT_038_KL22_PROTEIN_51	REC_007_KL13KL2_PROTEIN_46	72.691	249	67	1	1	248	1	249	1.8400000000000001e-124	381.0	780.0	tailspike depolymerase	602.0	HRP29 tail-like variant 1	Different	0.32	0.41	0.32	Nterminal sharing
LIT_038_KL22_PROTEIN_51	LIT_068_KL15_PROTEIN_53	76.786	168	32	1	1	168	1	161	1.05e-80	268.0	780.0	tailspike depolymerase	681.0	RaK2 gp526-like	Different	0.22	0.25	0.22	Nterminal sharing
LIT_038_KL22_PROTEIN_51	LIT_044_KN2_PROTEIN_8	81.41	156	29	0	1	156	1	156	2.87e-77	266.0	780.0	tailspike depolymerase	1243.0	tailspike depolymerase with fiber-like elements	Different	0.2	0.13	0.13	Nterminal sharing
LIT_038_KL22_PROTEIN_51	LIT_067_KL40_PROTEIN_56	80.392	153	30	0	1	153	1	153	2.62e-76	260.0	780.0	tailspike depolymerase	931.0	tailspike depolymerase	Same	0.2	0.16	0.16	Nterminal sharing
LIT_038_KL22_PROTEIN_51	LIT_062_KL71_PROTEIN_55	78.065	155	34	0	1	155	1	155	1.33e-66	232.0	780.0	tailspike depolymerase	834.0	tailspike depolymerase	Same	0.2	0.19	0.19	Nterminal sharing
LIT_038_KL22_PROTEIN_51	LIT_066_KL72_PROTEIN_53	78.71	155	33	0	1	155	1	155	2.2e-66	229.0	780.0	tailspike depolymerase	724.0	HRP29 tail-like variant 2	Different	0.2	0.21	0.2	Nterminal sharing
LIT_039_KL22_PROTEIN_49	REC_007_KL13KL2_PROTEIN_46	73.494	249	65	1	1	248	1	249	4.41e-126	385.0	780.0	tailspike depolymerase	602.0	HRP29 tail-like variant 1	Different	0.32	0.41	0.32	Nterminal sharing
LIT_039_KL22_PROTEIN_49	LIT_068_KL15_PROTEIN_53	77.381	168	31	1	1	168	1	161	1.7e-81	270.0	780.0	tailspike depolymerase	681.0	RaK2 gp526-like	Different	0.22	0.25	0.22	Nterminal sharing
LIT_039_KL22_PROTEIN_49	LIT_044_KN2_PROTEIN_8	82.051	156	28	0	1	156	1	156	6.4e-78	268.0	780.0	tailspike depolymerase	1243.0	tailspike depolymerase with fiber-like elements	Different	0.2	0.13	0.13	Nterminal sharing
LIT_039_KL22_PROTEIN_49	LIT_067_KL40_PROTEIN_56	81.046	153	29	0	1	153	1	153	4.63e-77	263.0	780.0	tailspike depolymerase	931.0	tailspike depolymerase	Same	0.2	0.16	0.16	Nterminal sharing
LIT_039_KL22_PROTEIN_49	LIT_062_KL71_PROTEIN_55	78.71	155	33	0	1	155	1	155	2.2699999999999997e-67	234.0	780.0	tailspike depolymerase	834.0	tailspike depolymerase	Same	0.2	0.19	0.19	Nterminal sharing
LIT_039_KL22_PROTEIN_49	LIT_066_KL72_PROTEIN_53	79.355	155	32	0	1	155	1	155	3.68e-67	231.0	780.0	tailspike depolymerase	724.0	HRP29 tail-like variant 2	Different	0.2	0.21	0.2	Nterminal sharing
LIT_040_KL22_PROTEIN_48	LIT_068_KL15_PROTEIN_53	82.099	162	18	1	1	151	1	162	3.35e-85	280.0	791.0	tailspike depolymerase	681.0	RaK2 gp526-like	Different	0.2	0.24	0.2	Nterminal sharing
LIT_040_KL22_PROTEIN_48	LIT_044_KN2_PROTEIN_8	74.332	187	43	1	1	182	1	187	8.58e-84	285.0	791.0	tailspike depolymerase	1243.0	tailspike depolymerase with fiber-like elements	Different	0.24	0.15	0.15	Nterminal sharing
LIT_040_KL22_PROTEIN_48	LIT_067_KL40_PROTEIN_56	83.007	153	26	0	1	153	1	153	4.93e-80	271.0	791.0	tailspike depolymerase	931.0	tailspike depolymerase	Same	0.19	0.16	0.16	Nterminal sharing
LIT_040_KL22_PROTEIN_48	LIT_062_KL71_PROTEIN_55	73.988	173	45	0	1	173	1	173	6.25e-71	244.0	791.0	tailspike depolymerase	834.0	tailspike depolymerase	Same	0.22	0.21	0.21	Nterminal sharing
LIT_040_KL22_PROTEIN_48	LIT_066_KL72_PROTEIN_53	80.0	155	31	0	1	155	1	155	2.32e-69	238.0	791.0	tailspike depolymerase	724.0	HRP29 tail-like variant 2	Different	0.2	0.21	0.2	Nterminal sharing
LIT_041_KL1KL2KL57_PROTEIN_45	REC_044_KN4_PROTEIN_47	84.416	154	24	0	1	154	1	154	5.32e-78	265.0	832.0	tailspike depolymerase	850.0	tailspike depolymerase	Same	0.19	0.18	0.18	Nterminal sharing
LIT_041_KL1KL2KL57_PROTEIN_45	LIT_090_KL27_PROTEIN_48	71.839	174	47	2	1	172	1	174	4.7299999999999995e-68	241.0	832.0	tailspike depolymerase	1242.0	tailspike depolymerase with fiber-like elements	Different	0.21	0.14	0.14	Nterminal sharing
LIT_041_KL1KL2KL57_PROTEIN_45	REC_042_KN1_PROTEIN_43	70.13	154	46	0	1	154	1	154	2.39e-62	220.0	832.0	tailspike depolymerase	820.0	tailspike depolymerase with fiber-like elements	Different	0.19	0.19	0.19	Nterminal sharing
LIT_041_KL1KL2KL57_PROTEIN_45	REC_041_KN1_PROTEIN_43	68.831	154	48	0	1	154	1	154	3.67e-61	217.0	832.0	tailspike depolymerase	819.0	tailspike depolymerase with fiber-like elements	Different	0.19	0.19	0.19	Nterminal sharing
LIT_041_KL1KL2KL57_PROTEIN_45	REC_037_KL64_PROTEIN_43	61.963	163	62	0	1	163	1	163	1.1699999999999999e-54	199.0	832.0	tailspike depolymerase	1017.0	tailspike depolymerase	Same	0.2	0.16	0.16	Nterminal sharing
LIT_041_KL1KL2KL57_PROTEIN_45	REC_038_KL64_PROTEIN_43	61.35	163	63	0	1	163	1	163	3.3399999999999996e-54	198.0	832.0	tailspike depolymerase	1017.0	tailspike depolymerase	Same	0.2	0.16	0.16	Nterminal sharing
LIT_041_KL1KL2KL57_PROTEIN_45	LIT_078_KL30KL35KL36_PROTEIN_48	66.372	113	36	2	1	111	1	113	1.34e-40	155.0	832.0	tailspike depolymerase	856.0	tailspike depolymerase with fiber-like elements	Different	0.14	0.13	0.13	Nterminal sharing
LIT_041_KL1KL2KL57_PROTEIN_46	LIT_080_KL11KL57_PROTEIN_47	83.871	31	5	0	1	31	1	31	1.48e-10	58.5	560.0	tailspike depolymerase	570.0	tailspike depolymerase	Same	0.06	0.05	0.05	Nterminal sharing
LIT_041_KL1KL2KL57_PROTEIN_46	LIT_082_KL26KL74_PROTEIN_50	78.788	33	7	0	1	33	1	33	4.34e-10	57.0	560.0	tailspike depolymerase	595.0	tailspike depolymerase	Same	0.06	0.06	0.06	Nterminal sharing
LIT_041_KL1KL2KL57_PROTEIN_46	LIT_128_KL10_PROTEIN_50	72.727	33	9	0	1	33	1	33	1.65e-09	55.1	560.0	tailspike depolymerase	512.0	tailspike depolymerase	Same	0.06	0.06	0.06	Nterminal sharing
LIT_042_KL1KL2KL57_PROTEIN_45	REC_044_KN4_PROTEIN_47	78.571	154	33	0	1	154	1	154	1.47e-70	245.0	903.0	tailspike depolymerase	850.0	tailspike depolymerase	Same	0.17	0.18	0.17	Nterminal sharing
LIT_042_KL1KL2KL57_PROTEIN_45	LIT_090_KL27_PROTEIN_48	63.184	201	70	3	1	199	1	199	3.53e-65	233.0	903.0	tailspike depolymerase	1242.0	tailspike depolymerase with fiber-like elements	Different	0.22	0.16	0.16	Nterminal sharing
LIT_042_KL1KL2KL57_PROTEIN_45	REC_042_KN1_PROTEIN_43	70.13	154	46	0	1	154	1	154	2.61e-60	215.0	903.0	tailspike depolymerase	820.0	tailspike depolymerase with fiber-like elements	Different	0.17	0.19	0.17	Nterminal sharing
LIT_042_KL1KL2KL57_PROTEIN_45	REC_041_KN1_PROTEIN_43	69.481	154	47	0	1	154	1	154	7.58e-60	214.0	903.0	tailspike depolymerase	819.0	tailspike depolymerase with fiber-like elements	Different	0.17	0.19	0.17	Nterminal sharing
LIT_042_KL1KL2KL57_PROTEIN_45	REC_037_KL64_PROTEIN_43	64.744	156	55	0	1	156	1	156	8.049999999999999e-54	197.0	903.0	tailspike depolymerase	1017.0	tailspike depolymerase	Same	0.17	0.15	0.15	Nterminal sharing
LIT_042_KL1KL2KL57_PROTEIN_45	REC_038_KL64_PROTEIN_43	64.103	156	56	0	1	156	1	156	2.6e-53	196.0	903.0	tailspike depolymerase	1017.0	tailspike depolymerase	Same	0.17	0.15	0.15	Nterminal sharing
LIT_042_KL1KL2KL57_PROTEIN_45	LIT_078_KL30KL35KL36_PROTEIN_48	67.257	113	35	2	1	111	1	113	4.51e-40	154.0	903.0	tailspike depolymerase	856.0	tailspike depolymerase with fiber-like elements	Different	0.13	0.13	0.13	Nterminal sharing
LIT_042_KL1KL2KL57_PROTEIN_46	REC_023_KL47_PROTEIN_43	84.848	33	5	0	1	33	1	33	1.27e-10	58.5	511.0	GDSL-like lipase containing tailspike	641.0	tailspike depolymerase	Different	0.06	0.05	0.05	Nterminal sharing
LIT_042_KL1KL2KL57_PROTEIN_46	REC_025_KL47_PROTEIN_45	84.848	33	5	0	1	33	1	33	1.3e-10	58.5	511.0	GDSL-like lipase containing tailspike	641.0	tailspike depolymerase	Different	0.06	0.05	0.05	Nterminal sharing
LIT_042_KL1KL2KL57_PROTEIN_46	REC_024_KL47_PROTEIN_44	84.848	33	5	0	1	33	1	33	1.31e-10	58.5	511.0	GDSL-like lipase containing tailspike	641.0	tailspike depolymerase	Different	0.06	0.05	0.05	Nterminal sharing
LIT_042_KL1KL2KL57_PROTEIN_46	LIT_082_KL26KL74_PROTEIN_50	73.529	34	9	0	1	34	1	34	2.56e-09	54.3	511.0	GDSL-like lipase containing tailspike	595.0	tailspike depolymerase	Different	0.07	0.06	0.06	Nterminal sharing
LIT_042_KL1KL2KL57_PROTEIN_46	LIT_128_KL10_PROTEIN_50	69.697	33	10	0	1	33	1	33	8.5e-09	52.4	511.0	GDSL-like lipase containing tailspike	512.0	tailspike depolymerase	Different	0.06	0.06	0.06	Nterminal sharing
LIT_042_KL1KL2KL57_PROTEIN_46	LIT_081_KL58_PROTEIN_48	64.706	34	12	0	1	34	1	34	3.7e-08	50.4	511.0	GDSL-like lipase containing tailspike	598.0	tailspike depolymerase	Different	0.07	0.06	0.06	Nterminal sharing
LIT_044_KN2_PROTEIN_8	REC_007_KL13KL2_PROTEIN_46	81.29	155	29	0	1	155	1	155	1.6499999999999998e-82	277.0	1243.0	tailspike depolymerase with fiber-like elements	602.0	HRP29 tail-like variant 1	Different	0.12	0.26	0.12	Nterminal sharing
LIT_044_KN2_PROTEIN_8	LIT_061_KL25_PROTEIN_59	68.812	202	58	1	1	202	1	197	1.8099999999999998e-82	282.0	1243.0	tailspike depolymerase with fiber-like elements	793.0	tailspike depolymerase	Different	0.16	0.25	0.16	Nterminal sharing
LIT_044_KN2_PROTEIN_8	REC_015_KL2_PROTEIN_46	64.679	218	69	3	1	218	1	210	4.0099999999999997e-82	275.0	1243.0	tailspike depolymerase with fiber-like elements	541.0	HRP29 tail-like variant 1	Different	0.18	0.4	0.18	Nterminal sharing
LIT_044_KN2_PROTEIN_8	REC_008_KL13KL2_PROTEIN_49	68.317	202	59	1	1	202	1	197	8.489999999999999e-82	280.0	1243.0	tailspike depolymerase with fiber-like elements	791.0	tailspike depolymerase	Different	0.16	0.26	0.16	Nterminal sharing
LIT_044_KN2_PROTEIN_8	LIT_064_KL36KL39_PROTEIN_55	68.317	202	59	1	1	202	1	197	8.909999999999999e-82	280.0	1243.0	tailspike depolymerase with fiber-like elements	791.0	tailspike depolymerase	Different	0.16	0.26	0.16	Nterminal sharing
LIT_044_KN2_PROTEIN_8	REC_005_KL1_PROTEIN_48	80.0	155	31	0	1	155	1	155	5.3700000000000004e-80	268.0	1243.0	tailspike depolymerase with fiber-like elements	541.0	HRP29 tail-like variant 1	Different	0.12	0.29	0.12	Nterminal sharing
LIT_044_KN2_PROTEIN_8	LIT_068_KL15_PROTEIN_53	75.882	170	41	0	1	170	1	170	4.5700000000000004e-79	270.0	1243.0	tailspike depolymerase with fiber-like elements	681.0	RaK2 gp526-like	Different	0.14	0.25	0.14	Nterminal sharing
LIT_044_KN2_PROTEIN_8	LIT_065_KL66_PROTEIN_60	75.0	168	39	1	1	165	1	168	1e-74	259.0	1243.0	tailspike depolymerase with fiber-like elements	779.0	tailspike depolymerase	Different	0.14	0.22	0.14	Nterminal sharing
LIT_044_KN2_PROTEIN_8	LIT_067_KL40_PROTEIN_56	78.065	155	34	0	1	155	1	155	4.4e-73	258.0	1243.0	tailspike depolymerase with fiber-like elements	931.0	tailspike depolymerase	Different	0.12	0.17	0.12	Nterminal sharing
LIT_044_KN2_PROTEIN_8	LIT_066_KL72_PROTEIN_53	79.355	155	32	0	1	155	1	155	4.3799999999999996e-67	236.0	1243.0	tailspike depolymerase with fiber-like elements	724.0	HRP29 tail-like variant 2	Different	0.12	0.21	0.12	Nterminal sharing
LIT_044_KN2_PROTEIN_8	LIT_062_KL71_PROTEIN_55	79.085	153	32	0	1	153	1	153	1.5200000000000001e-65	234.0	1243.0	tailspike depolymerase with fiber-like elements	834.0	tailspike depolymerase	Different	0.12	0.18	0.12	Nterminal sharing
LIT_046_KL16_PROTEIN_228	LIT_075_KL18_PROTEIN_78	50.98	51	23	1	47	95	98	148	1.19e-07	50.8	1183.0	tailspike depolymerase with fiber-like elements	806.0	TC10-like tail fiber in mydovirus - variant 2	Different	0.04	0.06	0.04	Nterminal sharing
LIT_046_KL16_PROTEIN_228	LIT_046_KL16_PROTEIN_239	55.0	40	18	0	1	40	1	40	0.000132	40.4	1183.0	tailspike depolymerase with fiber-like elements	556.0	tailspike depolymerase	Different	0.03	0.07	0.03	Nterminal sharing
LIT_046_KL16_PROTEIN_239	LIT_046_KL16_PROTEIN_241	51.351	74	36	0	1	74	1	74	4.47e-17	79.3	556.0	tailspike depolymerase	616.0	tailspike depolymerase	Same	0.13	0.12	0.12	Nterminal sharing
LIT_049_KL3_PROTEIN_111	LIT_053_KL3_PROTEIN_115	84.848	66	10	0	1	66	1	66	3.9200000000000004e-26	108.0	680.0	TC14-like tail fiber in sugarlandvirus - variant 1	842.0	TC14-like tail fiber in sugarlandvirus - variant 2	Different	0.1	0.08	0.08	Nterminal sharing
LIT_049_KL3_PROTEIN_111	LIT_051_KL3_PROTEIN_115	84.848	66	10	0	1	66	1	66	3.9200000000000004e-26	108.0	680.0	TC14-like tail fiber in sugarlandvirus - variant 1	842.0	TC14-like tail fiber in sugarlandvirus - variant 2	Different	0.1	0.08	0.08	Nterminal sharing
LIT_049_KL3_PROTEIN_111	LIT_050_KL3_PROTEIN_115	84.848	66	10	0	1	66	1	66	3.9200000000000004e-26	108.0	680.0	TC14-like tail fiber in sugarlandvirus - variant 1	842.0	TC14-like tail fiber in sugarlandvirus - variant 2	Different	0.1	0.08	0.08	Nterminal sharing
LIT_050_KL3_PROTEIN_115	LIT_094_Kn_PROTEIN_20	66.25	80	13	1	1	66	1	80	8.25e-21	92.4	842.0	TC14-like tail fiber in sugarlandvirus - variant 2	679.0	TC14-like tail fiber in sugarlandvirus - variant 1	Different	0.1	0.12	0.1	Nterminal sharing
LIT_050_KL3_PROTEIN_115	LIT_093_Kn_PROTEIN_20	66.25	80	13	1	1	66	1	80	8.73e-21	92.4	842.0	TC14-like tail fiber in sugarlandvirus - variant 2	681.0	TC14-like tail fiber in sugarlandvirus - variant 1	Different	0.1	0.12	0.1	Nterminal sharing
LIT_051_KL3_PROTEIN_115	LIT_094_Kn_PROTEIN_20	66.25	80	13	1	1	66	1	80	8.25e-21	92.4	842.0	TC14-like tail fiber in sugarlandvirus - variant 2	679.0	TC14-like tail fiber in sugarlandvirus - variant 1	Different	0.1	0.12	0.1	Nterminal sharing
LIT_051_KL3_PROTEIN_115	LIT_093_Kn_PROTEIN_20	66.25	80	13	1	1	66	1	80	8.73e-21	92.4	842.0	TC14-like tail fiber in sugarlandvirus - variant 2	681.0	TC14-like tail fiber in sugarlandvirus - variant 1	Different	0.1	0.12	0.1	Nterminal sharing
LIT_053_KL3_PROTEIN_115	LIT_094_Kn_PROTEIN_20	66.25	80	13	1	1	66	1	80	8.25e-21	92.4	842.0	TC14-like tail fiber in sugarlandvirus - variant 2	679.0	TC14-like tail fiber in sugarlandvirus - variant 1	Different	0.1	0.12	0.1	Nterminal sharing
LIT_053_KL3_PROTEIN_115	LIT_093_Kn_PROTEIN_20	66.25	80	13	1	1	66	1	80	8.73e-21	92.4	842.0	TC14-like tail fiber in sugarlandvirus - variant 2	681.0	TC14-like tail fiber in sugarlandvirus - variant 1	Different	0.1	0.12	0.1	Nterminal sharing
LIT_061_KL25_PROTEIN_59	LIT_068_KL15_PROTEIN_53	82.099	162	18	1	1	151	1	162	2.15e-84	278.0	793.0	tailspike depolymerase	681.0	RaK2 gp526-like	Different	0.2	0.24	0.2	Nterminal sharing
LIT_061_KL25_PROTEIN_59	LIT_067_KL40_PROTEIN_56	83.007	153	26	0	1	153	1	153	3.1100000000000005e-79	269.0	793.0	tailspike depolymerase	931.0	tailspike depolymerase	Same	0.19	0.16	0.16	Nterminal sharing
LIT_061_KL25_PROTEIN_59	LIT_062_KL71_PROTEIN_55	73.988	173	45	0	1	173	1	173	1.5700000000000002e-70	243.0	793.0	tailspike depolymerase	834.0	tailspike depolymerase	Same	0.22	0.21	0.21	Nterminal sharing
LIT_061_KL25_PROTEIN_59	LIT_066_KL72_PROTEIN_53	80.0	155	31	0	1	155	1	155	1.51e-68	235.0	793.0	tailspike depolymerase	724.0	HRP29 tail-like variant 2	Different	0.2	0.21	0.2	Nterminal sharing
LIT_062_KL71_PROTEIN_55	LIT_067_KL40_PROTEIN_56	75.521	192	47	0	1	192	1	192	4.28e-90	300.0	834.0	tailspike depolymerase	931.0	tailspike depolymerase	Same	0.23	0.21	0.21	Nterminal sharing
LIT_062_KL71_PROTEIN_55	REC_005_KL1_PROTEIN_48	80.392	153	30	0	1	153	1	153	8e-82	268.0	834.0	tailspike depolymerase	541.0	HRP29 tail-like variant 1	Different	0.18	0.28	0.18	Nterminal sharing
LIT_062_KL71_PROTEIN_55	REC_007_KL13KL2_PROTEIN_46	68.75	192	53	2	1	192	1	185	9.67e-82	270.0	834.0	tailspike depolymerase	602.0	HRP29 tail-like variant 1	Different	0.23	0.32	0.23	Nterminal sharing
LIT_062_KL71_PROTEIN_55	LIT_068_KL15_PROTEIN_53	70.854	199	46	3	1	188	1	198	4.11e-81	270.0	834.0	tailspike depolymerase	681.0	RaK2 gp526-like	Different	0.24	0.29	0.24	Nterminal sharing
LIT_062_KL71_PROTEIN_55	REC_015_KL2_PROTEIN_46	79.085	153	32	0	1	153	1	153	1.57e-80	265.0	834.0	tailspike depolymerase	541.0	HRP29 tail-like variant 1	Different	0.18	0.28	0.18	Nterminal sharing
LIT_062_KL71_PROTEIN_55	REC_008_KL13KL2_PROTEIN_49	80.0	155	31	0	1	155	1	155	3.03e-77	262.0	834.0	tailspike depolymerase	791.0	tailspike depolymerase	Same	0.19	0.2	0.19	Nterminal sharing
LIT_062_KL71_PROTEIN_55	LIT_064_KL36KL39_PROTEIN_55	80.0	155	31	0	1	155	1	155	3.1600000000000003e-77	261.0	834.0	tailspike depolymerase	791.0	tailspike depolymerase	Same	0.19	0.2	0.19	Nterminal sharing
LIT_062_KL71_PROTEIN_55	LIT_065_KL66_PROTEIN_60	78.065	155	34	0	1	155	1	155	9.949999999999999e-74	252.0	834.0	tailspike depolymerase	779.0	tailspike depolymerase	Same	0.19	0.2	0.19	Nterminal sharing
LIT_064_KL36KL39_PROTEIN_55	LIT_068_KL15_PROTEIN_53	81.481	162	19	1	1	151	1	162	6.809999999999999e-84	276.0	791.0	tailspike depolymerase	681.0	RaK2 gp526-like	Different	0.2	0.24	0.2	Nterminal sharing
LIT_064_KL36KL39_PROTEIN_55	LIT_067_KL40_PROTEIN_56	82.353	153	27	0	1	153	1	153	8.940000000000001e-79	268.0	791.0	tailspike depolymerase	931.0	tailspike depolymerase	Same	0.19	0.16	0.16	Nterminal sharing
LIT_064_KL36KL39_PROTEIN_55	LIT_066_KL72_PROTEIN_53	79.355	155	32	0	1	155	1	155	4.17e-68	234.0	791.0	tailspike depolymerase	724.0	HRP29 tail-like variant 2	Different	0.2	0.21	0.2	Nterminal sharing
LIT_065_KL66_PROTEIN_60	REC_007_KL13KL2_PROTEIN_46	73.896	249	64	1	1	248	1	249	8.220000000000001e-125	382.0	779.0	tailspike depolymerase	602.0	HRP29 tail-like variant 1	Different	0.32	0.41	0.32	Nterminal sharing
LIT_065_KL66_PROTEIN_60	LIT_068_KL15_PROTEIN_53	79.141	163	33	1	1	162	1	163	1.59e-79	264.0	779.0	tailspike depolymerase	681.0	RaK2 gp526-like	Different	0.21	0.24	0.21	Nterminal sharing
LIT_065_KL66_PROTEIN_60	LIT_067_KL40_PROTEIN_56	81.132	159	28	1	1	159	1	157	1.8e-77	264.0	779.0	tailspike depolymerase	931.0	tailspike depolymerase	Same	0.2	0.17	0.17	Nterminal sharing
LIT_065_KL66_PROTEIN_60	LIT_066_KL72_PROTEIN_53	79.355	155	32	0	1	155	1	155	3.74e-66	228.0	779.0	tailspike depolymerase	724.0	HRP29 tail-like variant 2	Different	0.2	0.21	0.2	Nterminal sharing
LIT_066_KL72_PROTEIN_53	LIT_067_KL40_PROTEIN_56	73.438	192	51	0	1	192	1	192	1.29e-87	290.0	724.0	HRP29 tail-like variant 2	931.0	tailspike depolymerase	Different	0.27	0.21	0.21	Nterminal sharing
LIT_066_KL72_PROTEIN_53	LIT_068_KL15_PROTEIN_53	70.854	199	46	3	1	188	1	198	3.9599999999999996e-83	273.0	724.0	HRP29 tail-like variant 2	681.0	RaK2 gp526-like	Different	0.27	0.29	0.27	Nterminal sharing
LIT_066_KL72_PROTEIN_53	REC_005_KL1_PROTEIN_48	79.355	155	32	0	1	155	1	155	3.9799999999999996e-82	266.0	724.0	HRP29 tail-like variant 2	541.0	HRP29 tail-like variant 1	Different	0.21	0.29	0.21	Nterminal sharing
LIT_066_KL72_PROTEIN_53	REC_015_KL2_PROTEIN_46	78.065	155	34	0	1	155	1	155	7.659999999999999e-81	263.0	724.0	HRP29 tail-like variant 2	541.0	HRP29 tail-like variant 1	Different	0.21	0.29	0.21	Nterminal sharing
LIT_066_KL72_PROTEIN_53	REC_007_KL13KL2_PROTEIN_46	80.0	155	31	0	1	155	1	155	2.63e-80	263.0	724.0	HRP29 tail-like variant 2	602.0	HRP29 tail-like variant 1	Different	0.21	0.26	0.21	Nterminal sharing
LIT_066_KL72_PROTEIN_53	REC_008_KL13KL2_PROTEIN_49	79.355	155	32	0	1	155	1	155	6.28e-76	256.0	724.0	HRP29 tail-like variant 2	791.0	tailspike depolymerase	Different	0.21	0.2	0.2	Nterminal sharing
LIT_067_KL40_PROTEIN_56	LIT_068_KL15_PROTEIN_53	67.364	239	63	4	1	228	1	235	1.28e-93	306.0	931.0	tailspike depolymerase	681.0	RaK2 gp526-like	Different	0.26	0.35	0.26	Nterminal sharing
LIT_067_KL40_PROTEIN_56	REC_007_KL13KL2_PROTEIN_46	86.928	153	20	0	1	153	1	153	5.83e-87	285.0	931.0	tailspike depolymerase	602.0	HRP29 tail-like variant 1	Different	0.16	0.25	0.16	Nterminal sharing
LIT_067_KL40_PROTEIN_56	REC_008_KL13KL2_PROTEIN_49	82.353	153	27	0	1	153	1	153	1.68e-78	267.0	931.0	tailspike depolymerase	791.0	tailspike depolymerase	Same	0.16	0.19	0.16	Nterminal sharing
LIT_067_KL40_PROTEIN_56	REC_005_KL1_PROTEIN_48	75.484	155	38	0	1	155	1	155	2.92e-74	249.0	931.0	tailspike depolymerase	541.0	HRP29 tail-like variant 1	Different	0.17	0.29	0.17	Nterminal sharing
LIT_067_KL40_PROTEIN_56	REC_015_KL2_PROTEIN_46	74.194	155	40	0	1	155	1	155	5.2400000000000004e-73	246.0	931.0	tailspike depolymerase	541.0	HRP29 tail-like variant 1	Different	0.17	0.29	0.17	Nterminal sharing
LIT_068_KL15_PROTEIN_53	REC_007_KL13KL2_PROTEIN_46	81.481	162	19	1	1	162	1	151	6.04e-86	277.0	681.0	RaK2 gp526-like	602.0	HRP29 tail-like variant 1	Different	0.24	0.27	0.24	Nterminal sharing
LIT_068_KL15_PROTEIN_53	REC_008_KL13KL2_PROTEIN_49	81.481	162	19	1	1	162	1	151	7.66e-84	276.0	681.0	RaK2 gp526-like	791.0	tailspike depolymerase	Different	0.24	0.2	0.2	Nterminal sharing
LIT_068_KL15_PROTEIN_53	REC_005_KL1_PROTEIN_48	73.494	166	33	1	1	166	1	155	9.87e-78	253.0	681.0	RaK2 gp526-like	541.0	HRP29 tail-like variant 1	Different	0.24	0.31	0.24	Nterminal sharing
LIT_068_KL15_PROTEIN_53	REC_015_KL2_PROTEIN_46	72.289	166	35	1	1	166	1	155	4.65e-77	252.0	681.0	RaK2 gp526-like	541.0	HRP29 tail-like variant 1	Different	0.24	0.31	0.24	Nterminal sharing
LIT_068_KL15_PROTEIN_53	REC_033_KL57_PROTEIN_63	53.333	60	27	1	165	224	154	212	5.4e-13	67.0	681.0	RaK2 gp526-like	783.0	tailspike depolymerase	Different	0.09	0.08	0.08	Nterminal sharing
LIT_069_KL51_PROTEIN_9	REC_020_KL23_PROTEIN_50	53.226	62	29	0	14	75	78	139	1.45e-14	72.4	787.0	tailspike depolymerase	1092.0	TC12-like tail fiber in mydovirus	Different	0.08	0.06	0.06	Nterminal sharing
LIT_069_KL51_PROTEIN_9	LIT_076_KL45KL71_PROTEIN_115	53.846	65	30	0	14	78	78	142	2.49e-14	71.6	787.0	tailspike depolymerase	1131.0	TC10-like tail fiber in mydovirus - variant 3	Different	0.08	0.06	0.06	Nterminal sharing
LIT_069_KL51_PROTEIN_9	LIT_074_KL24KL54KL58_PROTEIN_64	51.613	62	30	0	14	75	78	139	5.72e-14	70.5	787.0	tailspike depolymerase	1092.0	TC12-like tail fiber in mydovirus	Different	0.08	0.06	0.06	Nterminal sharing
LIT_069_KL51_PROTEIN_9	LIT_073_KL23KL54KL58_PROTEIN_99	51.613	62	30	0	14	75	78	139	5.72e-14	70.5	787.0	tailspike depolymerase	1092.0	TC12-like tail fiber in mydovirus	Different	0.08	0.06	0.06	Nterminal sharing
LIT_071_KL18KL60_PROTEIN_53	REC_028_KL51_PROTEIN_298	58.14	86	36	0	1	86	1	86	7.6e-26	108.0	707.0	tailspike depolymerase	1127.0	tailspike depolymerase with fiber-like elements	Different	0.12	0.08	0.08	Nterminal sharing
LIT_071_KL18KL60_PROTEIN_53	REC_043_KN2_PROTEIN_134	57.143	98	42	0	1	98	1	98	8.36e-26	107.0	707.0	tailspike depolymerase	657.0	tailspike depolymerase	Same	0.14	0.15	0.14	Nterminal sharing
LIT_071_KL18KL60_PROTEIN_53	REC_017_KL20KL27KL7_PROTEIN_153	54.651	86	39	0	1	86	1	86	1.51e-24	103.0	707.0	tailspike depolymerase	723.0	tailspike depolymerase	Same	0.12	0.12	0.12	Nterminal sharing
LIT_071_KL18KL60_PROTEIN_53	REC_028_KL51_PROTEIN_295	50.0	102	47	1	1	98	1	102	2.45e-24	103.0	707.0	tailspike depolymerase	809.0	tailspike depolymerase	Same	0.14	0.13	0.13	Nterminal sharing
LIT_071_KL18KL60_PROTEIN_53	REC_001_Kn_PROTEIN_558	52.632	95	45	0	1	95	1	95	9.62e-24	101.0	707.0	tailspike depolymerase	702.0	tailspike depolymerase	Same	0.13	0.14	0.13	Nterminal sharing
LIT_071_KL18KL60_PROTEIN_53	LIT_096_KL5_PROTEIN_197	50.0	86	43	0	1	86	1	86	6.43e-18	82.8	707.0	tailspike depolymerase	756.0	tailspike depolymerase	Same	0.12	0.11	0.11	Nterminal sharing
LIT_073_KL23KL54KL58_PROTEIN_101	LIT_075_KL18_PROTEIN_80	70.588	102	30	0	1	102	1	102	3.55e-38	143.0	607.0	tailspike depolymerase	549.0	tailspike depolymerase	Same	0.17	0.19	0.17	Nterminal sharing
LIT_073_KL23KL54KL58_PROTEIN_101	LIT_076_KL45KL71_PROTEIN_116	58.824	136	46	3	1	136	1	126	1.21e-34	134.0	607.0	tailspike depolymerase	616.0	tailspike depolymerase	Same	0.22	0.22	0.22	Nterminal sharing
LIT_073_KL23KL54KL58_PROTEIN_101	LIT_074_KL24KL54KL58_PROTEIN_66	81.25	64	12	0	1	64	1	64	1.25e-26	109.0	607.0	tailspike depolymerase	632.0	tailspike depolymerase	Same	0.11	0.1	0.1	Nterminal sharing
LIT_073_KL23KL54KL58_PROTEIN_101	REC_031_KL57_PROTEIN_41	61.538	65	25	0	47	111	141	205	1.41e-17	81.3	607.0	tailspike depolymerase	721.0	tailspike depolymerase	Same	0.11	0.09	0.09	Nterminal sharing
LIT_073_KL23KL54KL58_PROTEIN_101	LIT_073_KL23KL54KL58_PROTEIN_99	50.769	65	28	2	4	68	5	65	1.95e-10	58.5	607.0	tailspike depolymerase	1092.0	TC12-like tail fiber in mydovirus	Different	0.11	0.06	0.06	Nterminal sharing
LIT_073_KL23KL54KL58_PROTEIN_101	LIT_118_KL14_PROTEIN_25	55.319	47	21	0	37	83	167	213	2.83e-08	51.6	607.0	tailspike depolymerase	941.0	tailspike depolymerase	Same	0.08	0.05	0.05	Nterminal sharing
LIT_073_KL23KL54KL58_PROTEIN_101	LIT_110_KL6KL7_PROTEIN_23	51.163	43	20	1	42	83	172	214	5.02e-06	44.3	607.0	tailspike depolymerase	870.0	tailspike depolymerase	Same	0.07	0.05	0.05	Nterminal sharing
LIT_073_KL23KL54KL58_PROTEIN_99	REC_038_KL64_PROTEIN_43	55.072	69	31	0	73	141	163	231	1.31e-18	86.3	1092.0	TC12-like tail fiber in mydovirus	1017.0	tailspike depolymerase	Different	0.06	0.07	0.06	Nterminal sharing
LIT_073_KL23KL54KL58_PROTEIN_99	REC_037_KL64_PROTEIN_43	55.072	69	31	0	73	141	163	231	1.4e-18	86.3	1092.0	TC12-like tail fiber in mydovirus	1017.0	tailspike depolymerase	Different	0.06	0.07	0.06	Nterminal sharing
LIT_073_KL23KL54KL58_PROTEIN_99	REC_020_KL23_PROTEIN_52	50.769	65	28	2	5	65	4	68	2.83e-10	58.9	1092.0	TC12-like tail fiber in mydovirus	607.0	tailspike depolymerase	Different	0.06	0.11	0.06	Nterminal sharing
LIT_073_KL23KL54KL58_PROTEIN_99	LIT_074_KL24KL54KL58_PROTEIN_66	50.0	50	24	1	3	51	2	51	1.12e-08	53.9	1092.0	TC12-like tail fiber in mydovirus	632.0	tailspike depolymerase	Different	0.05	0.08	0.05	Nterminal sharing
LIT_074_KL24KL54KL58_PROTEIN_64	REC_038_KL64_PROTEIN_43	55.072	69	31	0	73	141	163	231	1.33e-18	86.3	1092.0	TC12-like tail fiber in mydovirus	1017.0	tailspike depolymerase	Different	0.06	0.07	0.06	Nterminal sharing
LIT_074_KL24KL54KL58_PROTEIN_64	REC_037_KL64_PROTEIN_43	57.812	64	27	0	78	141	168	231	1.35e-18	86.3	1092.0	TC12-like tail fiber in mydovirus	1017.0	tailspike depolymerase	Different	0.06	0.06	0.06	Nterminal sharing
LIT_074_KL24KL54KL58_PROTEIN_66	LIT_076_KL45KL71_PROTEIN_116	74.074	81	21	0	1	81	1	81	6.43e-29	116.0	632.0	tailspike depolymerase	616.0	tailspike depolymerase	Same	0.13	0.13	0.13	Nterminal sharing
LIT_074_KL24KL54KL58_PROTEIN_66	LIT_075_KL18_PROTEIN_80	77.465	71	14	1	1	69	1	71	2.4600000000000002e-26	108.0	632.0	tailspike depolymerase	549.0	tailspike depolymerase	Same	0.11	0.13	0.11	Nterminal sharing
LIT_074_KL24KL54KL58_PROTEIN_66	REC_020_KL23_PROTEIN_52	79.688	64	13	0	1	64	1	64	5.71e-26	107.0	632.0	tailspike depolymerase	607.0	tailspike depolymerase	Same	0.1	0.11	0.1	Nterminal sharing
LIT_074_KL24KL54KL58_PROTEIN_66	LIT_075_KL18_PROTEIN_78	54.762	42	19	0	2	43	3	44	1.73e-09	55.5	632.0	tailspike depolymerase	806.0	TC10-like tail fiber in mydovirus - variant 2	Different	0.07	0.05	0.05	Nterminal sharing
LIT_074_KL24KL54KL58_PROTEIN_66	LIT_112_KL53_PROTEIN_24	51.163	43	20	1	32	74	169	210	1.94e-05	42.4	632.0	tailspike depolymerase	852.0	tailspike depolymerase	Same	0.07	0.05	0.05	Nterminal sharing
LIT_075_KL18_PROTEIN_78	REC_038_KL64_PROTEIN_43	58.442	77	32	0	73	149	163	239	1.49e-23	101.0	806.0	TC10-like tail fiber in mydovirus - variant 2	1017.0	tailspike depolymerase	Different	0.1	0.08	0.08	Nterminal sharing
LIT_075_KL18_PROTEIN_78	REC_037_KL64_PROTEIN_43	58.442	77	32	0	73	149	163	239	1.56e-23	101.0	806.0	TC10-like tail fiber in mydovirus - variant 2	1017.0	tailspike depolymerase	Different	0.1	0.08	0.08	Nterminal sharing
LIT_075_KL18_PROTEIN_78	REC_009_KL19_PROTEIN_7	50.0	60	28	2	98	156	156	214	5.08e-09	54.3	806.0	TC10-like tail fiber in mydovirus - variant 2	763.0	tailspike depolymerase	Different	0.07	0.08	0.07	Nterminal sharing
LIT_075_KL18_PROTEIN_80	REC_020_KL23_PROTEIN_52	59.124	137	44	2	1	125	1	137	1.63e-38	144.0	549.0	tailspike depolymerase	607.0	tailspike depolymerase	Same	0.25	0.23	0.23	Nterminal sharing
LIT_075_KL18_PROTEIN_80	LIT_076_KL45KL71_PROTEIN_116	80.0	80	16	0	1	80	1	80	4.02e-35	134.0	549.0	tailspike depolymerase	616.0	tailspike depolymerase	Same	0.15	0.13	0.13	Nterminal sharing
LIT_075_KL18_PROTEIN_80	LIT_118_KL14_PROTEIN_25	51.111	45	22	0	37	81	167	211	7.99e-07	46.6	549.0	tailspike depolymerase	941.0	tailspike depolymerase	Same	0.08	0.05	0.05	Nterminal sharing
LIT_075_KL18_PROTEIN_80	LIT_110_KL6KL7_PROTEIN_23	52.941	34	16	0	42	75	172	205	6.38e-05	40.4	549.0	tailspike depolymerase	870.0	tailspike depolymerase	Same	0.06	0.04	0.04	Nterminal sharing
LIT_076_KL45KL71_PROTEIN_115	REC_038_KL64_PROTEIN_43	59.722	72	29	0	78	149	168	239	1.8e-23	102.0	1131.0	TC10-like tail fiber in mydovirus - variant 3	1017.0	tailspike depolymerase	Different	0.06	0.07	0.06	Nterminal sharing
LIT_076_KL45KL71_PROTEIN_115	REC_037_KL64_PROTEIN_43	59.722	72	29	0	78	149	168	239	1.8299999999999997e-23	102.0	1131.0	TC10-like tail fiber in mydovirus - variant 3	1017.0	tailspike depolymerase	Different	0.06	0.07	0.06	Nterminal sharing
LIT_076_KL45KL71_PROTEIN_116	REC_020_KL23_PROTEIN_52	56.429	140	43	3	1	126	1	136	1.52e-33	130.0	616.0	tailspike depolymerase	607.0	tailspike depolymerase	Same	0.23	0.23	0.23	Nterminal sharing
LIT_076_KL45KL71_PROTEIN_116	LIT_110_KL6KL7_PROTEIN_23	67.647	34	11	0	42	75	172	205	2.67e-07	48.5	616.0	tailspike depolymerase	870.0	tailspike depolymerase	Same	0.06	0.04	0.04	Nterminal sharing
LIT_078_KL30KL35KL36_PROTEIN_48	LIT_084_KL16_PROTEIN_47	67.257	113	35	2	1	113	1	111	3.88e-42	160.0	856.0	tailspike depolymerase with fiber-like elements	875.0	tailspike depolymerase	Different	0.13	0.13	0.13	Nterminal sharing
LIT_078_KL30KL35KL36_PROTEIN_48	LIT_087_KL82_PROTEIN_44	69.027	113	33	2	1	113	1	111	5.3999999999999993e-42	159.0	856.0	tailspike depolymerase with fiber-like elements	792.0	tailspike depolymerase	Different	0.13	0.14	0.13	Nterminal sharing
LIT_078_KL30KL35KL36_PROTEIN_48	LIT_083_KL36KL43_PROTEIN_41	69.912	113	32	2	1	113	1	111	5.5399999999999995e-42	159.0	856.0	tailspike depolymerase with fiber-like elements	818.0	tailspike depolymerase	Different	0.13	0.14	0.13	Nterminal sharing
LIT_078_KL30KL35KL36_PROTEIN_48	LIT_089_KL36KL42_PROTEIN_48	64.655	116	39	2	1	116	1	114	6.919999999999999e-42	159.0	856.0	tailspike depolymerase with fiber-like elements	868.0	tailspike depolymerase	Different	0.14	0.13	0.13	Nterminal sharing
LIT_078_KL30KL35KL36_PROTEIN_48	REC_018_KL21_PROTEIN_41	68.142	113	34	2	1	113	1	111	2.21e-41	157.0	856.0	tailspike depolymerase with fiber-like elements	817.0	tailspike depolymerase	Different	0.13	0.14	0.13	Nterminal sharing
LIT_078_KL30KL35KL36_PROTEIN_48	REC_025_KL47_PROTEIN_44	67.257	113	35	2	1	113	1	111	2.41e-41	157.0	856.0	tailspike depolymerase with fiber-like elements	793.0	tailspike depolymerase	Different	0.13	0.14	0.13	Nterminal sharing
LIT_078_KL30KL35KL36_PROTEIN_48	REC_032_KL57_PROTEIN_47	67.257	113	35	2	1	113	1	111	2.91e-41	157.0	856.0	tailspike depolymerase with fiber-like elements	843.0	tailspike depolymerase	Different	0.13	0.13	0.13	Nterminal sharing
LIT_078_KL30KL35KL36_PROTEIN_48	LIT_086_KL48_PROTEIN_49	67.257	113	35	2	1	113	1	111	4.22e-41	156.0	856.0	tailspike depolymerase with fiber-like elements	763.0	tailspike depolymerase	Different	0.13	0.15	0.13	Nterminal sharing
LIT_078_KL30KL35KL36_PROTEIN_48	REC_023_KL47_PROTEIN_42	66.379	116	37	2	1	116	1	114	4.22e-41	157.0	856.0	tailspike depolymerase with fiber-like elements	802.0	tailspike depolymerase	Different	0.14	0.14	0.14	Nterminal sharing
LIT_078_KL30KL35KL36_PROTEIN_48	LIT_082_KL26KL74_PROTEIN_49	68.142	113	34	2	1	113	1	111	5.92e-41	156.0	856.0	tailspike depolymerase with fiber-like elements	808.0	tailspike depolymerase	Different	0.13	0.14	0.13	Nterminal sharing
LIT_078_KL30KL35KL36_PROTEIN_48	REC_044_KN4_PROTEIN_47	65.487	113	37	2	1	113	1	111	6.18e-41	156.0	856.0	tailspike depolymerase with fiber-like elements	850.0	tailspike depolymerase	Different	0.13	0.13	0.13	Nterminal sharing
LIT_078_KL30KL35KL36_PROTEIN_48	LIT_085_KL56_PROTEIN_47	67.257	113	35	2	1	113	1	111	6.64e-41	156.0	856.0	tailspike depolymerase with fiber-like elements	792.0	tailspike depolymerase	Different	0.13	0.14	0.13	Nterminal sharing
LIT_078_KL30KL35KL36_PROTEIN_48	REC_030_KL56KN3_PROTEIN_41	65.517	116	38	2	1	116	1	114	7.32e-41	156.0	856.0	tailspike depolymerase with fiber-like elements	792.0	tailspike depolymerase	Different	0.14	0.15	0.14	Nterminal sharing
LIT_078_KL30KL35KL36_PROTEIN_48	LIT_080_KL11KL57_PROTEIN_46	66.379	116	37	2	1	116	1	114	8.29e-41	156.0	856.0	tailspike depolymerase with fiber-like elements	875.0	tailspike depolymerase	Different	0.14	0.13	0.13	Nterminal sharing
LIT_078_KL30KL35KL36_PROTEIN_48	REC_024_KL47_PROTEIN_43	65.487	113	37	2	1	113	1	111	9.61e-41	155.0	856.0	tailspike depolymerase with fiber-like elements	793.0	tailspike depolymerase	Different	0.13	0.14	0.13	Nterminal sharing
LIT_078_KL30KL35KL36_PROTEIN_48	LIT_079_KL74_PROTEIN_51	67.257	113	35	2	1	113	1	111	1.24e-40	155.0	856.0	tailspike depolymerase with fiber-like elements	808.0	tailspike depolymerase	Different	0.13	0.14	0.13	Nterminal sharing
LIT_078_KL30KL35KL36_PROTEIN_48	REC_022_KL30KL69_PROTEIN_42	65.487	113	37	2	1	113	1	111	1.7499999999999999e-40	155.0	856.0	tailspike depolymerase with fiber-like elements	792.0	tailspike depolymerase with fiber-like elements	Same	0.13	0.14	0.13	Nterminal sharing
LIT_078_KL30KL35KL36_PROTEIN_48	REC_026_KL5KL8_PROTEIN_40	66.372	113	36	2	1	113	1	111	2.0099999999999998e-40	154.0	856.0	tailspike depolymerase with fiber-like elements	749.0	tailspike depolymerase with fiber-like elements	Same	0.13	0.15	0.13	Nterminal sharing
LIT_078_KL30KL35KL36_PROTEIN_48	LIT_091_KL1KL8_PROTEIN_47	66.372	113	36	2	1	113	1	111	2.5099999999999997e-40	154.0	856.0	tailspike depolymerase with fiber-like elements	749.0	tailspike depolymerase with fiber-like elements	Same	0.13	0.15	0.13	Nterminal sharing
LIT_078_KL30KL35KL36_PROTEIN_48	REC_019_KL21KL3_PROTEIN_43	64.655	116	39	2	1	116	1	114	2.85e-40	154.0	856.0	tailspike depolymerase with fiber-like elements	869.0	tailspike depolymerase with fiber-like elements	Same	0.14	0.13	0.13	Nterminal sharing
LIT_078_KL30KL35KL36_PROTEIN_48	REC_038_KL64_PROTEIN_43	65.487	113	37	2	1	113	1	111	2.68e-38	149.0	856.0	tailspike depolymerase with fiber-like elements	1017.0	tailspike depolymerase	Different	0.13	0.11	0.11	Nterminal sharing
LIT_078_KL30KL35KL36_PROTEIN_48	REC_037_KL64_PROTEIN_43	65.487	113	37	2	1	113	1	111	4.0399999999999996e-38	148.0	856.0	tailspike depolymerase with fiber-like elements	1017.0	tailspike depolymerase	Different	0.13	0.11	0.11	Nterminal sharing
LIT_078_KL30KL35KL36_PROTEIN_48	REC_041_KN1_PROTEIN_43	63.717	113	39	2	1	113	1	111	6.14e-38	147.0	856.0	tailspike depolymerase with fiber-like elements	819.0	tailspike depolymerase with fiber-like elements	Same	0.13	0.14	0.13	Nterminal sharing
LIT_078_KL30KL35KL36_PROTEIN_48	REC_042_KN1_PROTEIN_43	62.832	113	40	2	1	113	1	111	2.4400000000000003e-37	145.0	856.0	tailspike depolymerase with fiber-like elements	820.0	tailspike depolymerase with fiber-like elements	Same	0.13	0.14	0.13	Nterminal sharing
LIT_078_KL30KL35KL36_PROTEIN_48	LIT_097_Kn_PROTEIN_46	54.545	121	49	3	1	117	1	119	2.0800000000000002e-31	125.0	856.0	tailspike depolymerase with fiber-like elements	575.0	TC16 tail fiber	Different	0.14	0.21	0.14	Nterminal sharing
LIT_078_KL30KL35KL36_PROTEIN_48	LIT_128_KL10_PROTEIN_49	53.913	115	47	3	5	113	5	119	4.52e-28	116.0	856.0	tailspike depolymerase with fiber-like elements	913.0	tailspike depolymerase	Different	0.13	0.13	0.13	Nterminal sharing
LIT_079_KL74_PROTEIN_51	REC_044_KN4_PROTEIN_47	78.808	151	32	0	1	151	1	151	1.05e-70	244.0	808.0	tailspike depolymerase	850.0	tailspike depolymerase	Same	0.19	0.18	0.18	Nterminal sharing
LIT_079_KL74_PROTEIN_51	LIT_090_KL27_PROTEIN_48	74.342	152	39	0	1	152	1	152	3.14e-63	226.0	808.0	tailspike depolymerase	1242.0	tailspike depolymerase with fiber-like elements	Different	0.19	0.12	0.12	Nterminal sharing
LIT_079_KL74_PROTEIN_51	REC_041_KN1_PROTEIN_43	67.532	154	50	0	1	154	1	154	1.5500000000000001e-58	209.0	808.0	tailspike depolymerase	819.0	tailspike depolymerase with fiber-like elements	Different	0.19	0.19	0.19	Nterminal sharing
LIT_079_KL74_PROTEIN_51	REC_042_KN1_PROTEIN_43	66.883	154	51	0	1	154	1	154	1.13e-57	206.0	808.0	tailspike depolymerase	820.0	tailspike depolymerase with fiber-like elements	Different	0.19	0.19	0.19	Nterminal sharing
LIT_079_KL74_PROTEIN_51	REC_038_KL64_PROTEIN_43	64.103	156	56	0	1	156	1	156	2.09e-53	195.0	808.0	tailspike depolymerase	1017.0	tailspike depolymerase	Same	0.19	0.15	0.15	Nterminal sharing
LIT_079_KL74_PROTEIN_51	REC_037_KL64_PROTEIN_43	63.462	156	57	0	1	156	1	156	9.07e-53	193.0	808.0	tailspike depolymerase	1017.0	tailspike depolymerase	Same	0.19	0.15	0.15	Nterminal sharing
LIT_079_KL74_PROTEIN_52	LIT_080_KL11KL57_PROTEIN_47	77.143	35	7	1	1	35	1	34	5.49e-11	59.7	521.0	tailspike depolymerase	570.0	tailspike depolymerase	Same	0.07	0.06	0.06	Nterminal sharing
LIT_079_KL74_PROTEIN_52	LIT_082_KL26KL74_PROTEIN_50	67.5	40	13	0	1	40	1	40	1.27e-10	58.5	521.0	tailspike depolymerase	595.0	tailspike depolymerase	Same	0.08	0.07	0.07	Nterminal sharing
LIT_079_KL74_PROTEIN_52	REC_025_KL47_PROTEIN_45	70.732	41	12	0	1	41	1	41	1.56e-10	58.2	521.0	tailspike depolymerase	641.0	tailspike depolymerase	Same	0.08	0.06	0.06	Nterminal sharing
LIT_079_KL74_PROTEIN_52	REC_023_KL47_PROTEIN_43	70.732	41	12	0	1	41	1	41	1.56e-10	58.2	521.0	tailspike depolymerase	641.0	tailspike depolymerase	Same	0.08	0.06	0.06	Nterminal sharing
LIT_079_KL74_PROTEIN_52	REC_024_KL47_PROTEIN_44	70.732	41	12	0	1	41	1	41	1.6e-10	58.2	521.0	tailspike depolymerase	641.0	tailspike depolymerase	Same	0.08	0.06	0.06	Nterminal sharing
LIT_079_KL74_PROTEIN_52	LIT_081_KL58_PROTEIN_48	65.714	35	12	0	1	35	1	35	2.56e-09	54.3	521.0	tailspike depolymerase	598.0	tailspike depolymerase	Same	0.07	0.06	0.06	Nterminal sharing
LIT_080_KL11KL57_PROTEIN_46	REC_044_KN4_PROTEIN_47	83.117	154	26	0	1	154	1	154	4.62e-76	260.0	875.0	tailspike depolymerase	850.0	tailspike depolymerase	Same	0.18	0.18	0.18	Nterminal sharing
LIT_080_KL11KL57_PROTEIN_46	LIT_090_KL27_PROTEIN_48	74.138	174	43	2	1	172	1	174	4.94e-69	244.0	875.0	tailspike depolymerase	1242.0	tailspike depolymerase with fiber-like elements	Different	0.2	0.14	0.14	Nterminal sharing
LIT_080_KL11KL57_PROTEIN_46	REC_042_KN1_PROTEIN_43	71.429	154	44	0	1	154	1	154	2.14e-62	221.0	875.0	tailspike depolymerase	820.0	tailspike depolymerase with fiber-like elements	Different	0.18	0.19	0.18	Nterminal sharing
LIT_080_KL11KL57_PROTEIN_46	REC_041_KN1_PROTEIN_43	70.13	154	46	0	1	154	1	154	3.26e-61	218.0	875.0	tailspike depolymerase	819.0	tailspike depolymerase with fiber-like elements	Different	0.18	0.19	0.18	Nterminal sharing
LIT_080_KL11KL57_PROTEIN_47	REC_022_KL30KL69_PROTEIN_43	56.25	80	28	2	3	77	4	81	3.31e-17	79.7	570.0	tailspike depolymerase	685.0	tailspike depolymerase	Same	0.14	0.12	0.12	Nterminal sharing
LIT_080_KL11KL57_PROTEIN_47	REC_026_KL5KL8_PROTEIN_41	53.659	82	31	2	1	77	1	80	1.41e-16	77.8	570.0	tailspike depolymerase	684.0	tailspike depolymerase	Same	0.14	0.12	0.12	Nterminal sharing
LIT_080_KL11KL57_PROTEIN_47	REC_019_KL21KL3_PROTEIN_44	83.333	30	5	0	1	30	1	30	1.05e-10	58.9	570.0	tailspike depolymerase	576.0	tailspike depolymerase	Same	0.05	0.05	0.05	Nterminal sharing
LIT_080_KL11KL57_PROTEIN_47	LIT_088_KL2KL37_PROTEIN_48	70.968	31	9	0	1	31	1	31	3.76e-08	50.8	570.0	tailspike depolymerase	524.0	tailspike depolymerase	Same	0.05	0.06	0.05	Nterminal sharing
LIT_081_KL58_PROTEIN_48	LIT_082_KL26KL74_PROTEIN_50	59.459	37	15	0	1	37	1	37	5.47e-09	53.5	598.0	tailspike depolymerase	595.0	tailspike depolymerase	Same	0.06	0.06	0.06	Nterminal sharing
LIT_081_KL58_PROTEIN_48	REC_018_KL21_PROTEIN_42	52.941	34	16	0	2	35	1	34	6.24e-08	50.1	598.0	tailspike depolymerase	575.0	tailspike depolymerase	Same	0.06	0.06	0.06	Nterminal sharing
LIT_081_KL58_PROTEIN_48	REC_025_KL47_PROTEIN_45	58.333	36	15	0	1	36	1	36	6.79e-08	50.1	598.0	tailspike depolymerase	641.0	tailspike depolymerase	Same	0.06	0.06	0.06	Nterminal sharing
LIT_081_KL58_PROTEIN_48	REC_023_KL47_PROTEIN_43	58.333	36	15	0	1	36	1	36	6.84e-08	50.1	598.0	tailspike depolymerase	641.0	tailspike depolymerase	Same	0.06	0.06	0.06	Nterminal sharing
LIT_081_KL58_PROTEIN_48	REC_024_KL47_PROTEIN_44	58.333	36	15	0	1	36	1	36	6.9e-08	50.1	598.0	tailspike depolymerase	641.0	tailspike depolymerase	Same	0.06	0.06	0.06	Nterminal sharing
LIT_082_KL26KL74_PROTEIN_49	REC_044_KN4_PROTEIN_47	78.808	151	32	0	1	151	1	151	2.41e-71	246.0	808.0	tailspike depolymerase	850.0	tailspike depolymerase	Same	0.19	0.18	0.18	Nterminal sharing
LIT_082_KL26KL74_PROTEIN_49	LIT_090_KL27_PROTEIN_48	74.342	152	39	0	1	152	1	152	6.94e-64	228.0	808.0	tailspike depolymerase	1242.0	tailspike depolymerase with fiber-like elements	Different	0.19	0.12	0.12	Nterminal sharing
LIT_082_KL26KL74_PROTEIN_49	REC_041_KN1_PROTEIN_43	67.532	154	50	0	1	154	1	154	3.4e-59	211.0	808.0	tailspike depolymerase	819.0	tailspike depolymerase with fiber-like elements	Different	0.19	0.19	0.19	Nterminal sharing
LIT_082_KL26KL74_PROTEIN_49	REC_042_KN1_PROTEIN_43	66.883	154	51	0	1	154	1	154	2.3000000000000002e-58	208.0	808.0	tailspike depolymerase	820.0	tailspike depolymerase with fiber-like elements	Different	0.19	0.19	0.19	Nterminal sharing
LIT_082_KL26KL74_PROTEIN_49	REC_038_KL64_PROTEIN_43	63.462	156	57	0	1	156	1	156	2.9e-53	195.0	808.0	tailspike depolymerase	1017.0	tailspike depolymerase	Same	0.19	0.15	0.15	Nterminal sharing
LIT_082_KL26KL74_PROTEIN_49	REC_037_KL64_PROTEIN_43	62.821	156	58	0	1	156	1	156	1.3899999999999998e-52	192.0	808.0	tailspike depolymerase	1017.0	tailspike depolymerase	Same	0.19	0.15	0.15	Nterminal sharing
LIT_082_KL26KL74_PROTEIN_50	REC_026_KL5KL8_PROTEIN_41	93.333	30	2	0	1	30	1	30	9.3e-12	62.4	595.0	tailspike depolymerase	684.0	tailspike depolymerase	Same	0.05	0.04	0.04	Nterminal sharing
LIT_082_KL26KL74_PROTEIN_50	LIT_128_KL10_PROTEIN_50	78.788	33	7	0	1	33	1	33	4.49e-10	57.0	595.0	tailspike depolymerase	512.0	tailspike depolymerase	Same	0.06	0.06	0.06	Nterminal sharing
LIT_082_KL26KL74_PROTEIN_50	LIT_086_KL48_PROTEIN_50	80.0	30	6	0	1	30	1	30	1.53e-09	55.1	595.0	tailspike depolymerase	521.0	putative esterase containing tailspike	Different	0.05	0.06	0.05	Nterminal sharing
LIT_082_KL26KL74_PROTEIN_50	LIT_085_KL56_PROTEIN_48	60.0	40	16	0	1	40	2	41	4.34e-09	53.9	595.0	tailspike depolymerase	678.0	tailspike depolymerase	Same	0.07	0.06	0.06	Nterminal sharing
LIT_082_KL26KL74_PROTEIN_50	REC_030_KL56KN3_PROTEIN_42	61.111	36	14	0	5	40	6	41	4.25e-08	50.8	595.0	tailspike depolymerase	678.0	tailspike depolymerase	Same	0.06	0.05	0.05	Nterminal sharing
LIT_082_KL26KL74_PROTEIN_50	LIT_087_KL82_PROTEIN_45	53.061	49	20	1	5	50	6	54	9.9e-08	49.7	595.0	tailspike depolymerase	638.0	tailspike depolymerase	Same	0.08	0.08	0.08	Nterminal sharing
LIT_083_KL36KL43_PROTEIN_41	REC_044_KN4_PROTEIN_47	77.922	154	34	0	1	154	1	154	5.900000000000001e-72	248.0	818.0	tailspike depolymerase	850.0	tailspike depolymerase	Same	0.19	0.18	0.18	Nterminal sharing
LIT_083_KL36KL43_PROTEIN_41	LIT_090_KL27_PROTEIN_48	75.658	152	37	0	1	152	1	152	4e-65	231.0	818.0	tailspike depolymerase	1242.0	tailspike depolymerase with fiber-like elements	Different	0.19	0.12	0.12	Nterminal sharing
LIT_083_KL36KL43_PROTEIN_41	REC_042_KN1_PROTEIN_43	69.481	154	47	0	1	154	1	154	5.5599999999999996e-61	216.0	818.0	tailspike depolymerase	820.0	tailspike depolymerase with fiber-like elements	Different	0.19	0.19	0.19	Nterminal sharing
LIT_083_KL36KL43_PROTEIN_41	REC_041_KN1_PROTEIN_43	68.831	154	48	0	1	154	1	154	1.9499999999999998e-60	214.0	818.0	tailspike depolymerase	819.0	tailspike depolymerase with fiber-like elements	Different	0.19	0.19	0.19	Nterminal sharing
LIT_083_KL36KL43_PROTEIN_41	REC_037_KL64_PROTEIN_43	63.462	156	57	0	1	156	1	156	3.72e-53	194.0	818.0	tailspike depolymerase	1017.0	tailspike depolymerase	Same	0.19	0.15	0.15	Nterminal sharing
LIT_083_KL36KL43_PROTEIN_41	REC_038_KL64_PROTEIN_43	62.821	156	58	0	1	156	1	156	1.19e-52	193.0	818.0	tailspike depolymerase	1017.0	tailspike depolymerase	Same	0.19	0.15	0.15	Nterminal sharing
LIT_083_KL36KL43_PROTEIN_42	REC_026_KL5KL8_PROTEIN_41	67.568	37	12	0	1	37	2	38	2.17e-09	55.1	612.0	tailspike depolymerase	684.0	tailspike depolymerase	Same	0.06	0.05	0.05	Nterminal sharing
LIT_083_KL36KL43_PROTEIN_42	REC_022_KL30KL69_PROTEIN_43	73.529	34	9	0	4	37	6	39	2.91e-09	54.7	612.0	tailspike depolymerase	685.0	tailspike depolymerase	Same	0.06	0.05	0.05	Nterminal sharing
LIT_083_KL36KL43_PROTEIN_42	REC_018_KL21_PROTEIN_42	75.0	32	8	0	1	32	1	32	4.48e-09	53.9	612.0	tailspike depolymerase	575.0	tailspike depolymerase	Same	0.05	0.06	0.05	Nterminal sharing
LIT_083_KL36KL43_PROTEIN_42	LIT_087_KL82_PROTEIN_45	51.02	49	19	1	4	47	6	54	2.12e-08	51.6	612.0	tailspike depolymerase	638.0	tailspike depolymerase	Same	0.08	0.08	0.08	Nterminal sharing
LIT_083_KL36KL43_PROTEIN_42	LIT_086_KL48_PROTEIN_50	63.333	30	11	0	1	30	2	31	1.2e-06	45.8	612.0	tailspike depolymerase	521.0	putative esterase containing tailspike	Different	0.05	0.06	0.05	Nterminal sharing
LIT_084_KL16_PROTEIN_47	REC_044_KN4_PROTEIN_47	83.766	154	25	0	1	154	1	154	3.21e-78	266.0	875.0	tailspike depolymerase	850.0	tailspike depolymerase	Same	0.18	0.18	0.18	Nterminal sharing
LIT_084_KL16_PROTEIN_47	LIT_090_KL27_PROTEIN_48	70.115	174	50	2	1	172	1	174	4.7999999999999993e-67	238.0	875.0	tailspike depolymerase	1242.0	tailspike depolymerase with fiber-like elements	Different	0.2	0.14	0.14	Nterminal sharing
LIT_084_KL16_PROTEIN_47	REC_042_KN1_PROTEIN_43	69.481	154	47	0	1	154	1	154	3.3299999999999997e-62	220.0	875.0	tailspike depolymerase	820.0	tailspike depolymerase with fiber-like elements	Different	0.18	0.19	0.18	Nterminal sharing
LIT_084_KL16_PROTEIN_47	REC_041_KN1_PROTEIN_43	68.831	154	48	0	1	154	1	154	1.04e-61	219.0	875.0	tailspike depolymerase	819.0	tailspike depolymerase with fiber-like elements	Different	0.18	0.19	0.18	Nterminal sharing
LIT_084_KL16_PROTEIN_47	LIT_097_Kn_PROTEIN_46	50.331	151	69	3	5	150	5	154	1.88e-39	149.0	875.0	tailspike depolymerase	575.0	TC16 tail fiber	Different	0.17	0.26	0.17	Nterminal sharing
LIT_085_KL56_PROTEIN_47	REC_044_KN4_PROTEIN_47	65.534	206	46	2	1	199	1	188	2.32e-76	259.0	792.0	tailspike depolymerase	850.0	tailspike depolymerase	Same	0.26	0.24	0.24	Nterminal sharing
LIT_085_KL56_PROTEIN_47	LIT_090_KL27_PROTEIN_48	74.545	165	41	1	1	164	1	165	2.8099999999999998e-67	238.0	792.0	tailspike depolymerase	1242.0	tailspike depolymerase with fiber-like elements	Different	0.21	0.13	0.13	Nterminal sharing
LIT_085_KL56_PROTEIN_47	REC_042_KN1_PROTEIN_43	69.481	154	47	0	1	154	1	154	4.75e-62	219.0	792.0	tailspike depolymerase	820.0	tailspike depolymerase with fiber-like elements	Different	0.19	0.19	0.19	Nterminal sharing
LIT_085_KL56_PROTEIN_47	REC_041_KN1_PROTEIN_43	68.182	154	49	0	1	154	1	154	6.69e-61	215.0	792.0	tailspike depolymerase	819.0	tailspike depolymerase with fiber-like elements	Different	0.19	0.19	0.19	Nterminal sharing
LIT_085_KL56_PROTEIN_48	REC_022_KL30KL69_PROTEIN_43	81.25	32	6	0	1	32	1	32	9.05e-12	62.8	678.0	tailspike depolymerase	685.0	tailspike depolymerase	Same	0.05	0.05	0.05	Nterminal sharing
LIT_085_KL56_PROTEIN_48	REC_018_KL21_PROTEIN_42	53.846	52	18	1	6	51	4	55	2.12e-09	55.1	678.0	tailspike depolymerase	575.0	tailspike depolymerase	Same	0.08	0.09	0.08	Nterminal sharing
LIT_085_KL56_PROTEIN_48	REC_019_KL21KL3_PROTEIN_44	50.877	57	21	2	1	51	1	56	1.15e-08	52.8	678.0	tailspike depolymerase	576.0	tailspike depolymerase	Same	0.08	0.1	0.08	Nterminal sharing
LIT_085_KL56_PROTEIN_48	LIT_086_KL48_PROTEIN_50	70.968	31	9	0	2	32	1	31	1.95e-08	52.0	678.0	tailspike depolymerase	521.0	putative esterase containing tailspike	Different	0.05	0.06	0.05	Nterminal sharing
LIT_085_KL56_PROTEIN_48	REC_026_KL5KL8_PROTEIN_41	67.742	31	10	0	2	32	1	31	3.88e-08	51.2	678.0	tailspike depolymerase	684.0	tailspike depolymerase	Same	0.05	0.05	0.05	Nterminal sharing
LIT_085_KL56_PROTEIN_48	REC_023_KL47_PROTEIN_43	70.0	30	9	0	2	31	1	30	1.43e-07	49.3	678.0	tailspike depolymerase	641.0	tailspike depolymerase	Same	0.04	0.05	0.04	Nterminal sharing
LIT_085_KL56_PROTEIN_48	REC_024_KL47_PROTEIN_44	70.0	30	9	0	2	31	1	30	1.48e-07	49.3	678.0	tailspike depolymerase	641.0	tailspike depolymerase	Same	0.04	0.05	0.04	Nterminal sharing
LIT_085_KL56_PROTEIN_48	REC_025_KL47_PROTEIN_45	70.0	30	9	0	2	31	1	30	1.49e-07	49.3	678.0	tailspike depolymerase	641.0	tailspike depolymerase	Same	0.04	0.05	0.04	Nterminal sharing
LIT_086_KL48_PROTEIN_49	REC_044_KN4_PROTEIN_47	79.221	154	32	0	1	154	1	154	1.47e-74	254.0	763.0	tailspike depolymerase	850.0	tailspike depolymerase	Same	0.2	0.18	0.18	Nterminal sharing
LIT_086_KL48_PROTEIN_49	LIT_090_KL27_PROTEIN_48	65.318	173	58	2	1	171	1	173	2.48e-62	222.0	763.0	tailspike depolymerase	1242.0	tailspike depolymerase with fiber-like elements	Different	0.23	0.14	0.14	Nterminal sharing
LIT_086_KL48_PROTEIN_49	REC_041_KN1_PROTEIN_43	65.584	154	53	0	1	154	1	154	1.2200000000000001e-58	208.0	763.0	tailspike depolymerase	819.0	tailspike depolymerase with fiber-like elements	Different	0.2	0.19	0.19	Nterminal sharing
LIT_086_KL48_PROTEIN_49	REC_042_KN1_PROTEIN_43	65.584	154	53	0	1	154	1	154	1.37e-58	208.0	763.0	tailspike depolymerase	820.0	tailspike depolymerase with fiber-like elements	Different	0.2	0.19	0.19	Nterminal sharing
LIT_086_KL48_PROTEIN_50	REC_026_KL5KL8_PROTEIN_41	84.375	32	5	0	1	32	1	32	2.37e-11	60.8	521.0	putative esterase containing tailspike	684.0	tailspike depolymerase	Different	0.06	0.05	0.05	Nterminal sharing
LIT_086_KL48_PROTEIN_50	REC_019_KL21KL3_PROTEIN_44	72.973	37	10	0	1	37	1	37	7.17e-11	59.3	521.0	putative esterase containing tailspike	576.0	tailspike depolymerase	Different	0.07	0.06	0.06	Nterminal sharing
LIT_086_KL48_PROTEIN_50	REC_022_KL30KL69_PROTEIN_43	83.333	30	5	0	3	32	4	33	3.1e-10	57.4	521.0	putative esterase containing tailspike	685.0	tailspike depolymerase	Different	0.06	0.04	0.04	Nterminal sharing
LIT_086_KL48_PROTEIN_50	LIT_087_KL82_PROTEIN_45	70.588	34	10	0	4	37	5	38	7.21e-09	52.8	521.0	putative esterase containing tailspike	638.0	tailspike depolymerase	Different	0.07	0.05	0.05	Nterminal sharing
LIT_086_KL48_PROTEIN_50	REC_018_KL21_PROTEIN_42	66.667	33	11	0	5	37	4	36	5.53e-08	50.1	521.0	putative esterase containing tailspike	575.0	tailspike depolymerase	Different	0.06	0.06	0.06	Nterminal sharing
LIT_086_KL48_PROTEIN_50	REC_030_KL56KN3_PROTEIN_42	64.516	31	11	0	1	31	2	32	2.32e-07	48.1	521.0	putative esterase containing tailspike	678.0	tailspike depolymerase	Different	0.06	0.05	0.05	Nterminal sharing
LIT_087_KL82_PROTEIN_44	REC_044_KN4_PROTEIN_47	66.505	206	44	2	1	199	1	188	2.5700000000000002e-77	262.0	792.0	tailspike depolymerase	850.0	tailspike depolymerase	Same	0.26	0.24	0.24	Nterminal sharing
LIT_087_KL82_PROTEIN_44	LIT_090_KL27_PROTEIN_48	72.727	165	44	1	1	164	1	165	1.1700000000000001e-65	233.0	792.0	tailspike depolymerase	1242.0	tailspike depolymerase with fiber-like elements	Different	0.21	0.13	0.13	Nterminal sharing
LIT_087_KL82_PROTEIN_44	REC_041_KN1_PROTEIN_43	68.831	154	48	0	1	154	1	154	1.1699999999999999e-60	215.0	792.0	tailspike depolymerase	819.0	tailspike depolymerase with fiber-like elements	Different	0.19	0.19	0.19	Nterminal sharing
LIT_087_KL82_PROTEIN_44	REC_042_KN1_PROTEIN_43	68.831	154	48	0	1	154	1	154	1.21e-60	214.0	792.0	tailspike depolymerase	820.0	tailspike depolymerase with fiber-like elements	Different	0.19	0.19	0.19	Nterminal sharing
LIT_087_KL82_PROTEIN_44	REC_037_KL64_PROTEIN_43	64.744	156	55	0	1	156	1	156	6.74e-56	202.0	792.0	tailspike depolymerase	1017.0	tailspike depolymerase	Same	0.2	0.15	0.15	Nterminal sharing
LIT_087_KL82_PROTEIN_44	REC_038_KL64_PROTEIN_43	64.103	156	56	0	1	156	1	156	1.77e-55	201.0	792.0	tailspike depolymerase	1017.0	tailspike depolymerase	Same	0.2	0.15	0.15	Nterminal sharing
LIT_087_KL82_PROTEIN_45	REC_022_KL30KL69_PROTEIN_43	79.412	34	7	0	1	34	1	34	6.51e-12	63.2	638.0	tailspike depolymerase	685.0	tailspike depolymerase	Same	0.05	0.05	0.05	Nterminal sharing
LIT_087_KL82_PROTEIN_45	REC_019_KL21KL3_PROTEIN_44	57.143	42	18	0	5	46	4	45	1.44e-08	52.4	638.0	tailspike depolymerase	576.0	tailspike depolymerase	Same	0.07	0.07	0.07	Nterminal sharing
LIT_087_KL82_PROTEIN_45	REC_018_KL21_PROTEIN_42	53.659	41	19	0	6	46	4	44	9.19e-08	49.7	638.0	tailspike depolymerase	575.0	tailspike depolymerase	Same	0.06	0.07	0.06	Nterminal sharing
LIT_088_KL2KL37_PROTEIN_48	REC_019_KL21KL3_PROTEIN_44	52.542	59	19	1	1	59	1	50	1.15e-10	58.5	524.0	tailspike depolymerase	576.0	tailspike depolymerase	Same	0.11	0.1	0.1	Nterminal sharing
LIT_088_KL2KL37_PROTEIN_48	REC_018_KL21_PROTEIN_42	50.0	58	20	1	2	59	1	49	1.38e-09	55.1	524.0	tailspike depolymerase	575.0	tailspike depolymerase	Same	0.11	0.1	0.1	Nterminal sharing
LIT_089_KL36KL42_PROTEIN_48	REC_044_KN4_PROTEIN_47	78.289	152	33	0	1	152	1	152	1.14e-71	248.0	868.0	tailspike depolymerase	850.0	tailspike depolymerase	Same	0.18	0.18	0.18	Nterminal sharing
LIT_089_KL36KL42_PROTEIN_48	LIT_090_KL27_PROTEIN_48	60.513	195	65	1	1	183	1	195	7.83e-65	231.0	868.0	tailspike depolymerase	1242.0	tailspike depolymerase with fiber-like elements	Different	0.22	0.16	0.16	Nterminal sharing
LIT_089_KL36KL42_PROTEIN_48	REC_041_KN1_PROTEIN_43	70.13	154	46	0	1	154	1	154	1.39e-62	221.0	868.0	tailspike depolymerase	819.0	tailspike depolymerase with fiber-like elements	Different	0.18	0.19	0.18	Nterminal sharing
LIT_089_KL36KL42_PROTEIN_48	REC_042_KN1_PROTEIN_43	69.481	154	47	0	1	154	1	154	6.69e-62	219.0	868.0	tailspike depolymerase	820.0	tailspike depolymerase with fiber-like elements	Different	0.18	0.19	0.18	Nterminal sharing
LIT_090_KL27_PROTEIN_48	REC_044_KN4_PROTEIN_47	65.5	200	62	2	1	197	1	196	3.93e-71	251.0	1242.0	tailspike depolymerase with fiber-like elements	850.0	tailspike depolymerase	Different	0.16	0.24	0.16	Nterminal sharing
LIT_090_KL27_PROTEIN_48	REC_022_KL30KL69_PROTEIN_42	71.348	178	50	1	1	178	1	177	4.4999999999999996e-69	243.0	1242.0	tailspike depolymerase with fiber-like elements	792.0	tailspike depolymerase with fiber-like elements	Same	0.14	0.22	0.14	Nterminal sharing
LIT_090_KL27_PROTEIN_48	REC_023_KL47_PROTEIN_42	72.989	174	45	2	1	174	1	172	1.34e-68	242.0	1242.0	tailspike depolymerase with fiber-like elements	802.0	tailspike depolymerase	Different	0.14	0.22	0.14	Nterminal sharing
LIT_090_KL27_PROTEIN_48	REC_024_KL47_PROTEIN_43	71.839	174	47	2	1	174	1	172	5.15e-68	240.0	1242.0	tailspike depolymerase with fiber-like elements	793.0	tailspike depolymerase	Different	0.14	0.22	0.14	Nterminal sharing
LIT_090_KL27_PROTEIN_48	REC_026_KL5KL8_PROTEIN_40	79.47	151	31	0	1	151	1	151	8.91e-68	239.0	1242.0	tailspike depolymerase with fiber-like elements	749.0	tailspike depolymerase with fiber-like elements	Same	0.12	0.2	0.12	Nterminal sharing
LIT_090_KL27_PROTEIN_48	LIT_091_KL1KL8_PROTEIN_47	79.47	151	31	0	1	151	1	151	9.789999999999999e-68	238.0	1242.0	tailspike depolymerase with fiber-like elements	749.0	tailspike depolymerase with fiber-like elements	Same	0.12	0.2	0.12	Nterminal sharing
LIT_090_KL27_PROTEIN_48	REC_018_KL21_PROTEIN_41	78.289	152	33	0	1	152	1	152	2.0999999999999998e-67	239.0	1242.0	tailspike depolymerase with fiber-like elements	817.0	tailspike depolymerase	Different	0.12	0.19	0.12	Nterminal sharing
LIT_090_KL27_PROTEIN_48	REC_030_KL56KN3_PROTEIN_41	66.492	191	62	2	1	191	1	189	1.03e-66	236.0	1242.0	tailspike depolymerase with fiber-like elements	792.0	tailspike depolymerase	Different	0.15	0.24	0.15	Nterminal sharing
LIT_090_KL27_PROTEIN_48	REC_025_KL47_PROTEIN_44	71.264	174	48	2	1	174	1	172	4.22e-66	234.0	1242.0	tailspike depolymerase with fiber-like elements	793.0	tailspike depolymerase	Different	0.14	0.22	0.14	Nterminal sharing
LIT_090_KL27_PROTEIN_48	REC_019_KL21KL3_PROTEIN_43	71.687	166	46	1	1	166	1	165	2.64e-64	230.0	1242.0	tailspike depolymerase with fiber-like elements	869.0	tailspike depolymerase with fiber-like elements	Same	0.13	0.19	0.13	Nterminal sharing
LIT_090_KL27_PROTEIN_48	REC_042_KN1_PROTEIN_43	70.807	161	47	0	1	161	1	161	1.3299999999999999e-62	224.0	1242.0	tailspike depolymerase with fiber-like elements	820.0	tailspike depolymerase with fiber-like elements	Same	0.13	0.2	0.13	Nterminal sharing
LIT_090_KL27_PROTEIN_48	REC_041_KN1_PROTEIN_43	73.026	152	41	0	1	152	1	152	7.99e-62	222.0	1242.0	tailspike depolymerase with fiber-like elements	819.0	tailspike depolymerase with fiber-like elements	Same	0.12	0.19	0.12	Nterminal sharing
LIT_090_KL27_PROTEIN_48	REC_032_KL57_PROTEIN_47	67.47	166	53	1	1	166	1	165	9.999999999999999e-62	222.0	1242.0	tailspike depolymerase with fiber-like elements	843.0	tailspike depolymerase	Different	0.13	0.2	0.13	Nterminal sharing
LIT_090_KL27_PROTEIN_48	REC_037_KL64_PROTEIN_43	60.773	181	62	3	1	173	1	180	1.58e-53	199.0	1242.0	tailspike depolymerase with fiber-like elements	1017.0	tailspike depolymerase	Different	0.15	0.18	0.15	Nterminal sharing
LIT_090_KL27_PROTEIN_48	REC_038_KL64_PROTEIN_43	60.221	181	63	3	1	173	1	180	4.74e-53	197.0	1242.0	tailspike depolymerase with fiber-like elements	1017.0	tailspike depolymerase	Different	0.15	0.18	0.15	Nterminal sharing
LIT_091_KL1KL8_PROTEIN_47	REC_044_KN4_PROTEIN_47	83.117	154	26	0	1	154	1	154	5.99e-77	260.0	749.0	tailspike depolymerase with fiber-like elements	850.0	tailspike depolymerase	Different	0.21	0.18	0.18	Nterminal sharing
LIT_091_KL1KL8_PROTEIN_47	REC_042_KN1_PROTEIN_43	68.831	154	48	0	1	154	1	154	9.74e-61	214.0	749.0	tailspike depolymerase with fiber-like elements	820.0	tailspike depolymerase with fiber-like elements	Same	0.21	0.19	0.19	Nterminal sharing
LIT_091_KL1KL8_PROTEIN_47	REC_041_KN1_PROTEIN_43	68.874	151	47	0	1	151	1	151	1.22e-59	211.0	749.0	tailspike depolymerase with fiber-like elements	819.0	tailspike depolymerase with fiber-like elements	Same	0.2	0.18	0.18	Nterminal sharing
LIT_091_KL1KL8_PROTEIN_47	REC_037_KL64_PROTEIN_43	56.831	183	77	1	1	183	1	181	3.4399999999999995e-54	197.0	749.0	tailspike depolymerase with fiber-like elements	1017.0	tailspike depolymerase	Different	0.24	0.18	0.18	Nterminal sharing
LIT_091_KL1KL8_PROTEIN_47	REC_038_KL64_PROTEIN_43	56.284	183	78	1	1	183	1	181	1.04e-53	195.0	749.0	tailspike depolymerase with fiber-like elements	1017.0	tailspike depolymerase	Different	0.24	0.18	0.18	Nterminal sharing
LIT_096_KL5_PROTEIN_197	REC_017_KL20KL27KL7_PROTEIN_152	76.404	89	17	1	1	89	1	85	2.19e-36	140.0	756.0	tailspike depolymerase	602.0	tailspike depolymerase	Same	0.12	0.15	0.12	Nterminal sharing
LIT_096_KL5_PROTEIN_197	REC_043_KN2_PROTEIN_134	73.563	87	23	0	1	87	1	87	1.18e-33	132.0	756.0	tailspike depolymerase	657.0	tailspike depolymerase	Same	0.12	0.13	0.12	Nterminal sharing
LIT_096_KL5_PROTEIN_198	REC_043_KN2_PROTEIN_135	71.56	109	28	1	1	109	1	106	5.99e-43	157.0	634.0	tailspike depolymerase with fiber-like elements	562.0	RaK2 gp526-like	Different	0.17	0.19	0.17	Nterminal sharing
LIT_096_KL5_PROTEIN_198	REC_017_KL20KL27KL7_PROTEIN_153	82.955	88	15	0	1	88	1	88	5.61e-40	150.0	634.0	tailspike depolymerase with fiber-like elements	723.0	tailspike depolymerase	Different	0.14	0.12	0.12	Nterminal sharing
LIT_096_KL5_PROTEIN_198	REC_028_KL51_PROTEIN_295	52.83	106	46	1	1	102	1	106	5.78e-30	120.0	634.0	tailspike depolymerase with fiber-like elements	809.0	tailspike depolymerase	Different	0.17	0.13	0.13	Nterminal sharing
LIT_096_KL5_PROTEIN_198	REC_001_Kn_PROTEIN_558	55.208	96	43	0	1	96	1	96	6.64e-30	120.0	634.0	tailspike depolymerase with fiber-like elements	702.0	tailspike depolymerase	Different	0.15	0.14	0.14	Nterminal sharing
LIT_096_KL5_PROTEIN_198	REC_028_KL51_PROTEIN_298	59.302	86	35	0	1	86	1	86	6.28e-29	117.0	634.0	tailspike depolymerase with fiber-like elements	1127.0	tailspike depolymerase with fiber-like elements	Same	0.14	0.08	0.08	Nterminal sharing
LIT_096_KL5_PROTEIN_198	REC_017_KL20KL27KL7_PROTEIN_152	51.402	107	48	1	1	107	1	103	6.07e-28	113.0	634.0	tailspike depolymerase with fiber-like elements	602.0	tailspike depolymerase	Different	0.17	0.18	0.17	Nterminal sharing
LIT_097_Kn_PROTEIN_46	LIT_128_KL10_PROTEIN_49	57.5	160	64	1	1	156	1	160	1.22e-49	179.0	575.0	TC16 tail fiber	913.0	tailspike depolymerase	Different	0.28	0.18	0.18	Nterminal sharing
LIT_103_KL28KL69_PROTEIN_24	REC_011_KL2_PROTEIN_22	72.146	219	57	2	1	216	1	218	1.31e-76	263.0	894.0	L-shaped tail fiber-like	907.0	tailspike depolymerase	Different	0.24	0.24	0.24	Nterminal sharing
LIT_103_KL28KL69_PROTEIN_24	REC_012_KL2_PROTEIN_32	71.233	219	59	2	1	216	1	218	4.87e-76	261.0	894.0	L-shaped tail fiber-like	907.0	tailspike depolymerase	Different	0.24	0.24	0.24	Nterminal sharing
LIT_103_KL28KL69_PROTEIN_24	REC_006_KL13KL2_PROTEIN_63	71.233	219	59	2	1	216	1	218	5.12e-76	261.0	894.0	L-shaped tail fiber-like	907.0	tailspike depolymerase	Different	0.24	0.24	0.24	Nterminal sharing
LIT_103_KL28KL69_PROTEIN_24	LIT_109_KL2_PROTEIN_23	71.233	219	59	2	1	216	1	218	5.76e-76	261.0	894.0	L-shaped tail fiber-like	907.0	tailspike depolymerase	Different	0.24	0.24	0.24	Nterminal sharing
LIT_103_KL28KL69_PROTEIN_24	LIT_118_KL14_PROTEIN_25	90.533	169	16	0	1	169	1	169	1.0700000000000001e-75	261.0	894.0	L-shaped tail fiber-like	941.0	tailspike depolymerase	Different	0.19	0.18	0.18	Nterminal sharing
LIT_103_KL28KL69_PROTEIN_24	LIT_113_KL46_PROTEIN_23	78.283	198	39	2	1	195	1	197	3.16e-75	259.0	894.0	L-shaped tail fiber-like	927.0	tailspike depolymerase with fiber-like elements	Different	0.22	0.21	0.21	Nterminal sharing
LIT_103_KL28KL69_PROTEIN_24	LIT_111_KL2_PROTEIN_23	70.32	219	61	2	1	216	1	218	4.97e-75	259.0	894.0	L-shaped tail fiber-like	907.0	tailspike depolymerase	Different	0.24	0.24	0.24	Nterminal sharing
LIT_103_KL28KL69_PROTEIN_24	REC_014_KL2_PROTEIN_2	70.32	219	61	2	1	216	1	218	5.43e-75	259.0	894.0	L-shaped tail fiber-like	907.0	tailspike depolymerase	Different	0.24	0.24	0.24	Nterminal sharing
LIT_103_KL28KL69_PROTEIN_24	LIT_130_KL17_PROTEIN_23	72.642	212	42	5	1	206	1	202	9.01e-75	254.0	894.0	L-shaped tail fiber-like	729.0	tailspike depolymerase	Different	0.24	0.29	0.24	Nterminal sharing
LIT_103_KL28KL69_PROTEIN_24	LIT_107_KL64_PROTEIN_24	86.982	169	22	0	1	169	1	169	2.5799999999999998e-74	258.0	894.0	L-shaped tail fiber-like	952.0	tailspike depolymerase	Different	0.19	0.18	0.18	Nterminal sharing
LIT_103_KL28KL69_PROTEIN_24	LIT_114_KL54_PROTEIN_23	84.615	169	26	0	1	169	1	169	1.08e-73	251.0	894.0	L-shaped tail fiber-like	729.0	tailspike depolymerase	Different	0.19	0.23	0.19	Nterminal sharing
LIT_103_KL28KL69_PROTEIN_24	LIT_110_KL6KL7_PROTEIN_23	85.207	169	25	0	1	169	1	169	4.3600000000000005e-73	253.0	894.0	L-shaped tail fiber-like	870.0	tailspike depolymerase	Different	0.19	0.19	0.19	Nterminal sharing
LIT_103_KL28KL69_PROTEIN_24	LIT_105_KL63_PROTEIN_22	85.207	169	25	0	1	169	1	169	4.9e-72	250.0	894.0	L-shaped tail fiber-like	883.0	tailspike depolymerase	Different	0.19	0.19	0.19	Nterminal sharing
LIT_103_KL28KL69_PROTEIN_24	REC_036_KL63_PROTEIN_49	85.207	169	25	0	1	169	1	169	7.09e-72	249.0	894.0	L-shaped tail fiber-like	883.0	tailspike depolymerase	Different	0.19	0.19	0.19	Nterminal sharing
LIT_103_KL28KL69_PROTEIN_24	LIT_106_KL38_PROTEIN_24	84.024	169	27	0	1	169	1	169	9.91e-72	252.0	894.0	L-shaped tail fiber-like	1171.0	tailspike depolymerase with fiber-like elements	Different	0.19	0.14	0.14	Nterminal sharing
LIT_103_KL28KL69_PROTEIN_24	REC_034_KL62_PROTEIN_30	83.929	168	27	0	1	168	1	168	1.4000000000000001e-70	242.0	894.0	L-shaped tail fiber-like	692.0	tailspike depolymerase	Different	0.19	0.24	0.19	Nterminal sharing
LIT_103_KL28KL69_PROTEIN_24	LIT_112_KL53_PROTEIN_24	92.063	126	10	0	1	126	1	126	1.64e-65	231.0	894.0	L-shaped tail fiber-like	852.0	tailspike depolymerase	Different	0.14	0.15	0.14	Nterminal sharing
LIT_103_KL28KL69_PROTEIN_24	REC_027_KL5_PROTEIN_35	76.331	169	40	0	1	169	1	169	2.13e-65	231.0	894.0	L-shaped tail fiber-like	857.0	tailspike depolymerase	Different	0.19	0.2	0.19	Nterminal sharing
LIT_103_KL28KL69_PROTEIN_24	REC_013_KL2_PROTEIN_22	81.6	125	23	0	1	125	1	125	1.57e-57	206.0	894.0	L-shaped tail fiber-like	763.0	tailspike depolymerase	Different	0.14	0.16	0.14	Nterminal sharing
LIT_103_KL28KL69_PROTEIN_24	LIT_104_KL2_PROTEIN_24	81.6	125	23	0	1	125	1	125	1.8e-57	206.0	894.0	L-shaped tail fiber-like	763.0	tailspike depolymerase	Different	0.14	0.16	0.14	Nterminal sharing
LIT_103_KL28KL69_PROTEIN_24	LIT_123_KL43KL50KL69_PROTEIN_28	55.814	172	76	0	1	172	1	172	1.4499999999999999e-52	194.0	894.0	L-shaped tail fiber-like	1314.0	L-shaped tail fiber-like	Same	0.19	0.13	0.13	Nterminal sharing
LIT_104_KL2_PROTEIN_24	LIT_114_KL54_PROTEIN_23	66.827	208	55	1	1	208	1	194	1.77e-74	251.0	763.0	tailspike depolymerase	729.0	tailspike depolymerase	Same	0.27	0.29	0.27	Nterminal sharing
LIT_104_KL2_PROTEIN_24	LIT_107_KL64_PROTEIN_24	65.865	208	57	1	1	208	1	194	2.5799999999999998e-74	255.0	763.0	tailspike depolymerase	952.0	tailspike depolymerase	Same	0.27	0.22	0.22	Nterminal sharing
LIT_104_KL2_PROTEIN_24	LIT_110_KL6KL7_PROTEIN_23	66.346	208	56	1	1	208	1	194	5.069999999999999e-74	253.0	763.0	tailspike depolymerase	870.0	tailspike depolymerase	Same	0.27	0.24	0.24	Nterminal sharing
LIT_104_KL2_PROTEIN_24	LIT_106_KL38_PROTEIN_24	65.297	219	61	3	1	219	1	204	6.300000000000001e-73	253.0	763.0	tailspike depolymerase	1171.0	tailspike depolymerase with fiber-like elements	Different	0.29	0.19	0.19	Nterminal sharing
LIT_104_KL2_PROTEIN_24	REC_034_KL62_PROTEIN_30	60.714	224	67	1	1	224	1	203	1.52e-72	245.0	763.0	tailspike depolymerase	692.0	tailspike depolymerase	Same	0.29	0.32	0.29	Nterminal sharing
LIT_104_KL2_PROTEIN_24	LIT_130_KL17_PROTEIN_23	63.942	208	61	1	1	208	1	194	1.62e-72	246.0	763.0	tailspike depolymerase	729.0	tailspike depolymerase	Same	0.27	0.29	0.27	Nterminal sharing
LIT_104_KL2_PROTEIN_24	LIT_113_KL46_PROTEIN_23	66.995	203	60	2	1	203	1	196	2.21e-71	246.0	763.0	tailspike depolymerase	927.0	tailspike depolymerase with fiber-like elements	Different	0.27	0.22	0.22	Nterminal sharing
LIT_104_KL2_PROTEIN_24	LIT_118_KL14_PROTEIN_25	65.217	207	58	2	1	207	1	193	1.9900000000000002e-70	244.0	763.0	tailspike depolymerase	941.0	tailspike depolymerase	Same	0.27	0.22	0.22	Nterminal sharing
LIT_104_KL2_PROTEIN_24	LIT_116_KL31KL37_PROTEIN_25	68.449	187	56	1	1	187	1	184	8.829999999999999e-69	238.0	763.0	tailspike depolymerase	892.0	L-shaped tail fiber-like	Different	0.25	0.21	0.21	Nterminal sharing
LIT_104_KL2_PROTEIN_24	LIT_108_KL11KL28KL33_PROTEIN_25	68.449	187	56	1	1	187	1	184	8.829999999999999e-69	238.0	763.0	tailspike depolymerase	892.0	L-shaped tail fiber-like	Different	0.25	0.21	0.21	Nterminal sharing
LIT_104_KL2_PROTEIN_24	REC_027_KL5_PROTEIN_35	61.058	208	67	2	1	208	1	194	1.94e-66	231.0	763.0	tailspike depolymerase	857.0	tailspike depolymerase	Same	0.27	0.24	0.24	Nterminal sharing
LIT_104_KL2_PROTEIN_24	LIT_115_Kn_PROTEIN_25	62.176	193	56	1	1	176	1	193	1.17e-63	224.0	763.0	tailspike depolymerase	973.0	L-shaped tail fiber-like	Different	0.25	0.2	0.2	Nterminal sharing
LIT_104_KL2_PROTEIN_24	LIT_120_KL28KL69_PROTEIN_24	61.658	193	57	1	1	176	1	193	3.75e-63	223.0	763.0	tailspike depolymerase	973.0	L-shaped tail fiber-like	Different	0.25	0.2	0.2	Nterminal sharing
LIT_104_KL2_PROTEIN_24	LIT_119_Kn_PROTEIN_25	66.848	184	50	2	1	173	1	184	7.89e-63	221.0	763.0	tailspike depolymerase	894.0	L-shaped tail fiber-like	Different	0.24	0.21	0.21	Nterminal sharing
LIT_104_KL2_PROTEIN_24	LIT_117_Kn_PROTEIN_25	64.706	187	63	1	1	187	1	184	6.9499999999999995e-62	219.0	763.0	tailspike depolymerase	892.0	L-shaped tail fiber-like	Different	0.25	0.21	0.21	Nterminal sharing
LIT_105_KL63_PROTEIN_22	LIT_130_KL17_PROTEIN_23	73.387	248	58	3	1	248	1	240	2.82e-96	313.0	883.0	tailspike depolymerase	729.0	tailspike depolymerase	Same	0.28	0.34	0.28	Nterminal sharing
LIT_105_KL63_PROTEIN_22	LIT_110_KL6KL7_PROTEIN_23	85.567	194	28	0	1	194	1	194	4.74e-91	302.0	883.0	tailspike depolymerase	870.0	tailspike depolymerase	Same	0.22	0.22	0.22	Nterminal sharing
LIT_105_KL63_PROTEIN_22	LIT_114_KL54_PROTEIN_23	87.113	194	25	0	1	194	1	194	8.409999999999999e-91	298.0	883.0	tailspike depolymerase	729.0	tailspike depolymerase	Same	0.22	0.27	0.22	Nterminal sharing
LIT_105_KL63_PROTEIN_22	LIT_106_KL38_PROTEIN_24	87.113	194	25	0	1	194	1	194	2.25e-90	306.0	883.0	tailspike depolymerase	1171.0	tailspike depolymerase with fiber-like elements	Different	0.22	0.17	0.17	Nterminal sharing
LIT_105_KL63_PROTEIN_22	REC_034_KL62_PROTEIN_30	76.777	211	42	1	1	211	1	204	2.79e-88	290.0	883.0	tailspike depolymerase	692.0	tailspike depolymerase	Same	0.24	0.3	0.24	Nterminal sharing
LIT_105_KL63_PROTEIN_22	LIT_118_KL14_PROTEIN_25	79.621	211	38	1	1	206	1	211	4.13e-88	296.0	883.0	tailspike depolymerase	941.0	tailspike depolymerase	Same	0.24	0.22	0.22	Nterminal sharing
LIT_105_KL63_PROTEIN_22	LIT_113_KL46_PROTEIN_23	83.085	201	27	1	1	194	1	201	4.95e-87	292.0	883.0	tailspike depolymerase	927.0	tailspike depolymerase with fiber-like elements	Different	0.23	0.22	0.22	Nterminal sharing
LIT_105_KL63_PROTEIN_22	REC_027_KL5_PROTEIN_35	82.54	189	33	0	1	189	1	189	2.38e-83	281.0	883.0	tailspike depolymerase	857.0	tailspike depolymerase	Same	0.21	0.22	0.21	Nterminal sharing
LIT_105_KL63_PROTEIN_22	LIT_120_KL28KL69_PROTEIN_24	81.818	176	18	1	1	162	1	176	1.27e-78	270.0	883.0	tailspike depolymerase	973.0	L-shaped tail fiber-like	Different	0.2	0.18	0.18	Nterminal sharing
LIT_105_KL63_PROTEIN_22	LIT_115_Kn_PROTEIN_25	80.114	176	21	1	1	162	1	176	3.1600000000000003e-77	266.0	883.0	tailspike depolymerase	973.0	L-shaped tail fiber-like	Different	0.2	0.18	0.18	Nterminal sharing
LIT_105_KL63_PROTEIN_22	LIT_119_Kn_PROTEIN_25	82.609	184	25	1	1	177	1	184	4.53e-77	264.0	883.0	tailspike depolymerase	894.0	L-shaped tail fiber-like	Different	0.21	0.21	0.21	Nterminal sharing
LIT_105_KL63_PROTEIN_22	LIT_112_KL53_PROTEIN_24	69.802	202	54	1	1	195	1	202	5.64e-77	263.0	883.0	tailspike depolymerase	852.0	tailspike depolymerase	Same	0.23	0.24	0.23	Nterminal sharing
LIT_105_KL63_PROTEIN_22	LIT_117_Kn_PROTEIN_25	82.609	184	25	1	1	177	1	184	9.98e-77	263.0	883.0	tailspike depolymerase	892.0	L-shaped tail fiber-like	Different	0.21	0.21	0.21	Nterminal sharing
LIT_105_KL63_PROTEIN_22	LIT_116_KL31KL37_PROTEIN_25	77.174	184	35	1	1	177	1	184	6.51e-70	244.0	883.0	tailspike depolymerase	892.0	L-shaped tail fiber-like	Different	0.21	0.21	0.21	Nterminal sharing
LIT_105_KL63_PROTEIN_22	LIT_108_KL11KL28KL33_PROTEIN_25	77.174	184	35	1	1	177	1	184	6.51e-70	244.0	883.0	tailspike depolymerase	892.0	L-shaped tail fiber-like	Different	0.21	0.21	0.21	Nterminal sharing
LIT_105_KL63_PROTEIN_22	LIT_123_KL43KL50KL69_PROTEIN_28	56.627	166	72	0	1	166	1	166	1.49e-51	191.0	883.0	tailspike depolymerase	1314.0	L-shaped tail fiber-like	Different	0.19	0.13	0.13	Nterminal sharing
LIT_106_KL38_PROTEIN_24	LIT_107_KL64_PROTEIN_24	90.404	198	19	0	1	198	1	198	2.7499999999999997e-95	322.0	1171.0	tailspike depolymerase with fiber-like elements	952.0	tailspike depolymerase	Different	0.17	0.21	0.17	Nterminal sharing
LIT_106_KL38_PROTEIN_24	LIT_110_KL6KL7_PROTEIN_23	79.638	221	43	1	1	219	1	221	2.69e-94	317.0	1171.0	tailspike depolymerase with fiber-like elements	870.0	tailspike depolymerase	Different	0.19	0.25	0.19	Nterminal sharing
LIT_106_KL38_PROTEIN_24	LIT_114_KL54_PROTEIN_23	81.416	226	33	3	1	217	1	226	5.24e-94	312.0	1171.0	tailspike depolymerase with fiber-like elements	729.0	tailspike depolymerase	Different	0.19	0.31	0.19	Nterminal sharing
LIT_106_KL38_PROTEIN_24	LIT_130_KL17_PROTEIN_23	87.113	194	25	0	1	194	1	194	4.06e-92	307.0	1171.0	tailspike depolymerase with fiber-like elements	729.0	tailspike depolymerase	Different	0.17	0.27	0.17	Nterminal sharing
LIT_106_KL38_PROTEIN_24	REC_034_KL62_PROTEIN_30	78.667	225	36	2	1	225	1	213	5.949999999999999e-90	300.0	1171.0	tailspike depolymerase with fiber-like elements	692.0	tailspike depolymerase	Different	0.19	0.33	0.19	Nterminal sharing
LIT_106_KL38_PROTEIN_24	REC_011_KL2_PROTEIN_22	72.926	229	41	3	1	221	1	216	1.4599999999999998e-89	304.0	1171.0	tailspike depolymerase with fiber-like elements	907.0	tailspike depolymerase	Different	0.2	0.25	0.2	Nterminal sharing
LIT_106_KL38_PROTEIN_24	LIT_109_KL2_PROTEIN_23	72.489	229	42	3	1	221	1	216	4.3e-89	303.0	1171.0	tailspike depolymerase with fiber-like elements	907.0	tailspike depolymerase	Different	0.2	0.25	0.2	Nterminal sharing
LIT_106_KL38_PROTEIN_24	REC_012_KL2_PROTEIN_32	72.489	229	42	3	1	221	1	216	4.7499999999999994e-89	303.0	1171.0	tailspike depolymerase with fiber-like elements	907.0	tailspike depolymerase	Different	0.2	0.25	0.2	Nterminal sharing
LIT_106_KL38_PROTEIN_24	REC_006_KL13KL2_PROTEIN_63	72.489	229	42	3	1	221	1	216	4.9899999999999996e-89	303.0	1171.0	tailspike depolymerase with fiber-like elements	907.0	tailspike depolymerase	Different	0.2	0.25	0.2	Nterminal sharing
LIT_106_KL38_PROTEIN_24	REC_036_KL63_PROTEIN_49	87.113	194	25	0	1	194	1	194	9.4e-89	301.0	1171.0	tailspike depolymerase with fiber-like elements	883.0	tailspike depolymerase	Different	0.17	0.22	0.17	Nterminal sharing
LIT_106_KL38_PROTEIN_24	REC_027_KL5_PROTEIN_35	82.843	204	35	0	1	204	1	204	3.74e-88	299.0	1171.0	tailspike depolymerase with fiber-like elements	857.0	tailspike depolymerase	Different	0.17	0.24	0.17	Nterminal sharing
LIT_106_KL38_PROTEIN_24	LIT_118_KL14_PROTEIN_25	82.266	203	36	0	1	203	1	203	7.73e-88	300.0	1171.0	tailspike depolymerase with fiber-like elements	941.0	tailspike depolymerase	Different	0.17	0.22	0.17	Nterminal sharing
LIT_106_KL38_PROTEIN_24	LIT_111_KL2_PROTEIN_23	71.616	229	44	3	1	221	1	216	9.290000000000001e-88	299.0	1171.0	tailspike depolymerase with fiber-like elements	907.0	tailspike depolymerase	Different	0.2	0.25	0.2	Nterminal sharing
LIT_106_KL38_PROTEIN_24	REC_014_KL2_PROTEIN_2	71.179	229	45	3	1	221	1	216	5.88e-87	297.0	1171.0	tailspike depolymerase with fiber-like elements	907.0	tailspike depolymerase	Different	0.2	0.25	0.2	Nterminal sharing
LIT_106_KL38_PROTEIN_24	LIT_113_KL46_PROTEIN_23	85.714	196	21	1	1	189	1	196	2.64e-84	290.0	1171.0	tailspike depolymerase with fiber-like elements	927.0	tailspike depolymerase with fiber-like elements	Same	0.17	0.21	0.17	Nterminal sharing
LIT_106_KL38_PROTEIN_24	LIT_117_Kn_PROTEIN_25	79.5	200	29	2	1	188	1	200	8.23e-77	268.0	1171.0	tailspike depolymerase with fiber-like elements	892.0	L-shaped tail fiber-like	Different	0.17	0.22	0.17	Nterminal sharing
LIT_106_KL38_PROTEIN_24	LIT_112_KL53_PROTEIN_24	63.265	245	72	3	1	238	1	234	2.57e-76	265.0	1171.0	tailspike depolymerase with fiber-like elements	852.0	tailspike depolymerase	Different	0.21	0.29	0.21	Nterminal sharing
LIT_106_KL38_PROTEIN_24	LIT_119_Kn_PROTEIN_25	75.743	202	37	2	1	190	1	202	5.99e-75	262.0	1171.0	tailspike depolymerase with fiber-like elements	894.0	L-shaped tail fiber-like	Different	0.17	0.23	0.17	Nterminal sharing
LIT_106_KL38_PROTEIN_24	LIT_115_Kn_PROTEIN_25	78.212	179	25	1	1	165	1	179	1.33e-74	262.0	1171.0	tailspike depolymerase with fiber-like elements	973.0	L-shaped tail fiber-like	Different	0.15	0.18	0.15	Nterminal sharing
LIT_106_KL38_PROTEIN_24	LIT_120_KL28KL69_PROTEIN_24	82.249	169	30	0	1	169	1	169	5.95e-73	258.0	1171.0	tailspike depolymerase with fiber-like elements	973.0	L-shaped tail fiber-like	Different	0.14	0.17	0.14	Nterminal sharing
LIT_106_KL38_PROTEIN_24	LIT_116_KL31KL37_PROTEIN_25	73.0	200	42	2	1	188	1	200	8.98e-70	247.0	1171.0	tailspike depolymerase with fiber-like elements	892.0	L-shaped tail fiber-like	Different	0.17	0.22	0.17	Nterminal sharing
LIT_106_KL38_PROTEIN_24	LIT_108_KL11KL28KL33_PROTEIN_25	73.0	200	42	2	1	188	1	200	8.98e-70	247.0	1171.0	tailspike depolymerase with fiber-like elements	892.0	L-shaped tail fiber-like	Different	0.17	0.22	0.17	Nterminal sharing
LIT_106_KL38_PROTEIN_24	REC_013_KL2_PROTEIN_22	65.865	208	57	1	1	194	1	208	2.2499999999999998e-69	243.0	1171.0	tailspike depolymerase with fiber-like elements	763.0	tailspike depolymerase	Different	0.18	0.27	0.18	Nterminal sharing
LIT_106_KL38_PROTEIN_24	LIT_123_KL43KL50KL69_PROTEIN_28	53.846	169	78	0	1	169	1	169	8.13e-50	187.0	1171.0	tailspike depolymerase with fiber-like elements	1314.0	L-shaped tail fiber-like	Different	0.14	0.13	0.13	Nterminal sharing
LIT_107_KL64_PROTEIN_24	LIT_110_KL6KL7_PROTEIN_23	88.119	202	24	0	1	202	1	202	5.99e-98	323.0	952.0	tailspike depolymerase	870.0	tailspike depolymerase	Same	0.21	0.23	0.21	Nterminal sharing
LIT_107_KL64_PROTEIN_24	LIT_130_KL17_PROTEIN_23	74.583	240	59	2	1	239	1	239	4.43e-94	309.0	952.0	tailspike depolymerase	729.0	tailspike depolymerase	Same	0.25	0.33	0.25	Nterminal sharing
LIT_107_KL64_PROTEIN_24	REC_011_KL2_PROTEIN_22	83.085	201	27	1	1	194	1	201	8.18e-94	312.0	952.0	tailspike depolymerase	907.0	tailspike depolymerase	Same	0.21	0.22	0.21	Nterminal sharing
LIT_107_KL64_PROTEIN_24	REC_006_KL13KL2_PROTEIN_63	82.587	201	28	1	1	194	1	201	2.31e-93	311.0	952.0	tailspike depolymerase	907.0	tailspike depolymerase	Same	0.21	0.22	0.21	Nterminal sharing
LIT_107_KL64_PROTEIN_24	REC_012_KL2_PROTEIN_32	82.587	201	28	1	1	194	1	201	2.64e-93	311.0	952.0	tailspike depolymerase	907.0	tailspike depolymerase	Same	0.21	0.22	0.21	Nterminal sharing
LIT_107_KL64_PROTEIN_24	LIT_109_KL2_PROTEIN_23	82.587	201	28	1	1	194	1	201	2.74e-93	311.0	952.0	tailspike depolymerase	907.0	tailspike depolymerase	Same	0.21	0.22	0.21	Nterminal sharing
LIT_107_KL64_PROTEIN_24	LIT_111_KL2_PROTEIN_23	81.592	201	30	1	1	194	1	201	8.95e-92	306.0	952.0	tailspike depolymerase	907.0	tailspike depolymerase	Same	0.21	0.22	0.21	Nterminal sharing
LIT_107_KL64_PROTEIN_24	LIT_114_KL54_PROTEIN_23	87.31	197	25	0	1	197	1	197	1.38e-91	302.0	952.0	tailspike depolymerase	729.0	tailspike depolymerase	Same	0.21	0.27	0.21	Nterminal sharing
LIT_107_KL64_PROTEIN_24	REC_014_KL2_PROTEIN_2	81.095	201	31	1	1	194	1	201	4.1699999999999997e-91	305.0	952.0	tailspike depolymerase	907.0	tailspike depolymerase	Same	0.21	0.22	0.21	Nterminal sharing
LIT_107_KL64_PROTEIN_24	REC_034_KL62_PROTEIN_30	85.714	203	22	1	1	203	1	196	4.63e-91	300.0	952.0	tailspike depolymerase	692.0	tailspike depolymerase	Same	0.21	0.29	0.21	Nterminal sharing
LIT_107_KL64_PROTEIN_24	LIT_113_KL46_PROTEIN_23	85.294	204	23	1	1	197	1	204	1.75e-88	298.0	952.0	tailspike depolymerase	927.0	tailspike depolymerase with fiber-like elements	Different	0.21	0.22	0.21	Nterminal sharing
LIT_107_KL64_PROTEIN_24	LIT_119_Kn_PROTEIN_25	66.667	246	68	3	1	234	1	244	8.14e-78	268.0	952.0	tailspike depolymerase	894.0	L-shaped tail fiber-like	Different	0.26	0.28	0.26	Nterminal sharing
LIT_107_KL64_PROTEIN_24	LIT_112_KL53_PROTEIN_24	71.642	201	50	1	1	194	1	201	2.11e-76	263.0	952.0	tailspike depolymerase	852.0	tailspike depolymerase	Same	0.21	0.24	0.21	Nterminal sharing
LIT_107_KL64_PROTEIN_24	LIT_115_Kn_PROTEIN_25	77.049	183	28	1	1	169	1	183	2.22e-76	265.0	952.0	tailspike depolymerase	973.0	L-shaped tail fiber-like	Different	0.19	0.19	0.19	Nterminal sharing
LIT_107_KL64_PROTEIN_24	LIT_120_KL28KL69_PROTEIN_24	85.799	169	24	0	1	169	1	169	5.15e-76	264.0	952.0	tailspike depolymerase	973.0	L-shaped tail fiber-like	Different	0.18	0.17	0.17	Nterminal sharing
LIT_107_KL64_PROTEIN_24	LIT_116_KL31KL37_PROTEIN_25	85.03	167	25	0	1	167	1	167	1.35e-71	249.0	952.0	tailspike depolymerase	892.0	L-shaped tail fiber-like	Different	0.18	0.19	0.18	Nterminal sharing
LIT_107_KL64_PROTEIN_24	LIT_108_KL11KL28KL33_PROTEIN_25	85.03	167	25	0	1	167	1	167	1.35e-71	249.0	952.0	tailspike depolymerase	892.0	L-shaped tail fiber-like	Different	0.18	0.19	0.18	Nterminal sharing
LIT_107_KL64_PROTEIN_24	REC_013_KL2_PROTEIN_22	65.865	208	57	1	1	194	1	208	2.86e-71	246.0	952.0	tailspike depolymerase	763.0	tailspike depolymerase	Same	0.22	0.27	0.22	Nterminal sharing
LIT_107_KL64_PROTEIN_24	LIT_123_KL43KL50KL69_PROTEIN_28	54.444	180	82	0	1	180	1	180	7.03e-53	196.0	952.0	tailspike depolymerase	1314.0	L-shaped tail fiber-like	Different	0.19	0.14	0.14	Nterminal sharing
LIT_108_KL11KL28KL33_PROTEIN_25	REC_011_KL2_PROTEIN_22	70.698	215	58	3	1	212	1	213	1.11e-73	255.0	892.0	L-shaped tail fiber-like	907.0	tailspike depolymerase	Different	0.24	0.24	0.24	Nterminal sharing
LIT_108_KL11KL28KL33_PROTEIN_25	LIT_109_KL2_PROTEIN_23	69.767	215	60	3	1	212	1	213	3.22e-73	254.0	892.0	L-shaped tail fiber-like	907.0	tailspike depolymerase	Different	0.24	0.24	0.24	Nterminal sharing
LIT_108_KL11KL28KL33_PROTEIN_25	REC_012_KL2_PROTEIN_32	69.767	215	60	3	1	212	1	213	3.25e-73	254.0	892.0	L-shaped tail fiber-like	907.0	tailspike depolymerase	Different	0.24	0.24	0.24	Nterminal sharing
LIT_108_KL11KL28KL33_PROTEIN_25	REC_006_KL13KL2_PROTEIN_63	69.767	215	60	3	1	212	1	213	3.25e-73	254.0	892.0	L-shaped tail fiber-like	907.0	tailspike depolymerase	Different	0.24	0.24	0.24	Nterminal sharing
LIT_108_KL11KL28KL33_PROTEIN_25	LIT_130_KL17_PROTEIN_23	70.952	210	50	3	1	207	1	202	3.77e-73	250.0	892.0	L-shaped tail fiber-like	729.0	tailspike depolymerase	Different	0.24	0.29	0.24	Nterminal sharing
LIT_108_KL11KL28KL33_PROTEIN_25	LIT_110_KL6KL7_PROTEIN_23	79.661	177	36	0	1	177	1	177	2.79e-72	250.0	892.0	L-shaped tail fiber-like	870.0	tailspike depolymerase	Different	0.2	0.2	0.2	Nterminal sharing
LIT_108_KL11KL28KL33_PROTEIN_25	LIT_111_KL2_PROTEIN_23	68.837	215	62	3	1	212	1	213	1.0300000000000001e-71	249.0	892.0	L-shaped tail fiber-like	907.0	tailspike depolymerase	Different	0.24	0.24	0.24	Nterminal sharing
LIT_108_KL11KL28KL33_PROTEIN_25	LIT_113_KL46_PROTEIN_23	78.453	181	39	0	1	181	1	181	1.21e-71	249.0	892.0	L-shaped tail fiber-like	927.0	tailspike depolymerase with fiber-like elements	Different	0.2	0.2	0.2	Nterminal sharing
LIT_108_KL11KL28KL33_PROTEIN_25	REC_014_KL2_PROTEIN_2	68.372	215	63	3	1	212	1	213	6.37e-71	247.0	892.0	L-shaped tail fiber-like	907.0	tailspike depolymerase	Different	0.24	0.24	0.24	Nterminal sharing
LIT_108_KL11KL28KL33_PROTEIN_25	LIT_114_KL54_PROTEIN_23	77.778	180	33	1	1	180	1	173	1.12e-70	243.0	892.0	L-shaped tail fiber-like	729.0	tailspike depolymerase	Different	0.2	0.25	0.2	Nterminal sharing
LIT_108_KL11KL28KL33_PROTEIN_25	REC_036_KL63_PROTEIN_49	77.174	184	35	1	1	184	1	177	1.39e-69	243.0	892.0	L-shaped tail fiber-like	883.0	tailspike depolymerase	Different	0.21	0.21	0.21	Nterminal sharing
LIT_108_KL11KL28KL33_PROTEIN_25	LIT_118_KL14_PROTEIN_25	78.333	180	32	1	1	180	1	173	1.3899999999999999e-67	238.0	892.0	L-shaped tail fiber-like	941.0	tailspike depolymerase	Different	0.2	0.19	0.19	Nterminal sharing
LIT_108_KL11KL28KL33_PROTEIN_25	REC_034_KL62_PROTEIN_30	70.0	200	41	2	1	200	1	181	1.4699999999999998e-67	234.0	892.0	L-shaped tail fiber-like	692.0	tailspike depolymerase	Different	0.22	0.29	0.22	Nterminal sharing
LIT_108_KL11KL28KL33_PROTEIN_25	REC_027_KL5_PROTEIN_35	72.778	180	42	1	1	180	1	173	1.28e-65	231.0	892.0	L-shaped tail fiber-like	857.0	tailspike depolymerase	Different	0.2	0.21	0.2	Nterminal sharing
LIT_108_KL11KL28KL33_PROTEIN_25	REC_013_KL2_PROTEIN_22	84.496	129	20	0	1	129	1	129	7.28e-65	227.0	892.0	L-shaped tail fiber-like	763.0	tailspike depolymerase	Different	0.14	0.17	0.14	Nterminal sharing
LIT_108_KL11KL28KL33_PROTEIN_25	LIT_112_KL53_PROTEIN_24	83.465	127	21	0	1	127	1	127	2.76e-61	218.0	892.0	L-shaped tail fiber-like	852.0	tailspike depolymerase	Different	0.14	0.15	0.14	Nterminal sharing
LIT_108_KL11KL28KL33_PROTEIN_25	LIT_123_KL43KL50KL69_PROTEIN_28	57.803	173	73	0	1	173	1	173	1.7000000000000001e-56	206.0	892.0	L-shaped tail fiber-like	1314.0	L-shaped tail fiber-like	Same	0.19	0.13	0.13	Nterminal sharing
LIT_109_KL2_PROTEIN_23	LIT_113_KL46_PROTEIN_23	90.355	197	19	0	1	197	1	197	8.72e-96	317.0	907.0	tailspike depolymerase	927.0	tailspike depolymerase with fiber-like elements	Different	0.22	0.21	0.21	Nterminal sharing
LIT_109_KL2_PROTEIN_23	LIT_130_KL17_PROTEIN_23	85.572	201	22	1	1	201	1	194	7.56e-95	310.0	907.0	tailspike depolymerase	729.0	tailspike depolymerase	Same	0.22	0.28	0.22	Nterminal sharing
LIT_109_KL2_PROTEIN_23	LIT_110_KL6KL7_PROTEIN_23	87.245	196	18	1	1	196	1	189	7.09e-92	305.0	907.0	tailspike depolymerase	870.0	tailspike depolymerase	Same	0.22	0.23	0.22	Nterminal sharing
LIT_109_KL2_PROTEIN_23	LIT_114_KL54_PROTEIN_23	83.582	201	26	1	1	201	1	194	2.67e-90	297.0	907.0	tailspike depolymerase	729.0	tailspike depolymerase	Same	0.22	0.28	0.22	Nterminal sharing
LIT_109_KL2_PROTEIN_23	REC_034_KL62_PROTEIN_30	85.5	200	15	1	1	200	1	186	1.1399999999999999e-89	295.0	907.0	tailspike depolymerase	692.0	tailspike depolymerase	Same	0.22	0.29	0.22	Nterminal sharing
LIT_109_KL2_PROTEIN_23	LIT_118_KL14_PROTEIN_25	83.673	196	25	1	1	196	1	189	1.32e-85	289.0	907.0	tailspike depolymerase	941.0	tailspike depolymerase	Same	0.22	0.21	0.21	Nterminal sharing
LIT_109_KL2_PROTEIN_23	REC_027_KL5_PROTEIN_35	79.592	196	33	1	1	196	1	189	1.82e-82	279.0	907.0	tailspike depolymerase	857.0	tailspike depolymerase	Same	0.22	0.23	0.22	Nterminal sharing
LIT_109_KL2_PROTEIN_23	LIT_112_KL53_PROTEIN_24	73.134	201	54	0	1	201	1	201	1.83e-80	273.0	907.0	tailspike depolymerase	852.0	tailspike depolymerase	Same	0.22	0.24	0.22	Nterminal sharing
LIT_109_KL2_PROTEIN_23	LIT_115_Kn_PROTEIN_25	79.032	186	25	1	1	172	1	186	2.1900000000000002e-80	275.0	907.0	tailspike depolymerase	973.0	L-shaped tail fiber-like	Different	0.21	0.19	0.19	Nterminal sharing
LIT_109_KL2_PROTEIN_23	LIT_117_Kn_PROTEIN_25	74.884	215	49	3	1	213	1	212	1.06e-79	272.0	907.0	tailspike depolymerase	892.0	L-shaped tail fiber-like	Different	0.24	0.24	0.24	Nterminal sharing
LIT_109_KL2_PROTEIN_23	LIT_119_Kn_PROTEIN_25	82.065	184	33	0	1	184	1	184	1.39e-79	271.0	907.0	tailspike depolymerase	894.0	L-shaped tail fiber-like	Different	0.2	0.21	0.2	Nterminal sharing
LIT_109_KL2_PROTEIN_23	LIT_120_KL28KL69_PROTEIN_24	77.957	186	27	1	1	172	1	186	1.4e-79	273.0	907.0	tailspike depolymerase	973.0	L-shaped tail fiber-like	Different	0.21	0.19	0.19	Nterminal sharing
LIT_109_KL2_PROTEIN_23	LIT_116_KL31KL37_PROTEIN_25	69.767	215	60	3	1	213	1	212	2.08e-72	251.0	907.0	tailspike depolymerase	892.0	L-shaped tail fiber-like	Different	0.24	0.24	0.24	Nterminal sharing
LIT_109_KL2_PROTEIN_23	LIT_123_KL43KL50KL69_PROTEIN_28	58.382	173	72	0	1	173	1	173	2.1399999999999998e-55	203.0	907.0	tailspike depolymerase	1314.0	L-shaped tail fiber-like	Different	0.19	0.13	0.13	Nterminal sharing
LIT_110_KL6KL7_PROTEIN_23	LIT_130_KL17_PROTEIN_23	86.598	194	26	0	1	194	1	194	4.25e-96	312.0	870.0	tailspike depolymerase	729.0	tailspike depolymerase	Same	0.22	0.27	0.22	Nterminal sharing
LIT_110_KL6KL7_PROTEIN_23	REC_011_KL2_PROTEIN_22	86.735	196	19	1	1	189	1	196	1.4099999999999998e-94	312.0	870.0	tailspike depolymerase	907.0	tailspike depolymerase	Same	0.23	0.22	0.22	Nterminal sharing
LIT_110_KL6KL7_PROTEIN_23	REC_012_KL2_PROTEIN_32	86.735	196	19	1	1	189	1	196	4.2599999999999997e-94	311.0	870.0	tailspike depolymerase	907.0	tailspike depolymerase	Same	0.23	0.22	0.22	Nterminal sharing
LIT_110_KL6KL7_PROTEIN_23	REC_006_KL13KL2_PROTEIN_63	86.735	196	19	1	1	189	1	196	6.14e-94	311.0	870.0	tailspike depolymerase	907.0	tailspike depolymerase	Same	0.23	0.22	0.22	Nterminal sharing
LIT_110_KL6KL7_PROTEIN_23	LIT_111_KL2_PROTEIN_23	85.204	196	22	1	1	189	1	196	2.73e-92	306.0	870.0	tailspike depolymerase	907.0	tailspike depolymerase	Same	0.23	0.22	0.22	Nterminal sharing
LIT_110_KL6KL7_PROTEIN_23	REC_014_KL2_PROTEIN_2	84.694	196	23	1	1	189	1	196	1.9099999999999999e-91	304.0	870.0	tailspike depolymerase	907.0	tailspike depolymerase	Same	0.23	0.22	0.22	Nterminal sharing
LIT_110_KL6KL7_PROTEIN_23	REC_036_KL63_PROTEIN_49	85.567	194	28	0	1	194	1	194	1.2699999999999999e-90	301.0	870.0	tailspike depolymerase	883.0	tailspike depolymerase	Same	0.22	0.22	0.22	Nterminal sharing
LIT_110_KL6KL7_PROTEIN_23	REC_034_KL62_PROTEIN_30	81.683	202	30	1	1	202	1	195	1.0999999999999999e-89	294.0	870.0	tailspike depolymerase	692.0	tailspike depolymerase	Same	0.23	0.29	0.23	Nterminal sharing
LIT_110_KL6KL7_PROTEIN_23	LIT_117_Kn_PROTEIN_25	89.82	167	17	0	1	167	1	167	8.010000000000001e-79	269.0	870.0	tailspike depolymerase	892.0	L-shaped tail fiber-like	Different	0.19	0.19	0.19	Nterminal sharing
LIT_110_KL6KL7_PROTEIN_23	LIT_115_Kn_PROTEIN_25	77.202	193	16	2	1	165	1	193	1.48e-77	266.0	870.0	tailspike depolymerase	973.0	L-shaped tail fiber-like	Different	0.22	0.2	0.2	Nterminal sharing
LIT_110_KL6KL7_PROTEIN_23	LIT_119_Kn_PROTEIN_25	87.425	167	21	0	1	167	1	167	2.88e-77	265.0	870.0	tailspike depolymerase	894.0	L-shaped tail fiber-like	Different	0.19	0.19	0.19	Nterminal sharing
LIT_110_KL6KL7_PROTEIN_23	LIT_120_KL28KL69_PROTEIN_24	85.207	169	25	0	1	169	1	169	3.68e-77	265.0	870.0	tailspike depolymerase	973.0	L-shaped tail fiber-like	Different	0.19	0.17	0.17	Nterminal sharing
LIT_110_KL6KL7_PROTEIN_23	LIT_112_KL53_PROTEIN_24	72.637	201	48	1	1	194	1	201	2.03e-76	261.0	870.0	tailspike depolymerase	852.0	tailspike depolymerase	Same	0.23	0.24	0.23	Nterminal sharing
LIT_110_KL6KL7_PROTEIN_23	LIT_116_KL31KL37_PROTEIN_25	79.661	177	36	0	1	177	1	177	3.95e-72	250.0	870.0	tailspike depolymerase	892.0	L-shaped tail fiber-like	Different	0.2	0.2	0.2	Nterminal sharing
LIT_110_KL6KL7_PROTEIN_23	REC_013_KL2_PROTEIN_22	66.346	208	56	1	1	194	1	208	2.5e-71	245.0	870.0	tailspike depolymerase	763.0	tailspike depolymerase	Same	0.24	0.27	0.24	Nterminal sharing
LIT_110_KL6KL7_PROTEIN_23	LIT_123_KL43KL50KL69_PROTEIN_28	55.422	166	74	0	1	166	1	166	8.49e-51	189.0	870.0	tailspike depolymerase	1314.0	L-shaped tail fiber-like	Different	0.19	0.13	0.13	Nterminal sharing
LIT_111_KL2_PROTEIN_23	LIT_113_KL46_PROTEIN_23	89.34	197	21	0	1	197	1	197	9.44e-95	314.0	907.0	tailspike depolymerase	927.0	tailspike depolymerase with fiber-like elements	Different	0.22	0.21	0.21	Nterminal sharing
LIT_111_KL2_PROTEIN_23	LIT_130_KL17_PROTEIN_23	84.577	201	24	1	1	201	1	194	8.71e-94	307.0	907.0	tailspike depolymerase	729.0	tailspike depolymerase	Same	0.22	0.28	0.22	Nterminal sharing
LIT_111_KL2_PROTEIN_23	LIT_114_KL54_PROTEIN_23	83.582	201	26	1	1	201	1	194	9.139999999999999e-89	293.0	907.0	tailspike depolymerase	729.0	tailspike depolymerase	Same	0.22	0.28	0.22	Nterminal sharing
LIT_111_KL2_PROTEIN_23	REC_034_KL62_PROTEIN_30	84.5	200	17	1	1	200	1	186	1.0800000000000001e-88	292.0	907.0	tailspike depolymerase	692.0	tailspike depolymerase	Same	0.22	0.29	0.22	Nterminal sharing
LIT_111_KL2_PROTEIN_23	LIT_118_KL14_PROTEIN_25	83.163	196	26	1	1	196	1	189	5.88e-85	288.0	907.0	tailspike depolymerase	941.0	tailspike depolymerase	Same	0.22	0.21	0.21	Nterminal sharing
LIT_111_KL2_PROTEIN_23	REC_027_KL5_PROTEIN_35	78.571	196	35	1	1	196	1	189	6.71e-81	275.0	907.0	tailspike depolymerase	857.0	tailspike depolymerase	Same	0.22	0.23	0.22	Nterminal sharing
LIT_111_KL2_PROTEIN_23	LIT_120_KL28KL69_PROTEIN_24	78.495	186	26	1	1	172	1	186	1.0000000000000001e-79	273.0	907.0	tailspike depolymerase	973.0	L-shaped tail fiber-like	Different	0.21	0.19	0.19	Nterminal sharing
LIT_111_KL2_PROTEIN_23	LIT_115_Kn_PROTEIN_25	77.957	186	27	1	1	172	1	186	2.0500000000000003e-79	273.0	907.0	tailspike depolymerase	973.0	L-shaped tail fiber-like	Different	0.21	0.19	0.19	Nterminal sharing
LIT_111_KL2_PROTEIN_23	LIT_112_KL53_PROTEIN_24	71.642	201	57	0	1	201	1	201	3.0200000000000005e-79	270.0	907.0	tailspike depolymerase	852.0	tailspike depolymerase	Same	0.22	0.24	0.22	Nterminal sharing
LIT_111_KL2_PROTEIN_23	LIT_117_Kn_PROTEIN_25	73.953	215	51	3	1	213	1	212	4.23e-78	267.0	907.0	tailspike depolymerase	892.0	L-shaped tail fiber-like	Different	0.24	0.24	0.24	Nterminal sharing
LIT_111_KL2_PROTEIN_23	LIT_119_Kn_PROTEIN_25	80.978	184	35	0	1	184	1	184	4.62e-78	267.0	907.0	tailspike depolymerase	894.0	L-shaped tail fiber-like	Different	0.2	0.21	0.2	Nterminal sharing
LIT_111_KL2_PROTEIN_23	LIT_116_KL31KL37_PROTEIN_25	68.837	215	62	3	1	213	1	212	4.8e-71	248.0	907.0	tailspike depolymerase	892.0	L-shaped tail fiber-like	Different	0.24	0.24	0.24	Nterminal sharing
LIT_111_KL2_PROTEIN_23	LIT_123_KL43KL50KL69_PROTEIN_28	57.225	173	74	0	1	173	1	173	8.249999999999999e-54	198.0	907.0	tailspike depolymerase	1314.0	L-shaped tail fiber-like	Different	0.19	0.13	0.13	Nterminal sharing
LIT_112_KL53_PROTEIN_24	REC_011_KL2_PROTEIN_22	74.634	205	46	2	1	202	1	202	1.48e-83	282.0	852.0	tailspike depolymerase	907.0	tailspike depolymerase	Same	0.24	0.23	0.23	Nterminal sharing
LIT_112_KL53_PROTEIN_24	REC_012_KL2_PROTEIN_32	74.634	205	46	2	1	202	1	202	1.67e-83	281.0	852.0	tailspike depolymerase	907.0	tailspike depolymerase	Same	0.24	0.23	0.23	Nterminal sharing
LIT_112_KL53_PROTEIN_24	REC_006_KL13KL2_PROTEIN_63	74.634	205	46	2	1	202	1	202	2.19e-83	281.0	852.0	tailspike depolymerase	907.0	tailspike depolymerase	Same	0.24	0.23	0.23	Nterminal sharing
LIT_112_KL53_PROTEIN_24	LIT_130_KL17_PROTEIN_23	71.144	201	51	1	1	201	1	194	4.3299999999999997e-82	274.0	852.0	tailspike depolymerase	729.0	tailspike depolymerase	Same	0.24	0.28	0.24	Nterminal sharing
LIT_112_KL53_PROTEIN_24	REC_014_KL2_PROTEIN_2	72.683	205	50	2	1	202	1	202	1.4699999999999998e-81	276.0	852.0	tailspike depolymerase	907.0	tailspike depolymerase	Same	0.24	0.23	0.23	Nterminal sharing
LIT_112_KL53_PROTEIN_24	LIT_114_KL54_PROTEIN_23	73.039	204	48	2	1	204	1	197	5.7300000000000006e-80	268.0	852.0	tailspike depolymerase	729.0	tailspike depolymerase	Same	0.24	0.28	0.24	Nterminal sharing
LIT_112_KL53_PROTEIN_24	LIT_113_KL46_PROTEIN_23	72.549	204	50	2	1	201	1	201	5.59e-78	266.0	852.0	tailspike depolymerase	927.0	tailspike depolymerase with fiber-like elements	Different	0.24	0.22	0.22	Nterminal sharing
LIT_112_KL53_PROTEIN_24	REC_034_KL62_PROTEIN_30	63.556	225	67	2	1	225	1	210	2.02e-77	260.0	852.0	tailspike depolymerase	692.0	tailspike depolymerase	Same	0.26	0.33	0.26	Nterminal sharing
LIT_112_KL53_PROTEIN_24	LIT_118_KL14_PROTEIN_25	73.0	200	47	2	1	200	1	193	2.7800000000000003e-77	265.0	852.0	tailspike depolymerase	941.0	tailspike depolymerase	Same	0.23	0.21	0.21	Nterminal sharing
LIT_112_KL53_PROTEIN_24	REC_027_KL5_PROTEIN_35	68.878	196	54	2	1	196	1	189	9.14e-72	248.0	852.0	tailspike depolymerase	857.0	tailspike depolymerase	Same	0.23	0.23	0.23	Nterminal sharing
LIT_112_KL53_PROTEIN_24	LIT_119_Kn_PROTEIN_25	58.4	250	82	6	1	239	1	239	1.65e-69	242.0	852.0	tailspike depolymerase	894.0	L-shaped tail fiber-like	Different	0.29	0.28	0.28	Nterminal sharing
LIT_112_KL53_PROTEIN_24	LIT_117_Kn_PROTEIN_25	67.347	196	60	2	1	195	1	193	8.669999999999999e-68	237.0	852.0	tailspike depolymerase	892.0	L-shaped tail fiber-like	Different	0.23	0.22	0.22	Nterminal sharing
LIT_112_KL53_PROTEIN_24	LIT_120_KL28KL69_PROTEIN_24	69.312	189	34	1	1	165	1	189	1.92e-67	237.0	852.0	tailspike depolymerase	973.0	L-shaped tail fiber-like	Different	0.22	0.19	0.19	Nterminal sharing
LIT_112_KL53_PROTEIN_24	LIT_115_Kn_PROTEIN_25	68.783	189	35	1	1	165	1	189	2.51e-67	237.0	852.0	tailspike depolymerase	973.0	L-shaped tail fiber-like	Different	0.22	0.19	0.19	Nterminal sharing
LIT_112_KL53_PROTEIN_24	LIT_116_KL31KL37_PROTEIN_25	66.848	184	57	2	1	180	1	184	8.46e-63	223.0	852.0	tailspike depolymerase	892.0	L-shaped tail fiber-like	Different	0.22	0.21	0.21	Nterminal sharing
LIT_112_KL53_PROTEIN_24	LIT_123_KL43KL50KL69_PROTEIN_28	52.0	175	74	1	1	165	1	175	1.97e-46	175.0	852.0	tailspike depolymerase	1314.0	L-shaped tail fiber-like	Different	0.21	0.13	0.13	Nterminal sharing
LIT_113_KL46_PROTEIN_23	REC_006_KL13KL2_PROTEIN_63	90.355	197	19	0	1	197	1	197	8.460000000000001e-97	320.0	927.0	tailspike depolymerase with fiber-like elements	907.0	tailspike depolymerase	Different	0.21	0.22	0.21	Nterminal sharing
LIT_113_KL46_PROTEIN_23	REC_012_KL2_PROTEIN_32	90.355	197	19	0	1	197	1	197	8.9e-97	320.0	927.0	tailspike depolymerase with fiber-like elements	907.0	tailspike depolymerase	Different	0.21	0.22	0.21	Nterminal sharing
LIT_113_KL46_PROTEIN_23	REC_011_KL2_PROTEIN_22	90.355	197	19	0	1	197	1	197	4.16e-96	318.0	927.0	tailspike depolymerase with fiber-like elements	907.0	tailspike depolymerase	Different	0.21	0.22	0.21	Nterminal sharing
LIT_113_KL46_PROTEIN_23	REC_014_KL2_PROTEIN_2	89.34	197	21	0	1	197	1	197	7.58e-96	317.0	927.0	tailspike depolymerase with fiber-like elements	907.0	tailspike depolymerase	Different	0.21	0.22	0.21	Nterminal sharing
LIT_113_KL46_PROTEIN_23	LIT_130_KL17_PROTEIN_23	84.08	201	25	1	1	201	1	194	1.1e-90	299.0	927.0	tailspike depolymerase with fiber-like elements	729.0	tailspike depolymerase	Different	0.22	0.28	0.22	Nterminal sharing
LIT_113_KL46_PROTEIN_23	LIT_114_KL54_PROTEIN_23	83.744	203	26	1	1	203	1	196	3.4000000000000003e-88	292.0	927.0	tailspike depolymerase with fiber-like elements	729.0	tailspike depolymerase	Different	0.22	0.28	0.22	Nterminal sharing
LIT_113_KL46_PROTEIN_23	LIT_118_KL14_PROTEIN_25	85.204	196	22	1	1	196	1	189	4.35e-87	294.0	927.0	tailspike depolymerase with fiber-like elements	941.0	tailspike depolymerase	Different	0.21	0.21	0.21	Nterminal sharing
LIT_113_KL46_PROTEIN_23	REC_034_KL62_PROTEIN_30	85.204	196	15	1	1	196	1	182	2.5200000000000003e-86	286.0	927.0	tailspike depolymerase with fiber-like elements	692.0	tailspike depolymerase	Different	0.21	0.28	0.21	Nterminal sharing
LIT_113_KL46_PROTEIN_23	REC_036_KL63_PROTEIN_49	84.577	201	24	1	1	201	1	194	3.32e-86	290.0	927.0	tailspike depolymerase with fiber-like elements	883.0	tailspike depolymerase	Different	0.22	0.23	0.22	Nterminal sharing
LIT_113_KL46_PROTEIN_23	REC_027_KL5_PROTEIN_35	76.526	213	43	1	1	213	1	206	6.79e-83	280.0	927.0	tailspike depolymerase with fiber-like elements	857.0	tailspike depolymerase	Different	0.23	0.25	0.23	Nterminal sharing
LIT_113_KL46_PROTEIN_23	LIT_115_Kn_PROTEIN_25	81.72	186	20	1	1	172	1	186	4.5799999999999997e-82	280.0	927.0	tailspike depolymerase with fiber-like elements	973.0	L-shaped tail fiber-like	Different	0.2	0.19	0.19	Nterminal sharing
LIT_113_KL46_PROTEIN_23	LIT_117_Kn_PROTEIN_25	85.635	181	26	0	1	181	1	181	2.1900000000000002e-80	274.0	927.0	tailspike depolymerase with fiber-like elements	892.0	L-shaped tail fiber-like	Different	0.2	0.2	0.2	Nterminal sharing
LIT_113_KL46_PROTEIN_23	LIT_120_KL28KL69_PROTEIN_24	92.121	165	13	0	1	165	1	165	2.42e-80	275.0	927.0	tailspike depolymerase with fiber-like elements	973.0	L-shaped tail fiber-like	Different	0.18	0.17	0.17	Nterminal sharing
LIT_113_KL46_PROTEIN_23	LIT_119_Kn_PROTEIN_25	78.607	201	38	1	1	196	1	201	6.5600000000000005e-80	273.0	927.0	tailspike depolymerase with fiber-like elements	894.0	L-shaped tail fiber-like	Different	0.22	0.22	0.22	Nterminal sharing
LIT_113_KL46_PROTEIN_23	LIT_116_KL31KL37_PROTEIN_25	78.453	181	39	0	1	181	1	181	5.790000000000001e-72	250.0	927.0	tailspike depolymerase with fiber-like elements	892.0	L-shaped tail fiber-like	Different	0.2	0.2	0.2	Nterminal sharing
LIT_113_KL46_PROTEIN_23	REC_013_KL2_PROTEIN_22	64.532	203	65	1	1	196	1	203	4.6799999999999994e-67	234.0	927.0	tailspike depolymerase with fiber-like elements	763.0	tailspike depolymerase	Different	0.22	0.27	0.22	Nterminal sharing
LIT_113_KL46_PROTEIN_23	LIT_123_KL43KL50KL69_PROTEIN_28	57.225	173	74	0	1	173	1	173	2.89e-53	197.0	927.0	tailspike depolymerase with fiber-like elements	1314.0	L-shaped tail fiber-like	Different	0.19	0.13	0.13	Nterminal sharing
LIT_114_KL54_PROTEIN_23	LIT_130_KL17_PROTEIN_23	87.113	194	25	0	1	194	1	194	9.409999999999999e-95	305.0	729.0	tailspike depolymerase	729.0	tailspike depolymerase	Same	0.27	0.27	0.27	Nterminal sharing
LIT_114_KL54_PROTEIN_23	REC_011_KL2_PROTEIN_22	80.1	201	33	1	1	194	1	201	3.52e-92	302.0	729.0	tailspike depolymerase	907.0	tailspike depolymerase	Same	0.28	0.22	0.22	Nterminal sharing
LIT_114_KL54_PROTEIN_23	REC_012_KL2_PROTEIN_32	79.602	201	34	1	1	194	1	201	1.46e-91	301.0	729.0	tailspike depolymerase	907.0	tailspike depolymerase	Same	0.28	0.22	0.22	Nterminal sharing
LIT_114_KL54_PROTEIN_23	REC_006_KL13KL2_PROTEIN_63	79.602	201	34	1	1	194	1	201	1.6e-91	300.0	729.0	tailspike depolymerase	907.0	tailspike depolymerase	Same	0.28	0.22	0.22	Nterminal sharing
LIT_114_KL54_PROTEIN_23	LIT_118_KL14_PROTEIN_25	84.264	197	31	0	1	197	1	197	4.0299999999999997e-91	300.0	729.0	tailspike depolymerase	941.0	tailspike depolymerase	Same	0.27	0.21	0.21	Nterminal sharing
LIT_114_KL54_PROTEIN_23	REC_036_KL63_PROTEIN_49	87.113	194	25	0	1	194	1	194	6.26e-91	298.0	729.0	tailspike depolymerase	883.0	tailspike depolymerase	Same	0.27	0.22	0.22	Nterminal sharing
LIT_114_KL54_PROTEIN_23	REC_014_KL2_PROTEIN_2	78.607	201	36	1	1	194	1	201	6.55e-90	296.0	729.0	tailspike depolymerase	907.0	tailspike depolymerase	Same	0.28	0.22	0.22	Nterminal sharing
LIT_114_KL54_PROTEIN_23	REC_034_KL62_PROTEIN_30	83.582	201	23	2	1	201	1	191	1.69e-89	290.0	729.0	tailspike depolymerase	692.0	tailspike depolymerase	Same	0.28	0.29	0.28	Nterminal sharing
LIT_114_KL54_PROTEIN_23	REC_027_KL5_PROTEIN_35	84.656	189	29	0	1	189	1	189	1.48e-86	286.0	729.0	tailspike depolymerase	857.0	tailspike depolymerase	Same	0.26	0.22	0.22	Nterminal sharing
LIT_114_KL54_PROTEIN_23	LIT_117_Kn_PROTEIN_25	85.0	180	20	1	1	173	1	180	2.67e-79	267.0	729.0	tailspike depolymerase	892.0	L-shaped tail fiber-like	Different	0.25	0.2	0.2	Nterminal sharing
LIT_114_KL54_PROTEIN_23	LIT_119_Kn_PROTEIN_25	83.333	180	23	1	1	173	1	180	3.16e-78	264.0	729.0	tailspike depolymerase	894.0	L-shaped tail fiber-like	Different	0.25	0.2	0.2	Nterminal sharing
LIT_114_KL54_PROTEIN_23	LIT_115_Kn_PROTEIN_25	77.654	179	26	1	1	165	1	179	2.1900000000000002e-77	263.0	729.0	tailspike depolymerase	973.0	L-shaped tail fiber-like	Different	0.25	0.18	0.18	Nterminal sharing
LIT_114_KL54_PROTEIN_23	LIT_120_KL28KL69_PROTEIN_24	76.536	179	28	1	1	165	1	179	2.88e-76	259.0	729.0	tailspike depolymerase	973.0	L-shaped tail fiber-like	Different	0.25	0.18	0.18	Nterminal sharing
LIT_114_KL54_PROTEIN_23	REC_013_KL2_PROTEIN_22	66.827	208	55	1	1	194	1	208	5.95e-73	247.0	729.0	tailspike depolymerase	763.0	tailspike depolymerase	Same	0.29	0.27	0.27	Nterminal sharing
LIT_114_KL54_PROTEIN_23	LIT_116_KL31KL37_PROTEIN_25	77.778	180	33	1	1	173	1	180	5.78e-71	244.0	729.0	tailspike depolymerase	892.0	L-shaped tail fiber-like	Different	0.25	0.2	0.2	Nterminal sharing
LIT_114_KL54_PROTEIN_23	LIT_123_KL43KL50KL69_PROTEIN_28	53.846	169	78	0	1	169	1	169	2.38e-50	185.0	729.0	tailspike depolymerase	1314.0	L-shaped tail fiber-like	Different	0.23	0.13	0.13	Nterminal sharing
LIT_115_Kn_PROTEIN_25	REC_006_KL13KL2_PROTEIN_63	68.487	238	70	1	1	233	1	238	5.43e-79	271.0	973.0	L-shaped tail fiber-like	907.0	tailspike depolymerase	Different	0.24	0.26	0.24	Nterminal sharing
LIT_115_Kn_PROTEIN_25	REC_012_KL2_PROTEIN_32	68.487	238	70	1	1	233	1	238	6.050000000000001e-79	271.0	973.0	L-shaped tail fiber-like	907.0	tailspike depolymerase	Different	0.24	0.26	0.24	Nterminal sharing
LIT_115_Kn_PROTEIN_25	REC_011_KL2_PROTEIN_22	68.908	238	69	1	1	233	1	238	6.67e-79	271.0	973.0	L-shaped tail fiber-like	907.0	tailspike depolymerase	Different	0.24	0.26	0.24	Nterminal sharing
LIT_115_Kn_PROTEIN_25	REC_014_KL2_PROTEIN_2	68.487	238	70	1	1	233	1	238	6.91e-78	268.0	973.0	L-shaped tail fiber-like	907.0	tailspike depolymerase	Different	0.24	0.26	0.24	Nterminal sharing
LIT_115_Kn_PROTEIN_25	LIT_130_KL17_PROTEIN_23	85.455	165	24	0	1	165	1	165	4.69e-76	259.0	973.0	L-shaped tail fiber-like	729.0	tailspike depolymerase	Different	0.17	0.23	0.17	Nterminal sharing
LIT_115_Kn_PROTEIN_25	REC_036_KL63_PROTEIN_49	89.506	162	17	0	1	162	1	162	2.13e-73	255.0	973.0	L-shaped tail fiber-like	883.0	tailspike depolymerase	Different	0.17	0.18	0.17	Nterminal sharing
LIT_115_Kn_PROTEIN_25	LIT_118_KL14_PROTEIN_25	65.863	249	82	2	1	246	1	249	3.01e-72	253.0	973.0	L-shaped tail fiber-like	941.0	tailspike depolymerase	Different	0.26	0.26	0.26	Nterminal sharing
LIT_115_Kn_PROTEIN_25	REC_027_KL5_PROTEIN_35	77.515	169	38	0	1	169	1	169	2.3099999999999997e-68	240.0	973.0	L-shaped tail fiber-like	857.0	tailspike depolymerase	Different	0.17	0.2	0.17	Nterminal sharing
LIT_115_Kn_PROTEIN_25	REC_013_KL2_PROTEIN_22	79.07	129	27	0	1	129	1	129	2.88e-58	209.0	973.0	L-shaped tail fiber-like	763.0	tailspike depolymerase	Different	0.13	0.17	0.13	Nterminal sharing
LIT_116_KL31KL37_PROTEIN_25	REC_011_KL2_PROTEIN_22	70.698	215	58	3	1	212	1	213	1.11e-73	255.0	892.0	L-shaped tail fiber-like	907.0	tailspike depolymerase	Different	0.24	0.24	0.24	Nterminal sharing
LIT_116_KL31KL37_PROTEIN_25	REC_012_KL2_PROTEIN_32	69.767	215	60	3	1	212	1	213	3.25e-73	254.0	892.0	L-shaped tail fiber-like	907.0	tailspike depolymerase	Different	0.24	0.24	0.24	Nterminal sharing
LIT_116_KL31KL37_PROTEIN_25	REC_006_KL13KL2_PROTEIN_63	69.767	215	60	3	1	212	1	213	3.25e-73	254.0	892.0	L-shaped tail fiber-like	907.0	tailspike depolymerase	Different	0.24	0.24	0.24	Nterminal sharing
LIT_116_KL31KL37_PROTEIN_25	LIT_130_KL17_PROTEIN_23	70.952	210	50	3	1	207	1	202	3.77e-73	250.0	892.0	L-shaped tail fiber-like	729.0	tailspike depolymerase	Different	0.24	0.29	0.24	Nterminal sharing
LIT_116_KL31KL37_PROTEIN_25	REC_014_KL2_PROTEIN_2	68.372	215	63	3	1	212	1	213	6.37e-71	247.0	892.0	L-shaped tail fiber-like	907.0	tailspike depolymerase	Different	0.24	0.24	0.24	Nterminal sharing
LIT_116_KL31KL37_PROTEIN_25	REC_036_KL63_PROTEIN_49	77.174	184	35	1	1	184	1	177	1.39e-69	243.0	892.0	L-shaped tail fiber-like	883.0	tailspike depolymerase	Different	0.21	0.21	0.21	Nterminal sharing
LIT_116_KL31KL37_PROTEIN_25	LIT_118_KL14_PROTEIN_25	78.333	180	32	1	1	180	1	173	1.3899999999999999e-67	238.0	892.0	L-shaped tail fiber-like	941.0	tailspike depolymerase	Different	0.2	0.19	0.19	Nterminal sharing
LIT_116_KL31KL37_PROTEIN_25	REC_034_KL62_PROTEIN_30	70.0	200	41	2	1	200	1	181	1.4699999999999998e-67	234.0	892.0	L-shaped tail fiber-like	692.0	tailspike depolymerase	Different	0.22	0.29	0.22	Nterminal sharing
LIT_116_KL31KL37_PROTEIN_25	REC_027_KL5_PROTEIN_35	72.778	180	42	1	1	180	1	173	1.28e-65	231.0	892.0	L-shaped tail fiber-like	857.0	tailspike depolymerase	Different	0.2	0.21	0.2	Nterminal sharing
LIT_116_KL31KL37_PROTEIN_25	REC_013_KL2_PROTEIN_22	84.496	129	20	0	1	129	1	129	7.28e-65	227.0	892.0	L-shaped tail fiber-like	763.0	tailspike depolymerase	Different	0.14	0.17	0.14	Nterminal sharing
LIT_116_KL31KL37_PROTEIN_25	LIT_123_KL43KL50KL69_PROTEIN_28	57.803	173	73	0	1	173	1	173	1.7000000000000001e-56	206.0	892.0	L-shaped tail fiber-like	1314.0	L-shaped tail fiber-like	Same	0.19	0.13	0.13	Nterminal sharing
LIT_117_Kn_PROTEIN_25	REC_011_KL2_PROTEIN_22	75.814	215	47	3	1	212	1	213	2.35e-79	271.0	892.0	L-shaped tail fiber-like	907.0	tailspike depolymerase	Different	0.24	0.24	0.24	Nterminal sharing
LIT_117_Kn_PROTEIN_25	REC_006_KL13KL2_PROTEIN_63	74.884	215	49	3	1	212	1	213	6.020000000000001e-79	270.0	892.0	L-shaped tail fiber-like	907.0	tailspike depolymerase	Different	0.24	0.24	0.24	Nterminal sharing
LIT_117_Kn_PROTEIN_25	REC_012_KL2_PROTEIN_32	74.884	215	49	3	1	212	1	213	6.71e-79	270.0	892.0	L-shaped tail fiber-like	907.0	tailspike depolymerase	Different	0.24	0.24	0.24	Nterminal sharing
LIT_117_Kn_PROTEIN_25	LIT_130_KL17_PROTEIN_23	75.714	210	40	3	1	207	1	202	2.27e-78	265.0	892.0	L-shaped tail fiber-like	729.0	tailspike depolymerase	Different	0.24	0.29	0.24	Nterminal sharing
LIT_117_Kn_PROTEIN_25	REC_014_KL2_PROTEIN_2	73.953	215	51	3	1	212	1	213	2.41e-77	265.0	892.0	L-shaped tail fiber-like	907.0	tailspike depolymerase	Different	0.24	0.24	0.24	Nterminal sharing
LIT_117_Kn_PROTEIN_25	REC_036_KL63_PROTEIN_49	82.609	184	25	1	1	184	1	177	5.69e-75	258.0	892.0	L-shaped tail fiber-like	883.0	tailspike depolymerase	Different	0.21	0.21	0.21	Nterminal sharing
LIT_117_Kn_PROTEIN_25	LIT_118_KL14_PROTEIN_25	81.633	196	25	3	1	193	1	188	2.49e-74	257.0	892.0	L-shaped tail fiber-like	941.0	tailspike depolymerase	Different	0.22	0.21	0.21	Nterminal sharing
LIT_117_Kn_PROTEIN_25	REC_034_KL62_PROTEIN_30	75.5	200	30	2	1	200	1	181	2.5800000000000003e-73	249.0	892.0	L-shaped tail fiber-like	692.0	tailspike depolymerase	Different	0.22	0.29	0.22	Nterminal sharing
LIT_117_Kn_PROTEIN_25	REC_027_KL5_PROTEIN_35	78.889	180	31	1	1	180	1	173	2.05e-71	248.0	892.0	L-shaped tail fiber-like	857.0	tailspike depolymerase	Different	0.2	0.21	0.2	Nterminal sharing
LIT_117_Kn_PROTEIN_25	REC_013_KL2_PROTEIN_22	79.845	129	26	0	1	129	1	129	8.560000000000001e-59	210.0	892.0	L-shaped tail fiber-like	763.0	tailspike depolymerase	Different	0.14	0.17	0.14	Nterminal sharing
LIT_117_Kn_PROTEIN_25	LIT_123_KL43KL50KL69_PROTEIN_28	56.069	173	76	0	1	173	1	173	2.4199999999999997e-54	200.0	892.0	L-shaped tail fiber-like	1314.0	L-shaped tail fiber-like	Same	0.19	0.13	0.13	Nterminal sharing
LIT_118_KL14_PROTEIN_25	LIT_130_KL17_PROTEIN_23	86.528	193	26	0	1	193	1	193	5.6499999999999994e-95	311.0	941.0	tailspike depolymerase	729.0	tailspike depolymerase	Same	0.21	0.26	0.21	Nterminal sharing
LIT_118_KL14_PROTEIN_25	REC_011_KL2_PROTEIN_22	81.633	196	29	1	1	189	1	196	9.41e-88	295.0	941.0	tailspike depolymerase	907.0	tailspike depolymerase	Same	0.21	0.22	0.21	Nterminal sharing
LIT_118_KL14_PROTEIN_25	REC_036_KL63_PROTEIN_49	79.621	211	38	1	1	211	1	206	9.420000000000001e-88	295.0	941.0	tailspike depolymerase	883.0	tailspike depolymerase	Same	0.22	0.24	0.22	Nterminal sharing
LIT_118_KL14_PROTEIN_25	REC_006_KL13KL2_PROTEIN_63	81.122	196	30	1	1	189	1	196	3.22e-87	294.0	941.0	tailspike depolymerase	907.0	tailspike depolymerase	Same	0.21	0.22	0.21	Nterminal sharing
LIT_118_KL14_PROTEIN_25	REC_012_KL2_PROTEIN_32	81.122	196	30	1	1	189	1	196	3.63e-87	294.0	941.0	tailspike depolymerase	907.0	tailspike depolymerase	Same	0.21	0.22	0.21	Nterminal sharing
LIT_118_KL14_PROTEIN_25	REC_034_KL62_PROTEIN_30	81.068	206	32	1	1	206	1	199	1.38e-86	287.0	941.0	tailspike depolymerase	692.0	tailspike depolymerase	Same	0.22	0.3	0.22	Nterminal sharing
LIT_118_KL14_PROTEIN_25	REC_014_KL2_PROTEIN_2	80.612	196	31	1	1	189	1	196	1.72e-86	292.0	941.0	tailspike depolymerase	907.0	tailspike depolymerase	Same	0.21	0.22	0.21	Nterminal sharing
LIT_118_KL14_PROTEIN_25	LIT_119_Kn_PROTEIN_25	79.31	203	30	2	1	191	1	203	6.08e-76	262.0	941.0	tailspike depolymerase	894.0	L-shaped tail fiber-like	Different	0.22	0.23	0.22	Nterminal sharing
LIT_118_KL14_PROTEIN_25	LIT_120_KL28KL69_PROTEIN_24	85.799	169	24	0	1	169	1	169	3.7099999999999995e-74	258.0	941.0	tailspike depolymerase	973.0	L-shaped tail fiber-like	Different	0.18	0.17	0.17	Nterminal sharing
LIT_118_KL14_PROTEIN_25	REC_013_KL2_PROTEIN_22	63.768	207	61	1	1	193	1	207	8.68e-68	236.0	941.0	tailspike depolymerase	763.0	tailspike depolymerase	Same	0.22	0.27	0.22	Nterminal sharing
LIT_118_KL14_PROTEIN_25	LIT_123_KL43KL50KL69_PROTEIN_28	55.621	169	75	0	1	169	1	169	5.41e-51	190.0	941.0	tailspike depolymerase	1314.0	L-shaped tail fiber-like	Different	0.18	0.13	0.13	Nterminal sharing
LIT_118_KL14_PROTEIN_25	REC_031_KL57_PROTEIN_41	53.333	30	14	0	184	213	148	177	0.000463	38.5	941.0	tailspike depolymerase	721.0	tailspike depolymerase	Same	0.03	0.04	0.03	Nterminal sharing
LIT_119_Kn_PROTEIN_25	REC_011_KL2_PROTEIN_22	83.152	184	31	0	1	184	1	184	2.5000000000000003e-79	271.0	894.0	L-shaped tail fiber-like	907.0	tailspike depolymerase	Different	0.21	0.2	0.2	Nterminal sharing
LIT_119_Kn_PROTEIN_25	REC_012_KL2_PROTEIN_32	82.065	184	33	0	1	184	1	184	8.950000000000001e-79	269.0	894.0	L-shaped tail fiber-like	907.0	tailspike depolymerase	Different	0.21	0.2	0.2	Nterminal sharing
LIT_119_Kn_PROTEIN_25	REC_006_KL13KL2_PROTEIN_63	82.065	184	33	0	1	184	1	184	1.04e-78	269.0	894.0	L-shaped tail fiber-like	907.0	tailspike depolymerase	Different	0.21	0.2	0.2	Nterminal sharing
LIT_119_Kn_PROTEIN_25	REC_014_KL2_PROTEIN_2	80.978	184	35	0	1	184	1	184	2.51e-77	265.0	894.0	L-shaped tail fiber-like	907.0	tailspike depolymerase	Different	0.21	0.2	0.2	Nterminal sharing
LIT_119_Kn_PROTEIN_25	LIT_130_KL17_PROTEIN_23	80.435	184	29	1	1	184	1	177	8.49e-77	260.0	894.0	L-shaped tail fiber-like	729.0	tailspike depolymerase	Different	0.21	0.25	0.21	Nterminal sharing
LIT_119_Kn_PROTEIN_25	REC_036_KL63_PROTEIN_49	82.609	184	25	1	1	184	1	177	2.92e-75	259.0	894.0	L-shaped tail fiber-like	883.0	tailspike depolymerase	Different	0.21	0.21	0.21	Nterminal sharing
LIT_119_Kn_PROTEIN_25	REC_034_KL62_PROTEIN_30	75.743	202	30	2	1	202	1	183	1.51e-74	253.0	894.0	L-shaped tail fiber-like	692.0	tailspike depolymerase	Different	0.23	0.29	0.23	Nterminal sharing
LIT_119_Kn_PROTEIN_25	REC_027_KL5_PROTEIN_35	71.287	202	46	2	1	202	1	190	2.16e-70	245.0	894.0	L-shaped tail fiber-like	857.0	tailspike depolymerase	Different	0.23	0.24	0.23	Nterminal sharing
LIT_119_Kn_PROTEIN_25	REC_013_KL2_PROTEIN_22	81.395	129	24	0	1	129	1	129	5.09e-60	213.0	894.0	L-shaped tail fiber-like	763.0	tailspike depolymerase	Different	0.14	0.17	0.14	Nterminal sharing
LIT_119_Kn_PROTEIN_25	LIT_123_KL43KL50KL69_PROTEIN_28	56.069	173	76	0	1	173	1	173	9.32e-55	201.0	894.0	L-shaped tail fiber-like	1314.0	L-shaped tail fiber-like	Same	0.19	0.13	0.13	Nterminal sharing
LIT_120_KL28KL69_PROTEIN_24	REC_012_KL2_PROTEIN_32	68.908	238	69	1	1	233	1	238	6.940000000000001e-79	271.0	973.0	L-shaped tail fiber-like	907.0	tailspike depolymerase	Different	0.24	0.26	0.24	Nterminal sharing
LIT_120_KL28KL69_PROTEIN_24	REC_014_KL2_PROTEIN_2	69.748	238	67	1	1	233	1	238	7.8e-79	271.0	973.0	L-shaped tail fiber-like	907.0	tailspike depolymerase	Different	0.24	0.26	0.24	Nterminal sharing
LIT_120_KL28KL69_PROTEIN_24	REC_006_KL13KL2_PROTEIN_63	68.908	238	69	1	1	233	1	238	7.96e-79	271.0	973.0	L-shaped tail fiber-like	907.0	tailspike depolymerase	Different	0.24	0.26	0.24	Nterminal sharing
LIT_120_KL28KL69_PROTEIN_24	REC_011_KL2_PROTEIN_22	69.328	238	68	1	1	233	1	238	8.770000000000001e-79	271.0	973.0	L-shaped tail fiber-like	907.0	tailspike depolymerase	Different	0.24	0.26	0.24	Nterminal sharing
LIT_120_KL28KL69_PROTEIN_24	LIT_130_KL17_PROTEIN_23	84.024	169	27	0	1	169	1	169	1.41e-77	264.0	973.0	L-shaped tail fiber-like	729.0	tailspike depolymerase	Different	0.17	0.23	0.17	Nterminal sharing
LIT_120_KL28KL69_PROTEIN_24	REC_036_KL63_PROTEIN_49	86.982	169	22	0	1	169	1	169	1.23e-75	261.0	973.0	L-shaped tail fiber-like	883.0	tailspike depolymerase	Different	0.17	0.19	0.17	Nterminal sharing
LIT_120_KL28KL69_PROTEIN_24	REC_034_KL62_PROTEIN_30	81.503	173	32	0	1	173	1	173	3.35e-73	251.0	973.0	L-shaped tail fiber-like	692.0	tailspike depolymerase	Different	0.18	0.25	0.18	Nterminal sharing
LIT_120_KL28KL69_PROTEIN_24	REC_027_KL5_PROTEIN_35	77.515	169	38	0	1	169	1	169	1.27e-69	244.0	973.0	L-shaped tail fiber-like	857.0	tailspike depolymerase	Different	0.17	0.2	0.17	Nterminal sharing
LIT_120_KL28KL69_PROTEIN_24	REC_013_KL2_PROTEIN_22	79.845	129	26	0	1	129	1	129	1.19e-58	210.0	973.0	L-shaped tail fiber-like	763.0	tailspike depolymerase	Different	0.13	0.17	0.13	Nterminal sharing
LIT_123_KL43KL50KL69_PROTEIN_28	REC_006_KL13KL2_PROTEIN_63	58.382	173	72	0	1	173	1	173	1.31e-49	186.0	1314.0	L-shaped tail fiber-like	907.0	tailspike depolymerase	Different	0.13	0.19	0.13	Nterminal sharing
LIT_123_KL43KL50KL69_PROTEIN_28	REC_012_KL2_PROTEIN_32	58.382	173	72	0	1	173	1	173	1.49e-49	186.0	1314.0	L-shaped tail fiber-like	907.0	tailspike depolymerase	Different	0.13	0.19	0.13	Nterminal sharing
LIT_123_KL43KL50KL69_PROTEIN_28	REC_011_KL2_PROTEIN_22	58.96	173	71	0	1	173	1	173	1.68e-49	185.0	1314.0	L-shaped tail fiber-like	907.0	tailspike depolymerase	Different	0.13	0.19	0.13	Nterminal sharing
LIT_123_KL43KL50KL69_PROTEIN_28	REC_036_KL63_PROTEIN_49	53.191	188	87	1	1	187	1	188	5.63e-48	181.0	1314.0	L-shaped tail fiber-like	883.0	tailspike depolymerase	Different	0.14	0.21	0.14	Nterminal sharing
LIT_123_KL43KL50KL69_PROTEIN_28	LIT_130_KL17_PROTEIN_23	51.064	188	91	1	1	187	1	188	1.3e-47	177.0	1314.0	L-shaped tail fiber-like	729.0	tailspike depolymerase	Different	0.14	0.26	0.14	Nterminal sharing
LIT_123_KL43KL50KL69_PROTEIN_28	REC_014_KL2_PROTEIN_2	56.647	173	75	0	1	173	1	173	2.53e-47	179.0	1314.0	L-shaped tail fiber-like	907.0	tailspike depolymerase	Different	0.13	0.19	0.13	Nterminal sharing
LIT_123_KL43KL50KL69_PROTEIN_28	REC_027_KL5_PROTEIN_35	51.295	193	93	1	1	192	1	193	5.35e-47	177.0	1314.0	L-shaped tail fiber-like	857.0	tailspike depolymerase	Different	0.15	0.23	0.15	Nterminal sharing
LIT_124_Kn_PROTEIN_24	REC_001_Kn_PROTEIN_565	61.765	34	13	0	177	210	117	150	9.1e-09	52.0	405.0	TC7-like tail fiber	719.0	RaK2 gp534-like	Different	0.08	0.05	0.05	Nterminal sharing
LIT_128_KL10_PROTEIN_50	REC_023_KL47_PROTEIN_43	69.697	33	10	0	1	33	1	33	2.83e-09	54.3	512.0	tailspike depolymerase	641.0	tailspike depolymerase	Same	0.06	0.05	0.05	Nterminal sharing
LIT_128_KL10_PROTEIN_50	REC_024_KL47_PROTEIN_44	69.697	33	10	0	1	33	1	33	2.88e-09	54.3	512.0	tailspike depolymerase	641.0	tailspike depolymerase	Same	0.06	0.05	0.05	Nterminal sharing
LIT_128_KL10_PROTEIN_50	REC_025_KL47_PROTEIN_45	69.697	33	10	0	1	33	1	33	2.9e-09	54.3	512.0	tailspike depolymerase	641.0	tailspike depolymerase	Same	0.06	0.05	0.05	Nterminal sharing
LIT_130_KL17_PROTEIN_23	REC_036_KL63_PROTEIN_49	73.387	248	58	3	1	240	1	248	3.9599999999999994e-95	310.0	729.0	tailspike depolymerase	883.0	tailspike depolymerase	Same	0.34	0.28	0.28	Nterminal sharing
LIT_130_KL17_PROTEIN_23	REC_011_KL2_PROTEIN_22	86.567	201	20	1	1	194	1	201	8.27e-95	309.0	729.0	tailspike depolymerase	907.0	tailspike depolymerase	Same	0.28	0.22	0.22	Nterminal sharing
LIT_130_KL17_PROTEIN_23	REC_006_KL13KL2_PROTEIN_63	85.572	201	22	1	1	194	1	201	3.2099999999999996e-94	308.0	729.0	tailspike depolymerase	907.0	tailspike depolymerase	Same	0.28	0.22	0.22	Nterminal sharing
LIT_130_KL17_PROTEIN_23	REC_012_KL2_PROTEIN_32	85.572	201	22	1	1	194	1	201	3.2399999999999996e-94	308.0	729.0	tailspike depolymerase	907.0	tailspike depolymerase	Same	0.28	0.22	0.22	Nterminal sharing
LIT_130_KL17_PROTEIN_23	REC_014_KL2_PROTEIN_2	84.08	201	25	1	1	194	1	201	3.02e-92	303.0	729.0	tailspike depolymerase	907.0	tailspike depolymerase	Same	0.28	0.22	0.22	Nterminal sharing
LIT_130_KL17_PROTEIN_23	REC_034_KL62_PROTEIN_30	88.083	193	16	1	1	193	1	186	2.24e-91	295.0	729.0	tailspike depolymerase	692.0	tailspike depolymerase	Same	0.26	0.28	0.26	Nterminal sharing
LIT_130_KL17_PROTEIN_23	REC_027_KL5_PROTEIN_35	83.163	196	33	0	1	196	1	196	7.49e-89	292.0	729.0	tailspike depolymerase	857.0	tailspike depolymerase	Same	0.27	0.23	0.23	Nterminal sharing
LIT_130_KL17_PROTEIN_23	REC_013_KL2_PROTEIN_22	63.942	208	61	1	1	194	1	208	1.4899999999999998e-69	238.0	729.0	tailspike depolymerase	763.0	tailspike depolymerase	Same	0.29	0.27	0.27	Nterminal sharing
REC_001_Kn_PROTEIN_556	REC_029_KL54_PROTEIN_554	61.475	122	37	3	1	113	1	121	1.76e-35	137.0	736.0	tailspike depolymerase with fiber-like elements	580.0	RaK2 gp526-like	Different	0.17	0.21	0.17	Nterminal sharing
REC_001_Kn_PROTEIN_556	REC_028_KL51_PROTEIN_293	53.409	88	40	1	1	88	1	87	4.04e-22	97.1	736.0	tailspike depolymerase with fiber-like elements	1237.0	tailspike depolymerase with fiber-like elements	Same	0.12	0.07	0.07	Nterminal sharing
REC_001_Kn_PROTEIN_558	REC_028_KL51_PROTEIN_295	59.13	115	46	1	1	114	1	115	5.02e-34	134.0	702.0	tailspike depolymerase	809.0	tailspike depolymerase	Same	0.16	0.14	0.14	Nterminal sharing
REC_001_Kn_PROTEIN_558	REC_028_KL51_PROTEIN_298	67.442	86	28	0	1	86	1	86	3.18e-32	129.0	702.0	tailspike depolymerase	1127.0	tailspike depolymerase with fiber-like elements	Different	0.12	0.08	0.08	Nterminal sharing
REC_001_Kn_PROTEIN_558	REC_043_KN2_PROTEIN_135	58.14	86	36	0	1	86	1	86	8.2e-28	113.0	702.0	tailspike depolymerase	562.0	RaK2 gp526-like	Different	0.12	0.15	0.12	Nterminal sharing
REC_001_Kn_PROTEIN_558	REC_017_KL20KL27KL7_PROTEIN_153	56.977	86	37	0	1	86	1	86	8.1e-27	110.0	702.0	tailspike depolymerase	723.0	tailspike depolymerase	Same	0.12	0.12	0.12	Nterminal sharing
REC_001_Kn_PROTEIN_558	REC_017_KL20KL27KL7_PROTEIN_152	50.602	83	36	1	1	78	1	83	3.8600000000000003e-22	95.9	702.0	tailspike depolymerase	602.0	tailspike depolymerase	Same	0.12	0.14	0.12	Nterminal sharing
REC_001_Kn_PROTEIN_563	REC_029_KL54_PROTEIN_559	50.661	227	105	5	1	222	1	225	9.17e-61	218.0	996.0	tailspike depolymerase	891.0	tailspike depolymerase	Same	0.23	0.25	0.23	Nterminal sharing
REC_001_Kn_PROTEIN_563	REC_028_KL51_PROTEIN_304	52.239	67	32	0	1	67	1	67	9.22e-15	73.2	996.0	tailspike depolymerase	694.0	RaK2 gp534-like	Different	0.07	0.1	0.07	Nterminal sharing
REC_001_Kn_PROTEIN_563	REC_029_KL54_PROTEIN_562	51.562	64	31	0	1	64	1	64	5.26e-14	70.9	996.0	tailspike depolymerase	688.0	RaK2 gp534-like	Different	0.06	0.09	0.06	Nterminal sharing
REC_001_Kn_PROTEIN_563	REC_001_Kn_PROTEIN_565	50.0	64	32	0	1	64	1	64	1.26e-13	69.7	996.0	tailspike depolymerase	719.0	RaK2 gp534-like	Different	0.06	0.09	0.06	Nterminal sharing
REC_006_KL13KL2_PROTEIN_63	REC_034_KL62_PROTEIN_30	85.5	200	15	1	1	200	1	186	9.23e-90	295.0	907.0	tailspike depolymerase	692.0	tailspike depolymerase	Same	0.22	0.29	0.22	Nterminal sharing
REC_006_KL13KL2_PROTEIN_63	REC_027_KL5_PROTEIN_35	79.592	196	33	1	1	196	1	189	2.3999999999999998e-82	279.0	907.0	tailspike depolymerase	857.0	tailspike depolymerase	Same	0.22	0.23	0.22	Nterminal sharing
REC_010_KL2_PROTEIN_73	REC_031_KL57_PROTEIN_41	70.673	208	48	4	1	203	1	200	1.91e-46	170.0	668.0	tailspike depolymerase	721.0	tailspike depolymerase	Same	0.31	0.29	0.29	Nterminal sharing
REC_011_KL2_PROTEIN_22	REC_034_KL62_PROTEIN_30	86.5	200	13	1	1	200	1	186	2.67e-90	296.0	907.0	tailspike depolymerase	692.0	tailspike depolymerase	Same	0.22	0.29	0.22	Nterminal sharing
REC_011_KL2_PROTEIN_22	REC_027_KL5_PROTEIN_35	80.612	196	31	1	1	196	1	189	5.42e-83	280.0	907.0	tailspike depolymerase	857.0	tailspike depolymerase	Same	0.22	0.23	0.22	Nterminal sharing
REC_012_KL2_PROTEIN_32	REC_034_KL62_PROTEIN_30	85.5	200	15	1	1	200	1	186	8.86e-90	295.0	907.0	tailspike depolymerase	692.0	tailspike depolymerase	Same	0.22	0.29	0.22	Nterminal sharing
REC_012_KL2_PROTEIN_32	REC_027_KL5_PROTEIN_35	79.592	196	33	1	1	196	1	189	1.8e-82	279.0	907.0	tailspike depolymerase	857.0	tailspike depolymerase	Same	0.22	0.23	0.22	Nterminal sharing
REC_013_KL2_PROTEIN_22	REC_034_KL62_PROTEIN_30	60.714	224	67	1	1	224	1	203	1.58e-72	245.0	763.0	tailspike depolymerase	692.0	tailspike depolymerase	Same	0.29	0.32	0.29	Nterminal sharing
REC_013_KL2_PROTEIN_22	REC_027_KL5_PROTEIN_35	61.058	208	67	2	1	208	1	194	2.18e-66	231.0	763.0	tailspike depolymerase	857.0	tailspike depolymerase	Same	0.27	0.24	0.24	Nterminal sharing
REC_014_KL2_PROTEIN_2	REC_034_KL62_PROTEIN_30	84.0	200	18	1	1	200	1	186	9.380000000000001e-88	290.0	907.0	tailspike depolymerase	692.0	tailspike depolymerase	Same	0.22	0.29	0.22	Nterminal sharing
REC_014_KL2_PROTEIN_2	REC_027_KL5_PROTEIN_35	78.061	196	36	1	1	196	1	189	4.23e-80	272.0	907.0	tailspike depolymerase	857.0	tailspike depolymerase	Same	0.22	0.23	0.22	Nterminal sharing
REC_017_KL20KL27KL7_PROTEIN_152	REC_043_KN2_PROTEIN_134	72.727	99	23	1	1	95	1	99	1.6499999999999999e-38	145.0	602.0	tailspike depolymerase	657.0	tailspike depolymerase	Same	0.16	0.15	0.15	Nterminal sharing
REC_017_KL20KL27KL7_PROTEIN_152	REC_043_KN2_PROTEIN_135	52.577	97	42	1	1	93	1	97	3.09e-26	107.0	602.0	tailspike depolymerase	562.0	RaK2 gp526-like	Different	0.16	0.17	0.16	Nterminal sharing
REC_017_KL20KL27KL7_PROTEIN_152	REC_017_KL20KL27KL7_PROTEIN_153	53.333	90	38	1	1	86	1	90	3.0299999999999996e-23	99.4	602.0	tailspike depolymerase	723.0	tailspike depolymerase	Same	0.15	0.12	0.12	Nterminal sharing
REC_017_KL20KL27KL7_PROTEIN_152	REC_028_KL51_PROTEIN_298	51.163	86	38	1	1	82	1	86	2.2700000000000003e-22	97.1	602.0	tailspike depolymerase	1127.0	tailspike depolymerase with fiber-like elements	Different	0.14	0.08	0.08	Nterminal sharing
REC_017_KL20KL27KL7_PROTEIN_152	REC_029_KL54_PROTEIN_554	53.623	69	31	1	1	68	1	69	2.18e-14	70.9	602.0	tailspike depolymerase	580.0	RaK2 gp526-like	Different	0.11	0.12	0.11	Nterminal sharing
REC_017_KL20KL27KL7_PROTEIN_153	REC_043_KN2_PROTEIN_135	77.778	90	20	0	1	90	1	90	5.02e-41	153.0	723.0	tailspike depolymerase	562.0	RaK2 gp526-like	Different	0.12	0.16	0.12	Nterminal sharing
REC_017_KL20KL27KL7_PROTEIN_153	REC_028_KL51_PROTEIN_298	60.465	86	34	0	1	86	1	86	7.07e-29	118.0	723.0	tailspike depolymerase	1127.0	tailspike depolymerase with fiber-like elements	Different	0.12	0.08	0.08	Nterminal sharing
REC_017_KL20KL27KL7_PROTEIN_153	REC_028_KL51_PROTEIN_295	58.427	89	37	0	1	89	1	89	2.6500000000000004e-27	112.0	723.0	tailspike depolymerase	809.0	tailspike depolymerase	Same	0.12	0.11	0.11	Nterminal sharing
REC_017_KL20KL27KL7_PROTEIN_153	REC_043_KN2_PROTEIN_134	51.111	90	44	0	1	90	1	90	2.01e-24	103.0	723.0	tailspike depolymerase	657.0	tailspike depolymerase	Same	0.12	0.14	0.12	Nterminal sharing
REC_018_KL21_PROTEIN_41	REC_044_KN4_PROTEIN_47	67.822	202	48	4	1	199	1	188	3.03e-75	257.0	817.0	tailspike depolymerase	850.0	tailspike depolymerase	Same	0.25	0.24	0.24	Nterminal sharing
REC_018_KL21_PROTEIN_41	REC_042_KN1_PROTEIN_43	72.078	154	43	0	1	154	1	154	2.06e-62	220.0	817.0	tailspike depolymerase	820.0	tailspike depolymerase with fiber-like elements	Different	0.19	0.19	0.19	Nterminal sharing
REC_018_KL21_PROTEIN_41	REC_041_KN1_PROTEIN_43	71.429	154	44	0	1	154	1	154	7.77e-62	218.0	817.0	tailspike depolymerase	819.0	tailspike depolymerase with fiber-like elements	Different	0.19	0.19	0.19	Nterminal sharing
REC_018_KL21_PROTEIN_41	REC_037_KL64_PROTEIN_43	62.577	163	61	0	1	163	1	163	4.87e-54	197.0	817.0	tailspike depolymerase	1017.0	tailspike depolymerase	Same	0.2	0.16	0.16	Nterminal sharing
REC_018_KL21_PROTEIN_41	REC_038_KL64_PROTEIN_43	61.963	163	62	0	1	163	1	163	1.83e-53	196.0	817.0	tailspike depolymerase	1017.0	tailspike depolymerase	Same	0.2	0.16	0.16	Nterminal sharing
REC_018_KL21_PROTEIN_42	REC_026_KL5KL8_PROTEIN_41	74.194	31	8	0	1	31	2	32	4.14e-09	53.9	575.0	tailspike depolymerase	684.0	tailspike depolymerase	Same	0.05	0.05	0.05	Nterminal sharing
REC_018_KL21_PROTEIN_42	REC_030_KL56KN3_PROTEIN_42	51.923	52	19	1	4	55	6	51	1.38e-08	52.4	575.0	tailspike depolymerase	678.0	tailspike depolymerase	Same	0.09	0.08	0.08	Nterminal sharing
REC_019_KL21KL3_PROTEIN_43	REC_044_KN4_PROTEIN_47	79.221	154	32	0	1	154	1	154	1.83e-71	247.0	869.0	tailspike depolymerase with fiber-like elements	850.0	tailspike depolymerase	Different	0.18	0.18	0.18	Nterminal sharing
REC_019_KL21KL3_PROTEIN_43	REC_042_KN1_PROTEIN_43	58.763	194	78	2	1	193	1	193	5.02e-59	211.0	869.0	tailspike depolymerase with fiber-like elements	820.0	tailspike depolymerase with fiber-like elements	Same	0.22	0.24	0.22	Nterminal sharing
REC_019_KL21KL3_PROTEIN_43	REC_041_KN1_PROTEIN_43	58.247	194	79	2	1	193	1	193	1.16e-58	210.0	869.0	tailspike depolymerase with fiber-like elements	819.0	tailspike depolymerase with fiber-like elements	Same	0.22	0.24	0.22	Nterminal sharing
REC_019_KL21KL3_PROTEIN_44	REC_026_KL5KL8_PROTEIN_41	87.5	32	4	0	1	32	1	32	4.13e-11	60.5	576.0	tailspike depolymerase	684.0	tailspike depolymerase	Same	0.06	0.05	0.05	Nterminal sharing
REC_019_KL21KL3_PROTEIN_44	REC_022_KL30KL69_PROTEIN_43	86.667	30	4	0	3	32	4	33	4.76e-10	57.0	576.0	tailspike depolymerase	685.0	tailspike depolymerase	Same	0.05	0.04	0.04	Nterminal sharing
REC_020_KL23_PROTEIN_50	REC_038_KL64_PROTEIN_43	59.375	64	26	0	78	141	168	231	3.42e-19	88.2	1092.0	TC12-like tail fiber in mydovirus	1017.0	tailspike depolymerase	Different	0.06	0.06	0.06	Nterminal sharing
REC_020_KL23_PROTEIN_50	REC_037_KL64_PROTEIN_43	59.375	64	26	0	78	141	168	231	3.45e-19	88.2	1092.0	TC12-like tail fiber in mydovirus	1017.0	tailspike depolymerase	Different	0.06	0.06	0.06	Nterminal sharing
REC_020_KL23_PROTEIN_52	REC_031_KL57_PROTEIN_41	55.263	76	33	1	47	122	141	215	7.03e-18	82.0	607.0	tailspike depolymerase	721.0	tailspike depolymerase	Same	0.13	0.11	0.11	Nterminal sharing
REC_022_KL30KL69_PROTEIN_42	REC_044_KN4_PROTEIN_47	67.839	199	53	1	1	199	1	188	7.720000000000001e-77	261.0	792.0	tailspike depolymerase with fiber-like elements	850.0	tailspike depolymerase	Different	0.25	0.23	0.23	Nterminal sharing
REC_022_KL30KL69_PROTEIN_42	REC_042_KN1_PROTEIN_43	69.481	154	47	0	1	154	1	154	6.35e-62	218.0	792.0	tailspike depolymerase with fiber-like elements	820.0	tailspike depolymerase with fiber-like elements	Same	0.19	0.19	0.19	Nterminal sharing
REC_022_KL30KL69_PROTEIN_42	REC_041_KN1_PROTEIN_43	68.182	154	49	0	1	154	1	154	9.19e-61	215.0	792.0	tailspike depolymerase with fiber-like elements	819.0	tailspike depolymerase with fiber-like elements	Same	0.19	0.19	0.19	Nterminal sharing
REC_022_KL30KL69_PROTEIN_43	REC_030_KL56KN3_PROTEIN_42	75.0	32	8	0	1	32	1	32	1.91e-10	58.5	685.0	tailspike depolymerase	678.0	tailspike depolymerase	Same	0.05	0.05	0.05	Nterminal sharing
REC_023_KL47_PROTEIN_42	REC_044_KN4_PROTEIN_47	83.117	154	26	0	1	154	1	154	4.33e-77	262.0	802.0	tailspike depolymerase	850.0	tailspike depolymerase	Same	0.19	0.18	0.18	Nterminal sharing
REC_023_KL47_PROTEIN_42	REC_042_KN1_PROTEIN_43	70.13	154	46	0	1	154	1	154	1.88e-62	220.0	802.0	tailspike depolymerase	820.0	tailspike depolymerase with fiber-like elements	Different	0.19	0.19	0.19	Nterminal sharing
REC_023_KL47_PROTEIN_42	REC_041_KN1_PROTEIN_43	68.831	154	48	0	1	154	1	154	2.33e-61	217.0	802.0	tailspike depolymerase	819.0	tailspike depolymerase with fiber-like elements	Different	0.19	0.19	0.19	Nterminal sharing
REC_023_KL47_PROTEIN_43	REC_030_KL56KN3_PROTEIN_42	63.333	30	11	0	1	30	2	31	2.16e-06	45.4	641.0	tailspike depolymerase	678.0	tailspike depolymerase	Same	0.05	0.04	0.04	Nterminal sharing
REC_024_KL47_PROTEIN_43	REC_044_KN4_PROTEIN_47	83.766	154	25	0	1	154	1	154	1.48e-77	263.0	793.0	tailspike depolymerase	850.0	tailspike depolymerase	Same	0.19	0.18	0.18	Nterminal sharing
REC_024_KL47_PROTEIN_43	REC_042_KN1_PROTEIN_43	69.481	154	47	0	1	154	1	154	4.21e-62	219.0	793.0	tailspike depolymerase	820.0	tailspike depolymerase with fiber-like elements	Different	0.19	0.19	0.19	Nterminal sharing
REC_024_KL47_PROTEIN_43	REC_041_KN1_PROTEIN_43	68.831	154	48	0	1	154	1	154	1.67e-61	217.0	793.0	tailspike depolymerase	819.0	tailspike depolymerase with fiber-like elements	Different	0.19	0.19	0.19	Nterminal sharing
REC_024_KL47_PROTEIN_44	REC_030_KL56KN3_PROTEIN_42	63.333	30	11	0	1	30	2	31	2.22e-06	45.4	641.0	tailspike depolymerase	678.0	tailspike depolymerase	Same	0.05	0.04	0.04	Nterminal sharing
REC_025_KL47_PROTEIN_44	REC_044_KN4_PROTEIN_47	81.818	154	28	0	1	154	1	154	1.29e-75	258.0	793.0	tailspike depolymerase	850.0	tailspike depolymerase	Same	0.19	0.18	0.18	Nterminal sharing
REC_025_KL47_PROTEIN_44	REC_042_KN1_PROTEIN_43	70.13	154	46	0	1	154	1	154	6.9499999999999995e-62	218.0	793.0	tailspike depolymerase	820.0	tailspike depolymerase with fiber-like elements	Different	0.19	0.19	0.19	Nterminal sharing
REC_025_KL47_PROTEIN_44	REC_041_KN1_PROTEIN_43	68.831	154	48	0	1	154	1	154	1.1499999999999999e-60	215.0	793.0	tailspike depolymerase	819.0	tailspike depolymerase with fiber-like elements	Different	0.19	0.19	0.19	Nterminal sharing
REC_025_KL47_PROTEIN_45	REC_030_KL56KN3_PROTEIN_42	63.333	30	11	0	1	30	2	31	2.2e-06	45.4	641.0	tailspike depolymerase	678.0	tailspike depolymerase	Same	0.05	0.04	0.04	Nterminal sharing
REC_026_KL5KL8_PROTEIN_40	REC_044_KN4_PROTEIN_47	83.117	154	26	0	1	154	1	154	5.47e-77	260.0	749.0	tailspike depolymerase with fiber-like elements	850.0	tailspike depolymerase	Different	0.21	0.18	0.18	Nterminal sharing
REC_026_KL5KL8_PROTEIN_40	REC_042_KN1_PROTEIN_43	68.831	154	48	0	1	154	1	154	8.759999999999999e-61	214.0	749.0	tailspike depolymerase with fiber-like elements	820.0	tailspike depolymerase with fiber-like elements	Same	0.21	0.19	0.19	Nterminal sharing
REC_026_KL5KL8_PROTEIN_40	REC_041_KN1_PROTEIN_43	68.874	151	47	0	1	151	1	151	1.14e-59	211.0	749.0	tailspike depolymerase with fiber-like elements	819.0	tailspike depolymerase with fiber-like elements	Same	0.2	0.18	0.18	Nterminal sharing
REC_026_KL5KL8_PROTEIN_40	REC_037_KL64_PROTEIN_43	56.831	183	77	1	1	183	1	181	3.5099999999999996e-54	197.0	749.0	tailspike depolymerase with fiber-like elements	1017.0	tailspike depolymerase	Different	0.24	0.18	0.18	Nterminal sharing
REC_026_KL5KL8_PROTEIN_40	REC_038_KL64_PROTEIN_43	56.284	183	78	1	1	183	1	181	1.11e-53	195.0	749.0	tailspike depolymerase with fiber-like elements	1017.0	tailspike depolymerase	Different	0.24	0.18	0.18	Nterminal sharing
REC_027_KL5_PROTEIN_35	REC_034_KL62_PROTEIN_30	76.415	212	43	1	1	212	1	205	1.2399999999999999e-84	280.0	857.0	tailspike depolymerase	692.0	tailspike depolymerase	Same	0.25	0.31	0.25	Nterminal sharing
REC_027_KL5_PROTEIN_35	REC_036_KL63_PROTEIN_49	82.54	189	33	0	1	189	1	189	3.55e-83	280.0	857.0	tailspike depolymerase	883.0	tailspike depolymerase	Same	0.22	0.21	0.21	Nterminal sharing
REC_028_KL51_PROTEIN_293	REC_029_KL54_PROTEIN_554	61.798	89	34	0	1	89	1	89	9.140000000000001e-27	111.0	1237.0	tailspike depolymerase with fiber-like elements	580.0	RaK2 gp526-like	Different	0.07	0.15	0.07	Nterminal sharing
REC_028_KL51_PROTEIN_295	REC_028_KL51_PROTEIN_298	60.305	131	41	2	1	130	1	121	2.07e-36	142.0	809.0	tailspike depolymerase	1127.0	tailspike depolymerase with fiber-like elements	Different	0.16	0.12	0.12	Nterminal sharing
REC_028_KL51_PROTEIN_295	REC_043_KN2_PROTEIN_135	50.476	105	52	0	1	105	1	105	3.0099999999999997e-28	115.0	809.0	tailspike depolymerase	562.0	RaK2 gp526-like	Different	0.13	0.19	0.13	Nterminal sharing
REC_028_KL51_PROTEIN_295	REC_031_KL57_PROTEIN_41	52.632	38	18	0	94	131	147	184	4.36e-05	41.6	809.0	tailspike depolymerase	721.0	tailspike depolymerase	Same	0.05	0.05	0.05	Nterminal sharing
REC_028_KL51_PROTEIN_302	REC_029_KL54_PROTEIN_559	50.661	227	105	5	1	222	1	225	3.57e-62	220.0	804.0	tailspike depolymerase	891.0	tailspike depolymerase	Same	0.28	0.25	0.25	Nterminal sharing
REC_028_KL51_PROTEIN_302	REC_028_KL51_PROTEIN_304	52.239	67	32	0	1	67	1	67	2.91e-15	74.3	804.0	tailspike depolymerase	694.0	RaK2 gp534-like	Different	0.08	0.1	0.08	Nterminal sharing
REC_028_KL51_PROTEIN_302	REC_029_KL54_PROTEIN_562	51.562	64	31	0	1	64	1	64	3.02e-14	71.2	804.0	tailspike depolymerase	688.0	RaK2 gp534-like	Different	0.08	0.09	0.08	Nterminal sharing
REC_028_KL51_PROTEIN_304	REC_029_KL54_PROTEIN_560	53.704	54	25	0	1	54	1	54	8.4e-07	47.0	694.0	RaK2 gp534-like	806.0	tailspike depolymerase	Different	0.08	0.07	0.07	Nterminal sharing
REC_029_KL54_PROTEIN_560	REC_029_KL54_PROTEIN_562	51.562	64	31	0	1	64	1	64	2.67e-14	71.2	806.0	tailspike depolymerase	688.0	RaK2 gp534-like	Different	0.08	0.09	0.08	Nterminal sharing
REC_030_KL56KN3_PROTEIN_41	REC_044_KN4_PROTEIN_47	66.505	206	44	2	1	199	1	188	1.07e-76	260.0	792.0	tailspike depolymerase	850.0	tailspike depolymerase	Same	0.26	0.24	0.24	Nterminal sharing
REC_030_KL56KN3_PROTEIN_41	REC_042_KN1_PROTEIN_43	69.481	154	47	0	1	154	1	154	3.28e-61	216.0	792.0	tailspike depolymerase	820.0	tailspike depolymerase with fiber-like elements	Different	0.19	0.19	0.19	Nterminal sharing
REC_030_KL56KN3_PROTEIN_41	REC_041_KN1_PROTEIN_43	68.831	154	48	0	1	154	1	154	6.13e-61	216.0	792.0	tailspike depolymerase	819.0	tailspike depolymerase with fiber-like elements	Different	0.19	0.19	0.19	Nterminal sharing
REC_030_KL56KN3_PROTEIN_41	REC_037_KL64_PROTEIN_43	64.744	156	55	0	1	156	1	156	2.07e-55	201.0	792.0	tailspike depolymerase	1017.0	tailspike depolymerase	Same	0.2	0.15	0.15	Nterminal sharing
REC_030_KL56KN3_PROTEIN_41	REC_038_KL64_PROTEIN_43	64.103	156	56	0	1	156	1	156	5.8599999999999995e-55	200.0	792.0	tailspike depolymerase	1017.0	tailspike depolymerase	Same	0.2	0.15	0.15	Nterminal sharing
REC_032_KL57_PROTEIN_47	REC_044_KN4_PROTEIN_47	79.221	154	32	0	1	154	1	154	4.2500000000000004e-73	251.0	843.0	tailspike depolymerase	850.0	tailspike depolymerase	Same	0.18	0.18	0.18	Nterminal sharing
REC_032_KL57_PROTEIN_47	REC_041_KN1_PROTEIN_43	68.182	154	49	0	1	154	1	154	5.41e-60	214.0	843.0	tailspike depolymerase	819.0	tailspike depolymerase with fiber-like elements	Different	0.18	0.19	0.18	Nterminal sharing
REC_032_KL57_PROTEIN_47	REC_042_KN1_PROTEIN_43	68.182	154	49	0	1	154	1	154	7.36e-60	213.0	843.0	tailspike depolymerase	820.0	tailspike depolymerase with fiber-like elements	Different	0.18	0.19	0.18	Nterminal sharing
REC_033_KL57_PROTEIN_63	REC_044_KN4_PROTEIN_47	50.877	57	27	1	157	212	157	213	8.07e-11	60.1	783.0	tailspike depolymerase	850.0	tailspike depolymerase	Same	0.07	0.07	0.07	Nterminal sharing
REC_034_KL62_PROTEIN_30	REC_036_KL63_PROTEIN_49	80.095	211	35	1	1	204	1	211	3.71e-91	298.0	692.0	tailspike depolymerase	883.0	tailspike depolymerase	Same	0.3	0.24	0.24	Nterminal sharing
REC_037_KL64_PROTEIN_43	REC_044_KN4_PROTEIN_47	69.863	146	44	0	1	146	1	146	8.59e-55	200.0	1017.0	tailspike depolymerase	850.0	tailspike depolymerase	Same	0.14	0.17	0.14	Nterminal sharing
REC_037_KL64_PROTEIN_43	REC_041_KN1_PROTEIN_43	60.588	170	67	0	1	170	1	170	9.66e-53	194.0	1017.0	tailspike depolymerase	819.0	tailspike depolymerase with fiber-like elements	Different	0.17	0.21	0.17	Nterminal sharing
REC_037_KL64_PROTEIN_43	REC_042_KN1_PROTEIN_43	60.588	170	67	0	1	170	1	170	1.6999999999999997e-52	193.0	1017.0	tailspike depolymerase	820.0	tailspike depolymerase with fiber-like elements	Different	0.17	0.21	0.17	Nterminal sharing
REC_038_KL64_PROTEIN_43	REC_044_KN4_PROTEIN_47	69.178	146	45	0	1	146	1	146	2.4499999999999998e-54	199.0	1017.0	tailspike depolymerase	850.0	tailspike depolymerase	Same	0.14	0.17	0.14	Nterminal sharing
REC_038_KL64_PROTEIN_43	REC_041_KN1_PROTEIN_43	60.588	170	67	0	1	170	1	170	9.4e-53	194.0	1017.0	tailspike depolymerase	819.0	tailspike depolymerase with fiber-like elements	Different	0.17	0.21	0.17	Nterminal sharing
REC_038_KL64_PROTEIN_43	REC_042_KN1_PROTEIN_43	60.588	170	67	0	1	170	1	170	1.4499999999999999e-52	193.0	1017.0	tailspike depolymerase	820.0	tailspike depolymerase with fiber-like elements	Different	0.17	0.21	0.17	Nterminal sharing
REC_041_KN1_PROTEIN_43	REC_044_KN4_PROTEIN_47	60.0	225	78	2	1	225	1	213	1.97e-76	260.0	819.0	tailspike depolymerase with fiber-like elements	850.0	tailspike depolymerase	Different	0.27	0.26	0.26	Nterminal sharing
REC_042_KN1_PROTEIN_43	REC_044_KN4_PROTEIN_47	60.444	225	77	2	1	225	1	213	1.01e-76	261.0	820.0	tailspike depolymerase with fiber-like elements	850.0	tailspike depolymerase	Different	0.27	0.26	0.26	Nterminal sharing
LIT_040_KL22_PROTEIN_57	LIT_115_Kn_PROTEIN_25	51.163	172	73	4	503	665	799	968	4.64e-47	174.0	667.0	tailspike depolymerase with fiber-like elements	973.0	L-shaped tail fiber-like	Different	0.26	0.18	0.18	Cterminal sharing
LIT_064_KL36KL39_PROTEIN_8	LIT_117_Kn_PROTEIN_25	50.581	172	74	4	503	665	718	887	2.52e-47	174.0	667.0	tailspike depolymerase with fiber-like elements	892.0	L-shaped tail fiber-like	Different	0.26	0.19	0.19	Cterminal sharing
LIT_064_KL36KL39_PROTEIN_8	LIT_116_KL31KL37_PROTEIN_25	50.282	177	77	4	498	665	713	887	1.06e-46	172.0	667.0	tailspike depolymerase with fiber-like elements	892.0	L-shaped tail fiber-like	Different	0.27	0.2	0.2	Cterminal sharing
LIT_064_KL36KL39_PROTEIN_8	LIT_108_KL11KL28KL33_PROTEIN_25	50.282	177	77	4	498	665	713	887	1.06e-46	172.0	667.0	tailspike depolymerase with fiber-like elements	892.0	L-shaped tail fiber-like	Different	0.27	0.2	0.2	Cterminal sharing
LIT_070_KL17KL62_PROTEIN_17	REC_029_KL54_PROTEIN_559	63.793	58	21	0	639	696	834	891	7.19e-19	85.9	696.0	tailspike depolymerase	891.0	tailspike depolymerase	Same	0.08	0.07	0.07	Cterminal sharing
LIT_076_KL45KL71_PROTEIN_114	REC_017_KL20KL27KL7_PROTEIN_151	50.0	194	49	3	126	271	1097	1290	4.06e-53	181.0	277.0	TC12/TC17-like tail fiber in mydovirus	1294.0	tailspike depolymerase with fiber-like elements	Different	0.7	0.15	0.15	Cterminal sharing
LIT_076_KL45KL71_PROTEIN_114	LIT_096_KL5_PROTEIN_196	50.0	194	49	3	126	271	1097	1290	4.83e-53	180.0	277.0	TC12/TC17-like tail fiber in mydovirus	1294.0	tailspike depolymerase with fiber-like elements	Different	0.7	0.15	0.15	Cterminal sharing
LIT_106_KL38_PROTEIN_24	REC_028_KL51_PROTEIN_303	52.381	105	44	2	1072	1171	778	881	2.09e-16	79.3	1171.0	tailspike depolymerase with fiber-like elements	881.0	tailspike depolymerase with fiber-like elements	Same	0.09	0.12	0.09	Cterminal sharing
REC_001_Kn_PROTEIN_561	REC_028_KL51_PROTEIN_293	53.086	243	103	5	540	777	992	1228	1.2800000000000001e-64	229.0	779.0	tailspike depolymerase with fiber-like elements	1237.0	tailspike depolymerase with fiber-like elements	Same	0.31	0.2	0.2	Cterminal sharing
REC_001_Kn_PROTEIN_564	REC_043_KN2_PROTEIN_131	53.03	66	30	1	703	767	1007	1072	4.3e-14	70.9	767.0	tailspike depolymerase with fiber-like elements	1072.0	tailspike depolymerase with fiber-like elements	Same	0.09	0.06	0.06	Cterminal sharing
REC_028_KL51_PROTEIN_293	REC_029_KL54_PROTEIN_558	53.498	243	102	5	992	1228	540	777	3.45e-65	231.0	1237.0	tailspike depolymerase with fiber-like elements	779.0	tailspike depolymerase with fiber-like elements	Same	0.2	0.31	0.2	Cterminal sharing
CONT_002_KL10_PROTEIN_45	LIT_036_KL106_PROTEIN_45	27.103	321	186	15	1	300	1	294	1.36e-16	77.0	511.0	tailspike depolymerase	536.0	tailspike depolymerase	Same	0.63	0.6	0.6	Cterminal variation
CONT_002_KL10_PROTEIN_45	LIT_037_KL106_PROTEIN_43	27.187	320	187	15	1	300	1	294	2.25e-16	76.6	511.0	tailspike depolymerase	536.0	tailspike depolymerase	Same	0.63	0.6	0.6	Cterminal variation
CONT_002_KL10_PROTEIN_45	LIT_016_KL61_PROTEIN_42	30.07	286	163	14	5	268	6	276	2.71e-15	73.2	511.0	tailspike depolymerase	547.0	tailspike depolymerase	Same	0.56	0.52	0.52	Cterminal variation
CONT_002_KL10_PROTEIN_45	LIT_088_KL2KL37_PROTEIN_48	26.897	290	173	12	1	261	1	280	2.71e-09	53.9	511.0	tailspike depolymerase	524.0	tailspike depolymerase	Same	0.57	0.55	0.55	Cterminal variation
CONT_002_KL10_PROTEIN_45	LIT_080_KL11KL57_PROTEIN_46	25.461	271	166	15	65	315	389	643	1.08e-06	46.2	511.0	tailspike depolymerase	875.0	tailspike depolymerase	Same	0.53	0.31	0.31	Cterminal variation
CONT_004_KL17_PROTEIN_46	LIT_087_KL82_PROTEIN_44	55.111	450	177	6	1	438	1	437	8.99e-145	441.0	818.0	tailspike depolymerase	792.0	tailspike depolymerase	Same	0.55	0.57	0.55	Cterminal variation
CONT_004_KL17_PROTEIN_46	REC_030_KL56KN3_PROTEIN_41	54.222	450	181	6	1	438	1	437	5.14e-143	436.0	818.0	tailspike depolymerase	792.0	tailspike depolymerase	Same	0.55	0.57	0.55	Cterminal variation
CONT_006_KL22_PROTEIN_8	LIT_037_KL106_PROTEIN_42	30.0	470	298	18	191	649	267	716	1.5500000000000002e-37	144.0	708.0	tailspike depolymerase	778.0	tailspike depolymerase	Same	0.66	0.6	0.6	Cterminal variation
CONT_006_KL22_PROTEIN_8	LIT_036_KL106_PROTEIN_44	30.0	470	298	18	191	649	267	716	1.73e-37	144.0	708.0	tailspike depolymerase	778.0	tailspike depolymerase	Same	0.66	0.6	0.6	Cterminal variation
CONT_008_KL53_PROTEIN_1	LIT_035_KL24_PROTEIN_4	71.218	271	78	0	1	271	125	395	2.44e-135	394.0	400.0	SU10 tail fiber-like	547.0	TC5-like tail fiber	Different	0.68	0.5	0.5	Cterminal variation
CONT_008_KL53_PROTEIN_3	LIT_046_KL16_PROTEIN_241	25.824	364	222	13	259	615	78	400	1.09e-19	88.6	845.0	tailspike depolymerase	616.0	tailspike depolymerase	Same	0.43	0.59	0.43	Cterminal variation
CONT_009_KL53_PROTEIN_3	LIT_046_KL16_PROTEIN_241	25.824	364	222	13	259	615	78	400	1.09e-19	88.6	845.0	tailspike depolymerase	616.0	tailspike depolymerase	Same	0.43	0.59	0.43	Cterminal variation
CONT_010_KL53_PROTEIN_22	LIT_046_KL16_PROTEIN_241	26.171	363	222	13	259	615	78	400	3.13e-20	90.5	845.0	tailspike depolymerase	616.0	tailspike depolymerase	Same	0.43	0.59	0.43	Cterminal variation
CONT_011_KL53_PROTEIN_67	LIT_046_KL16_PROTEIN_241	25.824	364	222	13	259	615	78	400	1.09e-19	88.6	845.0	tailspike depolymerase	616.0	tailspike depolymerase	Same	0.43	0.59	0.43	Cterminal variation
CONT_012_KL53_PROTEIN_48	LIT_046_KL16_PROTEIN_241	25.824	364	222	13	259	615	78	400	1.09e-19	88.6	845.0	tailspike depolymerase	616.0	tailspike depolymerase	Same	0.43	0.59	0.43	Cterminal variation
CONT_013_KL53_PROTEIN_1	LIT_046_KL16_PROTEIN_241	25.069	363	226	12	259	615	78	400	1.66e-19	88.2	845.0	tailspike depolymerase	616.0	tailspike depolymerase	Same	0.43	0.59	0.43	Cterminal variation
CONT_014_KL53_PROTEIN_38	LIT_087_KL82_PROTEIN_44	55.111	450	177	6	1	438	1	437	9.48e-145	441.0	818.0	tailspike depolymerase	792.0	tailspike depolymerase	Same	0.55	0.57	0.55	Cterminal variation
CONT_014_KL53_PROTEIN_38	REC_030_KL56KN3_PROTEIN_41	54.222	450	181	6	1	438	1	437	5.66e-143	436.0	818.0	tailspike depolymerase	792.0	tailspike depolymerase	Same	0.55	0.57	0.55	Cterminal variation
CONT_015_KL53_PROTEIN_6	LIT_046_KL16_PROTEIN_241	26.171	363	222	13	259	615	78	400	1.12e-19	88.6	845.0	tailspike depolymerase	616.0	tailspike depolymerase	Same	0.43	0.59	0.43	Cterminal variation
LIT_005_KL2KL13_PROTEIN_21	REC_001_Kn_PROTEIN_558	27.362	307	179	17	18	300	110	396	5.62e-05	40.8	577.0	tailspike depolymerase	702.0	tailspike depolymerase	Same	0.53	0.44	0.44	Cterminal variation
LIT_005_KL2KL13_PROTEIN_21	REC_028_KL51_PROTEIN_300	25.0	356	217	18	21	349	596	928	0.000125	39.7	577.0	tailspike depolymerase	1179.0	tailspike depolymerase	Same	0.62	0.3	0.3	Cterminal variation
LIT_005_KL2KL13_PROTEIN_21	LIT_015_KL61_PROTEIN_44	25.641	312	193	15	33	323	305	598	0.001	36.6	577.0	tailspike depolymerase	875.0	tailspike depolymerase	Same	0.54	0.36	0.36	Cterminal variation
LIT_006_KL126_PROTEIN_49	REC_037_KL64_PROTEIN_43	28.571	427	260	19	32	434	288	693	3.37e-18	84.3	756.0	tailspike depolymerase	1017.0	tailspike depolymerase	Same	0.56	0.42	0.42	Cterminal variation
LIT_006_KL126_PROTEIN_49	REC_038_KL64_PROTEIN_43	28.337	427	261	19	32	434	288	693	1.25e-17	82.4	756.0	tailspike depolymerase	1017.0	tailspike depolymerase	Same	0.56	0.42	0.42	Cterminal variation
LIT_006_KL126_PROTEIN_49	LIT_118_KL14_PROTEIN_25	23.226	310	202	10	158	446	345	639	6.17e-10	57.4	756.0	tailspike depolymerase	941.0	tailspike depolymerase	Same	0.41	0.33	0.33	Cterminal variation
LIT_007_KL61KL126_PROTEIN_40	REC_037_KL64_PROTEIN_43	28.337	427	261	19	32	434	288	693	5.86e-17	80.1	756.0	tailspike depolymerase	1017.0	tailspike depolymerase	Same	0.56	0.42	0.42	Cterminal variation
LIT_007_KL61KL126_PROTEIN_40	REC_038_KL64_PROTEIN_43	28.103	427	262	19	32	434	288	693	2.39e-16	78.2	756.0	tailspike depolymerase	1017.0	tailspike depolymerase	Same	0.56	0.42	0.42	Cterminal variation
LIT_007_KL61KL126_PROTEIN_40	LIT_118_KL14_PROTEIN_25	23.226	310	202	10	158	446	345	639	7.71e-10	57.0	756.0	tailspike depolymerase	941.0	tailspike depolymerase	Same	0.41	0.33	0.33	Cterminal variation
LIT_007_KL61KL126_PROTEIN_49	LIT_086_KL48_PROTEIN_49	22.817	504	285	21	11	486	12	439	3.69e-07	48.5	798.0	tailspike depolymerase	763.0	tailspike depolymerase	Same	0.63	0.66	0.63	Cterminal variation
LIT_007_KL61KL126_PROTEIN_49	REC_001_Kn_PROTEIN_564	26.482	253	155	12	199	428	163	407	2.77e-06	45.4	798.0	tailspike depolymerase	767.0	tailspike depolymerase with fiber-like elements	Different	0.32	0.33	0.32	Cterminal variation
LIT_010_KL22KL37_PROTEIN_49	LIT_088_KL2KL37_PROTEIN_47	31.894	301	193	7	352	650	10	300	2.8e-28	113.0	780.0	tailspike depolymerase	427.0	tailspike depolymerase	Same	0.39	0.7	0.39	Cterminal variation
LIT_011_KL22KL37_PROTEIN_46	LIT_088_KL2KL37_PROTEIN_47	31.894	301	193	7	352	650	10	300	5.38e-28	112.0	780.0	tailspike depolymerase	427.0	tailspike depolymerase	Same	0.39	0.7	0.39	Cterminal variation
LIT_015_KL61_PROTEIN_44	LIT_071_KL18KL60_PROTEIN_55	26.786	560	312	20	190	672	132	670	1.2e-36	143.0	875.0	tailspike depolymerase	901.0	tailspike depolymerase	Same	0.64	0.62	0.62	Cterminal variation
LIT_015_KL61_PROTEIN_44	LIT_023_KL140_PROTEIN_23	25.678	479	259	17	190	601	132	580	1.4200000000000002e-21	95.1	875.0	tailspike depolymerase	854.0	tailspike depolymerase	Same	0.55	0.56	0.55	Cterminal variation
LIT_015_KL61_PROTEIN_44	LIT_022_KL140_PROTEIN_10	25.678	479	259	17	190	601	132	580	2.7200000000000002e-21	94.4	875.0	tailspike depolymerase	854.0	tailspike depolymerase	Same	0.55	0.56	0.55	Cterminal variation
LIT_015_KL61_PROTEIN_44	REC_028_KL51_PROTEIN_300	29.596	446	256	21	188	601	486	905	4.32e-21	94.0	875.0	tailspike depolymerase	1179.0	tailspike depolymerase	Same	0.51	0.38	0.38	Cterminal variation
LIT_015_KL61_PROTEIN_44	LIT_085_KL56_PROTEIN_48	25.676	370	210	14	263	580	2	358	1.8e-11	62.4	875.0	tailspike depolymerase	678.0	tailspike depolymerase	Same	0.42	0.55	0.42	Cterminal variation
LIT_015_KL61_PROTEIN_44	REC_030_KL56KN3_PROTEIN_42	25.946	370	209	15	263	580	2	358	1.03e-10	60.1	875.0	tailspike depolymerase	678.0	tailspike depolymerase	Same	0.42	0.55	0.42	Cterminal variation
LIT_015_KL61_PROTEIN_44	LIT_019_KL139_PROTEIN_32	26.244	442	241	16	297	671	166	589	2.3e-08	52.4	875.0	tailspike depolymerase	822.0	tailspike depolymerase	Same	0.51	0.54	0.51	Cterminal variation
LIT_015_KL61_PROTEIN_44	LIT_017_KL140_PROTEIN_44	24.022	358	226	15	266	602	190	522	2.43e-07	49.3	875.0	tailspike depolymerase	793.0	tailspike depolymerase	Same	0.41	0.45	0.41	Cterminal variation
LIT_015_KL61_PROTEIN_45	LIT_128_KL10_PROTEIN_50	31.944	288	161	14	1	274	1	267	1.71e-17	80.1	546.0	tailspike depolymerase	512.0	tailspike depolymerase	Same	0.53	0.56	0.53	Cterminal variation
LIT_015_KL61_PROTEIN_45	LIT_037_KL106_PROTEIN_43	26.935	323	202	10	1	314	1	298	1.11e-15	74.7	546.0	tailspike depolymerase	536.0	tailspike depolymerase	Same	0.59	0.6	0.59	Cterminal variation
LIT_015_KL61_PROTEIN_45	LIT_036_KL106_PROTEIN_45	26.935	323	202	10	1	314	1	298	1.46e-15	74.3	546.0	tailspike depolymerase	536.0	tailspike depolymerase	Same	0.59	0.6	0.59	Cterminal variation
LIT_016_KL61_PROTEIN_42	LIT_128_KL10_PROTEIN_50	28.522	291	173	13	4	280	3	272	8.79e-17	77.8	547.0	tailspike depolymerase	512.0	tailspike depolymerase	Same	0.53	0.57	0.53	Cterminal variation
LIT_016_KL61_PROTEIN_42	LIT_037_KL106_PROTEIN_43	26.498	317	199	12	6	313	5	296	1.13e-13	68.2	547.0	tailspike depolymerase	536.0	tailspike depolymerase	Same	0.58	0.59	0.58	Cterminal variation
LIT_016_KL61_PROTEIN_42	LIT_036_KL106_PROTEIN_45	25.868	317	201	11	6	313	5	296	4.85e-13	66.2	547.0	tailspike depolymerase	536.0	tailspike depolymerase	Same	0.58	0.59	0.58	Cterminal variation
LIT_017_KL140_PROTEIN_44	REC_013_KL2_PROTEIN_22	41.031	485	238	10	1	462	1	460	1.1900000000000001e-85	283.0	793.0	tailspike depolymerase	763.0	tailspike depolymerase	Same	0.61	0.64	0.61	Cterminal variation
LIT_017_KL140_PROTEIN_44	LIT_104_KL2_PROTEIN_24	41.031	485	238	10	1	462	1	460	1.2100000000000001e-85	283.0	793.0	tailspike depolymerase	763.0	tailspike depolymerase	Same	0.61	0.64	0.61	Cterminal variation
LIT_017_KL140_PROTEIN_44	REC_028_KL51_PROTEIN_300	30.285	492	305	15	191	664	582	1053	1.15e-52	193.0	793.0	tailspike depolymerase	1179.0	tailspike depolymerase	Same	0.62	0.42	0.42	Cterminal variation
LIT_017_KL140_PROTEIN_44	REC_001_Kn_PROTEIN_558	26.282	312	196	13	196	489	104	399	4.67e-11	60.8	793.0	tailspike depolymerase	702.0	tailspike depolymerase	Same	0.39	0.44	0.39	Cterminal variation
LIT_017_KL140_PROTEIN_44	LIT_080_KL11KL57_PROTEIN_46	22.535	355	227	14	190	518	266	598	1.97e-05	42.7	793.0	tailspike depolymerase	875.0	tailspike depolymerase	Same	0.45	0.41	0.41	Cterminal variation
LIT_017_KL140_PROTEIN_44	REC_029_KL54_PROTEIN_555	25.449	334	181	20	195	490	98	401	3.31e-05	42.0	793.0	tailspike depolymerase	715.0	tailspike depolymerase	Same	0.42	0.47	0.42	Cterminal variation
LIT_017_KL140_PROTEIN_44	LIT_100_KL13_PROTEIN_10	22.841	359	248	10	202	551	18	356	0.000653	37.7	793.0	tailspike depolymerase	575.0	tailspike depolymerase	Same	0.45	0.62	0.45	Cterminal variation
LIT_017_KL140_PROTEIN_44	REC_030_KL56KN3_PROTEIN_42	22.654	309	186	13	239	500	68	370	0.001	37.0	793.0	tailspike depolymerase	678.0	tailspike depolymerase	Same	0.39	0.46	0.39	Cterminal variation
LIT_019_KL139_PROTEIN_32	REC_001_Kn_PROTEIN_558	25.234	428	263	14	113	530	68	448	1.55e-20	91.7	822.0	tailspike depolymerase	702.0	tailspike depolymerase	Same	0.52	0.61	0.52	Cterminal variation
LIT_019_KL139_PROTEIN_32	LIT_080_KL11KL57_PROTEIN_46	24.646	495	294	17	166	644	297	728	3.82e-18	84.0	822.0	tailspike depolymerase	875.0	tailspike depolymerase	Same	0.6	0.57	0.57	Cterminal variation
LIT_020_KL103KL55_PROTEIN_159	LIT_085_KL56_PROTEIN_47	23.323	313	189	12	79	361	263	554	9.33e-06	43.5	664.0	tailspike depolymerase	792.0	tailspike depolymerase	Same	0.47	0.4	0.4	Cterminal variation
LIT_020_KL103KL55_PROTEIN_159	LIT_087_KL82_PROTEIN_44	23.975	317	182	13	79	361	263	554	2.35e-05	42.4	664.0	tailspike depolymerase	792.0	tailspike depolymerase	Same	0.48	0.4	0.4	Cterminal variation
LIT_020_KL103KL55_PROTEIN_159	REC_030_KL56KN3_PROTEIN_41	23.438	320	180	13	79	361	263	554	5.71e-05	40.8	664.0	tailspike depolymerase	792.0	tailspike depolymerase	Same	0.48	0.4	0.4	Cterminal variation
LIT_022_KL140_PROTEIN_10	REC_028_KL51_PROTEIN_300	30.474	548	333	15	129	668	485	992	3.4399999999999997e-60	217.0	854.0	tailspike depolymerase	1179.0	tailspike depolymerase	Same	0.64	0.46	0.46	Cterminal variation
LIT_022_KL140_PROTEIN_10	REC_001_Kn_PROTEIN_558	24.538	379	242	14	221	580	73	426	2.38e-15	75.1	854.0	tailspike depolymerase	702.0	tailspike depolymerase	Same	0.44	0.54	0.44	Cterminal variation
LIT_022_KL140_PROTEIN_10	REC_029_KL54_PROTEIN_555	24.316	329	206	11	246	551	93	401	5.18e-12	64.3	854.0	tailspike depolymerase	715.0	tailspike depolymerase	Same	0.39	0.46	0.39	Cterminal variation
LIT_022_KL140_PROTEIN_10	REC_030_KL56KN3_PROTEIN_42	26.95	282	157	11	260	500	34	307	7.36e-08	50.8	854.0	tailspike depolymerase	678.0	tailspike depolymerase	Same	0.33	0.42	0.33	Cterminal variation
LIT_022_KL140_PROTEIN_10	LIT_085_KL56_PROTEIN_48	26.087	299	172	11	243	500	17	307	2.19e-06	45.8	854.0	tailspike depolymerase	678.0	tailspike depolymerase	Same	0.35	0.44	0.35	Cterminal variation
LIT_022_KL140_PROTEIN_10	LIT_046_KL16_PROTEIN_239	22.615	283	173	14	328	581	53	318	0.001	37.4	854.0	tailspike depolymerase	556.0	tailspike depolymerase	Same	0.33	0.51	0.33	Cterminal variation
LIT_023_KL140_PROTEIN_23	REC_028_KL51_PROTEIN_300	30.292	548	334	15	129	668	485	992	1.38e-59	215.0	854.0	tailspike depolymerase	1179.0	tailspike depolymerase	Same	0.64	0.46	0.46	Cterminal variation
LIT_023_KL140_PROTEIN_23	REC_001_Kn_PROTEIN_558	24.138	377	246	13	221	580	73	426	3.93e-15	74.3	854.0	tailspike depolymerase	702.0	tailspike depolymerase	Same	0.44	0.54	0.44	Cterminal variation
LIT_023_KL140_PROTEIN_23	REC_029_KL54_PROTEIN_555	24.316	329	206	11	246	551	93	401	9.04e-12	63.5	854.0	tailspike depolymerase	715.0	tailspike depolymerase	Same	0.39	0.46	0.39	Cterminal variation
LIT_023_KL140_PROTEIN_23	REC_030_KL56KN3_PROTEIN_42	26.95	282	157	11	260	500	34	307	3.21e-08	52.0	854.0	tailspike depolymerase	678.0	tailspike depolymerase	Same	0.33	0.42	0.33	Cterminal variation
LIT_023_KL140_PROTEIN_23	LIT_085_KL56_PROTEIN_48	26.087	299	172	11	243	500	17	307	9.72e-07	47.0	854.0	tailspike depolymerase	678.0	tailspike depolymerase	Same	0.35	0.44	0.35	Cterminal variation
LIT_023_KL140_PROTEIN_23	LIT_046_KL16_PROTEIN_239	22.615	283	173	14	328	581	53	318	0.001	37.4	854.0	tailspike depolymerase	556.0	tailspike depolymerase	Same	0.33	0.51	0.33	Cterminal variation
LIT_024_KL25_PROTEIN_97	LIT_037_KL106_PROTEIN_42	34.133	375	223	12	170	538	296	652	5.16e-46	169.0	657.0	tailspike depolymerase	778.0	tailspike depolymerase	Same	0.57	0.48	0.48	Cterminal variation
LIT_024_KL25_PROTEIN_97	LIT_036_KL106_PROTEIN_44	34.133	375	223	12	170	538	296	652	6.699999999999999e-46	169.0	657.0	tailspike depolymerase	778.0	tailspike depolymerase	Same	0.57	0.48	0.48	Cterminal variation
LIT_025_KL25_PROTEIN_36	LIT_034_KL22_PROTEIN_51	37.727	440	261	8	128	557	261	697	1.8300000000000001e-72	243.0	633.0	tailspike depolymerase	744.0	tailspike depolymerase	Same	0.7	0.59	0.59	Cterminal variation
LIT_025_KL25_PROTEIN_36	LIT_033_KL22_PROTEIN_48	37.727	440	261	8	128	557	261	697	1.06e-71	241.0	633.0	tailspike depolymerase	744.0	tailspike depolymerase	Same	0.7	0.59	0.59	Cterminal variation
LIT_025_KL25_PROTEIN_36	LIT_037_KL106_PROTEIN_42	32.615	371	229	10	151	514	296	652	6.06e-41	154.0	633.0	tailspike depolymerase	778.0	tailspike depolymerase	Same	0.59	0.48	0.48	Cterminal variation
LIT_025_KL25_PROTEIN_36	LIT_036_KL106_PROTEIN_44	32.615	371	229	10	151	514	296	652	7.02e-41	154.0	633.0	tailspike depolymerase	778.0	tailspike depolymerase	Same	0.59	0.48	0.48	Cterminal variation
LIT_030_KL136_PROTEIN_20	LIT_089_KL36KL42_PROTEIN_48	23.27	318	213	10	282	581	331	635	4.41e-09	54.7	772.0	tailspike depolymerase	868.0	tailspike depolymerase	Same	0.41	0.37	0.37	Cterminal variation
LIT_031_KL47_PROTEIN_54	REC_043_KN2_PROTEIN_134	26.494	385	244	15	22	392	110	469	2.6300000000000002e-21	92.8	584.0	tailspike depolymerase	657.0	tailspike depolymerase	Same	0.66	0.59	0.59	Cterminal variation
LIT_033_KL22_PROTEIN_48	LIT_088_KL2KL37_PROTEIN_47	31.894	301	193	7	352	650	10	300	2.16e-28	113.0	744.0	tailspike depolymerase	427.0	tailspike depolymerase	Same	0.4	0.7	0.4	Cterminal variation
LIT_034_KL22_PROTEIN_51	LIT_088_KL2KL37_PROTEIN_47	31.894	301	193	7	352	650	10	300	2.9e-28	113.0	744.0	tailspike depolymerase	427.0	tailspike depolymerase	Same	0.4	0.7	0.4	Cterminal variation
LIT_035_KL24_PROTEIN_2	REC_043_KN2_PROTEIN_134	28.465	404	243	17	184	570	95	469	2.98e-23	99.8	762.0	tailspike depolymerase	657.0	tailspike depolymerase	Same	0.53	0.61	0.53	Cterminal variation
LIT_036_KL106_PROTEIN_44	LIT_041_KL1KL2KL57_PROTEIN_45	52.643	473	181	11	1	440	1	463	7.05e-149	452.0	778.0	tailspike depolymerase	832.0	tailspike depolymerase	Same	0.61	0.57	0.57	Cterminal variation
LIT_036_KL106_PROTEIN_44	REC_023_KL47_PROTEIN_42	51.148	479	210	5	1	466	1	468	1.12e-145	442.0	778.0	tailspike depolymerase	802.0	tailspike depolymerase	Same	0.62	0.6	0.6	Cterminal variation
LIT_036_KL106_PROTEIN_44	REC_017_KL20KL27KL7_PROTEIN_152	32.791	369	233	9	296	655	117	479	1.3599999999999999e-42	159.0	778.0	tailspike depolymerase	602.0	tailspike depolymerase	Same	0.47	0.61	0.47	Cterminal variation
LIT_036_KL106_PROTEIN_44	REC_001_Kn_PROTEIN_560	28.649	370	243	12	297	655	104	463	1.41e-34	134.0	778.0	tailspike depolymerase	584.0	tailspike depolymerase	Same	0.48	0.63	0.48	Cterminal variation
LIT_036_KL106_PROTEIN_44	REC_029_KL54_PROTEIN_557	28.378	370	244	12	297	655	104	463	1.9399999999999997e-34	134.0	778.0	tailspike depolymerase	584.0	tailspike depolymerase	Same	0.48	0.63	0.48	Cterminal variation
LIT_036_KL106_PROTEIN_45	LIT_128_KL10_PROTEIN_50	28.704	324	177	16	1	294	1	300	8.95e-16	74.7	536.0	tailspike depolymerase	512.0	tailspike depolymerase	Same	0.6	0.63	0.6	Cterminal variation
LIT_037_KL106_PROTEIN_42	LIT_041_KL1KL2KL57_PROTEIN_45	52.431	473	182	11	1	440	1	463	6.35e-148	449.0	778.0	tailspike depolymerase	832.0	tailspike depolymerase	Same	0.61	0.57	0.57	Cterminal variation
LIT_037_KL106_PROTEIN_42	REC_023_KL47_PROTEIN_42	50.939	479	211	5	1	466	1	468	1.08e-144	440.0	778.0	tailspike depolymerase	802.0	tailspike depolymerase	Same	0.62	0.6	0.6	Cterminal variation
LIT_037_KL106_PROTEIN_42	REC_017_KL20KL27KL7_PROTEIN_152	32.791	369	233	9	296	655	117	479	1.0899999999999998e-42	159.0	778.0	tailspike depolymerase	602.0	tailspike depolymerase	Same	0.47	0.61	0.47	Cterminal variation
LIT_037_KL106_PROTEIN_42	REC_001_Kn_PROTEIN_560	28.649	370	243	12	297	655	104	463	1.2599999999999999e-34	134.0	778.0	tailspike depolymerase	584.0	tailspike depolymerase	Same	0.48	0.63	0.48	Cterminal variation
LIT_037_KL106_PROTEIN_42	REC_029_KL54_PROTEIN_557	28.378	370	244	12	297	655	104	463	1.9199999999999999e-34	134.0	778.0	tailspike depolymerase	584.0	tailspike depolymerase	Same	0.48	0.63	0.48	Cterminal variation
LIT_037_KL106_PROTEIN_43	LIT_128_KL10_PROTEIN_50	28.882	322	179	16	1	294	1	300	6.18e-16	75.1	536.0	tailspike depolymerase	512.0	tailspike depolymerase	Same	0.6	0.63	0.6	Cterminal variation
LIT_038_KL22_PROTEIN_51	LIT_088_KL2KL37_PROTEIN_47	31.894	301	193	7	352	650	10	300	2.4799999999999998e-28	113.0	780.0	tailspike depolymerase	427.0	tailspike depolymerase	Same	0.39	0.7	0.39	Cterminal variation
LIT_043_KL47_PROTEIN_250	LIT_072_Kn_PROTEIN_7	40.323	310	178	3	1	306	1	307	9.69e-65	211.0	461.0	T4 gp12-like	448.0	TC17-like tail fiber	Different	0.67	0.69	0.67	Cterminal variation
LIT_043_KL47_PROTEIN_250	LIT_058_KL28_PROTEIN_226	40.0	310	179	3	1	306	1	307	2.45e-64	209.0	461.0	T4 gp12-like	448.0	TC17-like tail fiber	Different	0.67	0.69	0.67	Cterminal variation
LIT_043_KL47_PROTEIN_250	LIT_057_KL28_PROTEIN_224	39.355	310	181	3	1	306	1	307	1.85e-61	202.0	461.0	T4 gp12-like	448.0	TC17-like tail fiber	Different	0.67	0.69	0.67	Cterminal variation
LIT_043_KL47_PROTEIN_46	LIT_123_KL43KL50KL69_PROTEIN_28	43.071	801	379	19	243	1026	303	1043	0.0	570.0	1239.0	T4 gp37-like	1314.0	L-shaped tail fiber-like	Different	0.65	0.61	0.61	Cterminal variation
LIT_046_KL16_PROTEIN_233	REC_019_KL21KL3_PROTEIN_43	26.536	358	195	14	90	403	320	653	5.32e-13	66.6	581.0	tailspike depolymerase with fiber-like elements	869.0	tailspike depolymerase with fiber-like elements	Same	0.62	0.41	0.41	Cterminal variation
LIT_046_KL16_PROTEIN_233	REC_028_KL51_PROTEIN_303	28.231	294	170	12	6	261	253	543	1.93e-12	64.7	581.0	tailspike depolymerase with fiber-like elements	881.0	tailspike depolymerase with fiber-like elements	Same	0.51	0.33	0.33	Cterminal variation
LIT_046_KL16_PROTEIN_236	REC_019_KL21KL3_PROTEIN_43	28.339	554	334	17	42	574	253	764	2.88e-33	132.0	820.0	tailspike depolymerase with fiber-like elements	869.0	tailspike depolymerase with fiber-like elements	Same	0.68	0.64	0.64	Cterminal variation
LIT_046_KL16_PROTEIN_241	LIT_112_KL53_PROTEIN_24	25.069	363	226	12	78	400	266	622	1.18e-19	88.2	616.0	tailspike depolymerase	852.0	tailspike depolymerase	Same	0.59	0.43	0.43	Cterminal variation
LIT_047_KL2_PROTEIN_1	REC_001_Kn_PROTEIN_558	27.362	307	179	17	18	300	110	396	5.53e-05	40.8	577.0	tailspike depolymerase	702.0	tailspike depolymerase	Same	0.53	0.44	0.44	Cterminal variation
LIT_048_KL2_PROTEIN_54	REC_001_Kn_PROTEIN_558	27.362	307	179	17	18	300	110	396	5.48e-05	40.8	577.0	tailspike depolymerase	702.0	tailspike depolymerase	Same	0.53	0.44	0.44	Cterminal variation
LIT_054_KL14_PROTEIN_235	LIT_072_Kn_PROTEIN_7	40.323	310	178	3	1	306	1	307	1.4600000000000001e-64	210.0	461.0	T4 gp12-like	448.0	TC17-like tail fiber	Different	0.67	0.69	0.67	Cterminal variation
LIT_054_KL14_PROTEIN_235	LIT_058_KL28_PROTEIN_226	40.0	310	179	3	1	306	1	307	4.1100000000000004e-64	209.0	461.0	T4 gp12-like	448.0	TC17-like tail fiber	Different	0.67	0.69	0.67	Cterminal variation
LIT_054_KL14_PROTEIN_235	LIT_057_KL28_PROTEIN_224	39.355	310	181	3	1	306	1	307	3.1599999999999995e-61	201.0	461.0	T4 gp12-like	448.0	TC17-like tail fiber	Different	0.67	0.69	0.67	Cterminal variation
LIT_055_KL14_PROTEIN_253	LIT_072_Kn_PROTEIN_7	40.323	310	178	3	1	306	1	307	1.4600000000000001e-64	210.0	461.0	T4 gp12-like	448.0	TC17-like tail fiber	Different	0.67	0.69	0.67	Cterminal variation
LIT_055_KL14_PROTEIN_253	LIT_058_KL28_PROTEIN_226	40.0	310	179	3	1	306	1	307	4.1100000000000004e-64	209.0	461.0	T4 gp12-like	448.0	TC17-like tail fiber	Different	0.67	0.69	0.67	Cterminal variation
LIT_055_KL14_PROTEIN_253	LIT_057_KL28_PROTEIN_224	39.355	310	181	3	1	306	1	307	3.1599999999999995e-61	201.0	461.0	T4 gp12-like	448.0	TC17-like tail fiber	Different	0.67	0.69	0.67	Cterminal variation
LIT_056_KL38_PROTEIN_91	LIT_072_Kn_PROTEIN_7	40.323	310	178	3	1	306	1	307	1.4600000000000001e-64	210.0	461.0	T4 gp12-like	448.0	TC17-like tail fiber	Different	0.67	0.69	0.67	Cterminal variation
LIT_056_KL38_PROTEIN_91	LIT_058_KL28_PROTEIN_226	40.0	310	179	3	1	306	1	307	4.1100000000000004e-64	209.0	461.0	T4 gp12-like	448.0	TC17-like tail fiber	Different	0.67	0.69	0.67	Cterminal variation
LIT_056_KL38_PROTEIN_91	LIT_057_KL28_PROTEIN_224	39.355	310	181	3	1	306	1	307	3.1599999999999995e-61	201.0	461.0	T4 gp12-like	448.0	TC17-like tail fiber	Different	0.67	0.69	0.67	Cterminal variation
LIT_057_KL28_PROTEIN_224	LIT_092_KL39KL41_PROTEIN_6	40.0	310	179	3	1	307	1	306	1.4400000000000001e-64	210.0	448.0	TC17-like tail fiber	461.0	T4 gp12-like	Different	0.69	0.67	0.67	Cterminal variation
LIT_058_KL28_PROTEIN_226	LIT_092_KL39KL41_PROTEIN_6	40.323	310	178	3	1	307	1	306	4.96e-66	214.0	448.0	TC17-like tail fiber	461.0	T4 gp12-like	Different	0.69	0.67	0.67	Cterminal variation
LIT_060_KL24_PROTEIN_8	REC_043_KN2_PROTEIN_134	27.415	383	239	16	24	392	112	469	5.3100000000000005e-21	92.0	584.0	tailspike depolymerase	657.0	tailspike depolymerase	Same	0.66	0.58	0.58	Cterminal variation
LIT_061_KL25_PROTEIN_59	LIT_099_KL37KL44_PROTEIN_8	32.97	367	223	14	313	672	32	382	3.1200000000000003e-32	127.0	793.0	tailspike depolymerase	529.0	tailspike depolymerase	Same	0.46	0.69	0.46	Cterminal variation
LIT_070_KL17KL62_PROTEIN_19	LIT_083_KL36KL43_PROTEIN_41	22.917	288	160	10	132	408	202	438	9.58e-06	43.9	764.0	tailspike depolymerase	818.0	tailspike depolymerase	Same	0.38	0.35	0.35	Cterminal variation
LIT_071_KL18KL60_PROTEIN_55	LIT_080_KL11KL57_PROTEIN_46	27.027	555	327	20	132	675	190	677	6.040000000000001e-35	138.0	901.0	tailspike depolymerase	875.0	tailspike depolymerase	Same	0.62	0.63	0.62	Cterminal variation
LIT_071_KL18KL60_PROTEIN_55	REC_001_Kn_PROTEIN_558	26.747	415	265	16	214	620	71	454	2.13e-28	116.0	901.0	tailspike depolymerase	702.0	tailspike depolymerase	Same	0.46	0.59	0.46	Cterminal variation
LIT_071_KL18KL60_PROTEIN_55	REC_029_KL54_PROTEIN_555	25.641	429	237	20	235	632	88	465	2.88e-15	74.7	901.0	tailspike depolymerase	715.0	tailspike depolymerase	Same	0.48	0.6	0.48	Cterminal variation
LIT_071_KL18KL60_PROTEIN_55	LIT_087_KL82_PROTEIN_45	22.059	408	240	17	213	596	7	360	3.07e-08	52.0	901.0	tailspike depolymerase	638.0	tailspike depolymerase	Same	0.45	0.64	0.45	Cterminal variation
LIT_072_Kn_PROTEIN_7	LIT_092_KL39KL41_PROTEIN_6	40.645	310	177	3	1	307	1	306	1.7300000000000002e-66	215.0	448.0	TC17-like tail fiber	461.0	T4 gp12-like	Different	0.69	0.67	0.67	Cterminal variation
LIT_074_KL24KL54KL58_PROTEIN_66	REC_043_KN2_PROTEIN_134	27.114	402	253	15	53	440	94	469	8e-24	100.0	632.0	tailspike depolymerase	657.0	tailspike depolymerase	Same	0.64	0.61	0.61	Cterminal variation
LIT_078_KL30KL35KL36_PROTEIN_48	LIT_113_KL46_PROTEIN_23	22.852	512	326	15	251	734	191	661	2.03e-19	88.2	856.0	tailspike depolymerase with fiber-like elements	927.0	tailspike depolymerase with fiber-like elements	Same	0.6	0.55	0.55	Cterminal variation
LIT_080_KL11KL57_PROTEIN_46	LIT_085_KL56_PROTEIN_48	26.757	370	206	16	263	580	2	358	1.02e-13	69.7	875.0	tailspike depolymerase	678.0	tailspike depolymerase	Same	0.42	0.55	0.42	Cterminal variation
LIT_080_KL11KL57_PROTEIN_46	REC_030_KL56KN3_PROTEIN_42	27.027	370	205	17	263	580	2	358	3.76e-13	67.8	875.0	tailspike depolymerase	678.0	tailspike depolymerase	Same	0.42	0.55	0.42	Cterminal variation
LIT_082_KL26KL74_PROTEIN_50	REC_028_KL51_PROTEIN_296	28.44	327	195	13	164	475	232	534	1.33e-20	90.5	595.0	tailspike depolymerase	648.0	tailspike depolymerase	Same	0.55	0.5	0.5	Cterminal variation
LIT_085_KL56_PROTEIN_48	REC_001_Kn_PROTEIN_558	25.722	381	241	12	17	391	95	439	6.85e-16	76.3	678.0	tailspike depolymerase	702.0	tailspike depolymerase	Same	0.56	0.54	0.54	Cterminal variation
LIT_087_KL82_PROTEIN_44	REC_025_KL47_PROTEIN_44	55.8	500	176	10	1	459	1	496	1.08e-168	502.0	792.0	tailspike depolymerase	793.0	tailspike depolymerase	Same	0.63	0.63	0.63	Cterminal variation
LIT_096_KL5_PROTEIN_196	REC_001_Kn_PROTEIN_561	26.374	273	155	10	1002	1268	527	759	1.65e-13	69.7	1294.0	tailspike depolymerase with fiber-like elements	779.0	tailspike depolymerase with fiber-like elements	Same	0.21	0.35	0.21	Cterminal variation
LIT_096_KL5_PROTEIN_196	REC_029_KL54_PROTEIN_558	26.007	273	156	10	1002	1268	527	759	1.08e-12	67.4	1294.0	tailspike depolymerase with fiber-like elements	779.0	tailspike depolymerase with fiber-like elements	Same	0.21	0.35	0.21	Cterminal variation
LIT_096_KL5_PROTEIN_198	REC_019_KL21KL3_PROTEIN_43	25.074	339	206	12	191	502	362	679	5.06e-09	53.9	634.0	tailspike depolymerase with fiber-like elements	869.0	tailspike depolymerase with fiber-like elements	Same	0.53	0.39	0.39	Cterminal variation
LIT_096_KL5_PROTEIN_198	LIT_101_KL13_PROTEIN_9	25.094	267	143	12	141	376	51	291	0.00085	37.0	634.0	tailspike depolymerase with fiber-like elements	668.0	tailspike depolymerase with fiber-like elements	Same	0.42	0.4	0.4	Cterminal variation
LIT_096_KL5_PROTEIN_198	LIT_100_KL13_PROTEIN_9	25.094	267	143	12	141	376	51	291	0.00085	37.0	634.0	tailspike depolymerase with fiber-like elements	668.0	tailspike depolymerase with fiber-like elements	Same	0.42	0.4	0.4	Cterminal variation
LIT_099_KL37KL44_PROTEIN_8	REC_029_KL54_PROTEIN_557	30.168	358	234	11	33	381	104	454	9.580000000000001e-37	138.0	529.0	tailspike depolymerase	584.0	tailspike depolymerase	Same	0.68	0.61	0.61	Cterminal variation
LIT_099_KL37KL44_PROTEIN_8	REC_001_Kn_PROTEIN_560	30.168	358	234	11	33	381	104	454	9.580000000000001e-37	138.0	529.0	tailspike depolymerase	584.0	tailspike depolymerase	Same	0.68	0.61	0.61	Cterminal variation
LIT_100_KL13_PROTEIN_10	REC_001_Kn_PROTEIN_558	25.188	266	158	15	57	300	150	396	0.000196	38.9	575.0	tailspike depolymerase	702.0	tailspike depolymerase	Same	0.46	0.38	0.38	Cterminal variation
LIT_102_KL22KL37_PROTEIN_10	REC_027_KL5_PROTEIN_35	25.287	261	142	12	241	450	355	613	0.000115	40.0	648.0	tailspike depolymerase	857.0	tailspike depolymerase	Same	0.4	0.3	0.3	Cterminal variation
LIT_104_KL2_PROTEIN_24	REC_001_Kn_PROTEIN_558	27.891	294	190	12	203	480	104	391	1.64e-16	78.6	763.0	tailspike depolymerase	702.0	tailspike depolymerase	Same	0.39	0.42	0.39	Cterminal variation
LIT_104_KL2_PROTEIN_24	REC_029_KL54_PROTEIN_555	25.594	379	208	18	202	534	98	448	6.73e-11	60.5	763.0	tailspike depolymerase	715.0	tailspike depolymerase	Same	0.5	0.53	0.5	Cterminal variation
LIT_110_KL6KL7_PROTEIN_23	REC_001_Kn_PROTEIN_556	26.351	444	276	14	195	623	126	533	5.9e-26	108.0	870.0	tailspike depolymerase	736.0	tailspike depolymerase with fiber-like elements	Different	0.51	0.6	0.51	Cterminal variation
LIT_110_KL6KL7_PROTEIN_23	REC_042_KN1_PROTEIN_43	29.863	365	219	12	243	603	268	599	3.57e-25	106.0	870.0	tailspike depolymerase	820.0	tailspike depolymerase with fiber-like elements	Different	0.42	0.45	0.42	Cterminal variation
LIT_110_KL6KL7_PROTEIN_23	REC_041_KN1_PROTEIN_43	30.11	362	214	13	247	603	271	598	2.46e-24	103.0	870.0	tailspike depolymerase	819.0	tailspike depolymerase with fiber-like elements	Different	0.42	0.44	0.42	Cterminal variation
REC_001_Kn_PROTEIN_558	REC_028_KL51_PROTEIN_300	32.286	350	195	16	96	426	579	905	3.88e-20	90.5	702.0	tailspike depolymerase	1179.0	tailspike depolymerase	Same	0.5	0.3	0.3	Cterminal variation
REC_001_Kn_PROTEIN_558	REC_013_KL2_PROTEIN_22	27.891	294	190	12	104	391	203	480	1.64e-16	78.2	702.0	tailspike depolymerase	763.0	tailspike depolymerase	Same	0.42	0.39	0.39	Cterminal variation
REC_001_Kn_PROTEIN_558	REC_030_KL56KN3_PROTEIN_42	25.722	381	241	12	95	439	17	391	9.93e-16	75.5	702.0	tailspike depolymerase	678.0	tailspike depolymerase	Same	0.54	0.56	0.54	Cterminal variation
REC_001_Kn_PROTEIN_561	REC_017_KL20KL27KL7_PROTEIN_151	26.007	273	156	10	527	759	1002	1268	3.27e-13	68.2	779.0	tailspike depolymerase with fiber-like elements	1294.0	tailspike depolymerase with fiber-like elements	Same	0.35	0.21	0.21	Cterminal variation
REC_001_Kn_PROTEIN_564	REC_028_KL51_PROTEIN_302	33.643	538	309	17	15	526	15	530	7.379999999999999e-61	214.0	767.0	tailspike depolymerase with fiber-like elements	804.0	tailspike depolymerase	Different	0.7	0.67	0.67	Cterminal variation
REC_008_KL13KL2_PROTEIN_58	REC_028_KL51_PROTEIN_300	25.0	356	217	18	21	349	596	928	3.62e-05	41.6	577.0	tailspike depolymerase	1179.0	tailspike depolymerase	Same	0.62	0.3	0.3	Cterminal variation
REC_013_KL2_PROTEIN_22	REC_029_KL54_PROTEIN_555	25.594	379	208	18	202	534	98	448	6.44e-11	60.5	763.0	tailspike depolymerase	715.0	tailspike depolymerase	Same	0.5	0.53	0.5	Cterminal variation
REC_017_KL20KL27KL7_PROTEIN_150	REC_019_KL21KL3_PROTEIN_43	27.258	598	378	15	505	1093	289	838	1.68e-37	147.0	1180.0	tailspike depolymerase with fiber-like elements	869.0	tailspike depolymerase with fiber-like elements	Same	0.51	0.69	0.51	Cterminal variation
REC_017_KL20KL27KL7_PROTEIN_150	REC_028_KL51_PROTEIN_303	26.524	328	208	11	506	806	316	637	1.07e-15	77.0	1180.0	tailspike depolymerase with fiber-like elements	881.0	tailspike depolymerase with fiber-like elements	Same	0.28	0.37	0.28	Cterminal variation
REC_017_KL20KL27KL7_PROTEIN_151	REC_029_KL54_PROTEIN_558	25.641	273	157	10	1002	1268	527	759	4.05e-12	65.5	1294.0	tailspike depolymerase with fiber-like elements	779.0	tailspike depolymerase with fiber-like elements	Same	0.21	0.35	0.21	Cterminal variation
REC_018_KL21_PROTEIN_41	REC_023_KL47_PROTEIN_42	55.531	452	178	8	1	438	1	443	9.3e-145	441.0	817.0	tailspike depolymerase	802.0	tailspike depolymerase	Same	0.55	0.56	0.55	Cterminal variation
REC_019_KL21KL3_PROTEIN_43	REC_028_KL51_PROTEIN_303	29.435	496	300	13	302	754	329	817	5.0200000000000004e-43	163.0	869.0	tailspike depolymerase with fiber-like elements	881.0	tailspike depolymerase with fiber-like elements	Same	0.57	0.56	0.56	Cterminal variation
REC_024_KL47_PROTEIN_43	REC_028_KL51_PROTEIN_302	25.762	361	210	14	240	563	204	543	1.33e-11	62.8	793.0	tailspike depolymerase	804.0	tailspike depolymerase	Same	0.46	0.45	0.45	Cterminal variation
REC_025_KL47_PROTEIN_44	REC_030_KL56KN3_PROTEIN_41	55.6	500	177	10	1	496	1	459	6.65e-169	503.0	793.0	tailspike depolymerase	792.0	tailspike depolymerase	Same	0.63	0.63	0.63	Cterminal variation
REC_025_KL47_PROTEIN_44	REC_028_KL51_PROTEIN_302	25.989	354	218	13	240	563	204	543	4.69e-12	64.3	793.0	tailspike depolymerase	804.0	tailspike depolymerase	Same	0.45	0.44	0.44	Cterminal variation
REC_028_KL51_PROTEIN_300	REC_029_KL54_PROTEIN_555	25.356	351	220	15	581	905	93	427	1.64e-10	60.1	1179.0	tailspike depolymerase	715.0	tailspike depolymerase	Same	0.3	0.49	0.3	Cterminal variation
LIT_043_KL47_PROTEIN_46	REC_001_Kn_PROTEIN_565	52.381	42	20	0	408	449	280	321	9.61e-05	41.2	1239.0	T4 gp37-like	719.0	RaK2 gp534-like	Different	0.03	0.06	0.03	Conserved regions
LIT_054_KL14_PROTEIN_175	REC_001_Kn_PROTEIN_565	54.762	42	19	0	405	446	280	321	5.58e-05	42.0	1325.0	T4 gp37-like	719.0	RaK2 gp534-like	Different	0.03	0.06	0.03	Conserved regions
LIT_055_KL14_PROTEIN_41	REC_001_Kn_PROTEIN_565	54.762	42	19	0	405	446	280	321	5.58e-05	42.0	1325.0	T4 gp37-like	719.0	RaK2 gp534-like	Different	0.03	0.06	0.03	Conserved regions
LIT_056_KL38_PROTEIN_29	REC_001_Kn_PROTEIN_565	54.762	42	19	0	405	446	280	321	5.67e-05	42.0	1325.0	T4 gp37-like	719.0	RaK2 gp534-like	Different	0.03	0.06	0.03	Conserved regions
CONT_002_KL10_PROTEIN_45	REC_018_KL21_PROTEIN_42	88.889	27	3	0	2	28	1	27	1.11e-09	55.5	511.0	tailspike depolymerase	575.0	tailspike depolymerase	Same	0.05	0.05	0.05	Putative recombination hotspots
CONT_002_KL10_PROTEIN_45	LIT_080_KL11KL57_PROTEIN_47	81.481	27	5	0	1	27	1	27	1.06e-07	48.9	511.0	tailspike depolymerase	570.0	tailspike depolymerase	Same	0.05	0.05	0.05	Putative recombination hotspots
CONT_002_KL10_PROTEIN_45	LIT_014_KL30_PROTEIN_22	86.957	23	3	0	5	27	6	28	2.5e-07	47.8	511.0	tailspike depolymerase	522.0	putative esterase containing tailspike	Different	0.05	0.04	0.04	Putative recombination hotspots
CONT_002_KL10_PROTEIN_45	LIT_085_KL56_PROTEIN_48	91.304	23	2	0	5	27	6	28	3.56e-07	47.4	511.0	tailspike depolymerase	678.0	tailspike depolymerase	Same	0.05	0.03	0.03	Putative recombination hotspots
CONT_002_KL10_PROTEIN_45	REC_030_KL56KN3_PROTEIN_42	86.957	23	3	0	5	27	6	28	1.25e-06	45.8	511.0	tailspike depolymerase	678.0	tailspike depolymerase	Same	0.05	0.03	0.03	Putative recombination hotspots
CONT_003_KL127_PROTEIN_14	REC_031_KL57_PROTEIN_41	86.667	15	2	0	41	55	177	191	0.051	31.2	657.0	tailspike depolymerase	721.0	tailspike depolymerase	Same	0.02	0.02	0.02	Putative recombination hotspots
CONT_003_KL127_PROTEIN_14	LIT_080_KL11KL57_PROTEIN_47	80.0	15	3	0	41	55	37	51	0.2	29.3	657.0	tailspike depolymerase	570.0	tailspike depolymerase	Same	0.02	0.03	0.02	Putative recombination hotspots
CONT_004_KL17_PROTEIN_45	REC_026_KL5KL8_PROTEIN_41	84.375	32	5	0	1	32	1	32	2.28e-11	60.8	521.0	putative esterase containing tailspike	684.0	tailspike depolymerase	Different	0.06	0.05	0.05	Putative recombination hotspots
CONT_004_KL17_PROTEIN_45	LIT_079_KL74_PROTEIN_52	93.103	29	2	0	1	29	1	29	3.83e-11	60.1	521.0	putative esterase containing tailspike	521.0	tailspike depolymerase	Different	0.06	0.06	0.06	Putative recombination hotspots
CONT_004_KL17_PROTEIN_45	REC_025_KL47_PROTEIN_45	96.552	29	1	0	1	29	1	29	5.17e-11	59.7	521.0	putative esterase containing tailspike	641.0	tailspike depolymerase	Different	0.06	0.05	0.05	Putative recombination hotspots
CONT_004_KL17_PROTEIN_45	REC_023_KL47_PROTEIN_43	96.552	29	1	0	1	29	1	29	5.21e-11	59.7	521.0	putative esterase containing tailspike	641.0	tailspike depolymerase	Different	0.06	0.05	0.05	Putative recombination hotspots
CONT_004_KL17_PROTEIN_45	REC_024_KL47_PROTEIN_44	96.552	29	1	0	1	29	1	29	5.44e-11	59.7	521.0	putative esterase containing tailspike	641.0	tailspike depolymerase	Different	0.06	0.05	0.05	Putative recombination hotspots
CONT_004_KL17_PROTEIN_45	LIT_041_KL1KL2KL57_PROTEIN_46	89.655	29	3	0	1	29	1	29	6.86e-11	59.3	521.0	putative esterase containing tailspike	560.0	tailspike depolymerase	Different	0.06	0.05	0.05	Putative recombination hotspots
CONT_004_KL17_PROTEIN_45	CONT_005_KL20_PROTEIN_6	89.655	29	3	0	1	29	1	29	1.65e-10	58.2	521.0	putative esterase containing tailspike	511.0	GDSL-like lipase containing tailspike	Different	0.06	0.06	0.06	Putative recombination hotspots
CONT_004_KL17_PROTEIN_45	LIT_042_KL1KL2KL57_PROTEIN_46	89.655	29	3	0	1	29	1	29	1.75e-10	57.8	521.0	putative esterase containing tailspike	511.0	GDSL-like lipase containing tailspike	Different	0.06	0.06	0.06	Putative recombination hotspots
CONT_004_KL17_PROTEIN_45	REC_022_KL30KL69_PROTEIN_43	83.333	30	5	0	3	32	4	33	2.97e-10	57.4	521.0	putative esterase containing tailspike	685.0	tailspike depolymerase	Different	0.06	0.04	0.04	Putative recombination hotspots
CONT_004_KL17_PROTEIN_45	LIT_080_KL11KL57_PROTEIN_47	82.759	29	5	0	1	29	1	29	8.2e-10	55.8	521.0	putative esterase containing tailspike	570.0	tailspike depolymerase	Different	0.06	0.05	0.05	Putative recombination hotspots
CONT_004_KL17_PROTEIN_45	LIT_082_KL26KL74_PROTEIN_50	80.0	30	6	0	1	30	1	30	1.25e-09	55.5	521.0	putative esterase containing tailspike	595.0	tailspike depolymerase	Different	0.06	0.05	0.05	Putative recombination hotspots
CONT_004_KL17_PROTEIN_45	LIT_088_KL2KL37_PROTEIN_48	82.759	29	5	0	1	29	1	29	2.27e-09	54.3	521.0	putative esterase containing tailspike	524.0	tailspike depolymerase	Different	0.06	0.06	0.06	Putative recombination hotspots
CONT_004_KL17_PROTEIN_45	LIT_015_KL61_PROTEIN_45	85.185	27	4	0	1	27	1	27	6.49e-09	53.1	521.0	putative esterase containing tailspike	546.0	tailspike depolymerase	Different	0.05	0.05	0.05	Putative recombination hotspots
CONT_004_KL17_PROTEIN_45	LIT_016_KL61_PROTEIN_42	80.0	25	5	0	3	27	4	28	4.55e-07	47.0	521.0	putative esterase containing tailspike	547.0	tailspike depolymerase	Different	0.05	0.05	0.05	Putative recombination hotspots
CONT_005_KL20_PROTEIN_6	REC_023_KL47_PROTEIN_43	81.818	33	6	0	1	33	1	33	1.56e-10	58.2	511.0	GDSL-like lipase containing tailspike	641.0	tailspike depolymerase	Different	0.06	0.05	0.05	Putative recombination hotspots
CONT_005_KL20_PROTEIN_6	REC_025_KL47_PROTEIN_45	81.818	33	6	0	1	33	1	33	1.62e-10	58.2	511.0	GDSL-like lipase containing tailspike	641.0	tailspike depolymerase	Different	0.06	0.05	0.05	Putative recombination hotspots
CONT_005_KL20_PROTEIN_6	REC_024_KL47_PROTEIN_44	81.818	33	6	0	1	33	1	33	1.62e-10	58.2	511.0	GDSL-like lipase containing tailspike	641.0	tailspike depolymerase	Different	0.06	0.05	0.05	Putative recombination hotspots
CONT_005_KL20_PROTEIN_6	CONT_014_KL53_PROTEIN_39	89.655	29	3	0	1	29	1	29	1.73e-10	57.8	511.0	GDSL-like lipase containing tailspike	521.0	putative esterase containing tailspike	Different	0.06	0.06	0.06	Putative recombination hotspots
CONT_005_KL20_PROTEIN_6	LIT_086_KL48_PROTEIN_50	89.655	29	3	0	1	29	1	29	1.81e-10	57.8	511.0	GDSL-like lipase containing tailspike	521.0	putative esterase containing tailspike	Different	0.06	0.06	0.06	Putative recombination hotspots
CONT_005_KL20_PROTEIN_6	LIT_079_KL74_PROTEIN_52	89.655	29	3	0	1	29	1	29	2.46e-10	57.4	511.0	GDSL-like lipase containing tailspike	521.0	tailspike depolymerase	Different	0.06	0.06	0.06	Putative recombination hotspots
CONT_005_KL20_PROTEIN_6	LIT_088_KL2KL37_PROTEIN_48	82.759	29	5	0	1	29	1	29	3.12e-09	53.9	511.0	GDSL-like lipase containing tailspike	524.0	tailspike depolymerase	Different	0.06	0.06	0.06	Putative recombination hotspots
CONT_005_KL20_PROTEIN_6	REC_026_KL5KL8_PROTEIN_41	82.759	29	5	0	1	29	1	29	7.91e-09	52.8	511.0	GDSL-like lipase containing tailspike	684.0	tailspike depolymerase	Different	0.06	0.04	0.04	Putative recombination hotspots
CONT_005_KL20_PROTEIN_6	LIT_014_KL30_PROTEIN_22	81.481	27	5	0	3	29	4	30	3.81e-08	50.4	511.0	GDSL-like lipase containing tailspike	522.0	putative esterase containing tailspike	Different	0.05	0.05	0.05	Putative recombination hotspots
CONT_005_KL20_PROTEIN_6	REC_022_KL30KL69_PROTEIN_43	81.481	27	5	0	3	29	4	30	1.02e-07	49.3	511.0	GDSL-like lipase containing tailspike	685.0	tailspike depolymerase	Different	0.05	0.04	0.04	Putative recombination hotspots
CONT_014_KL53_PROTEIN_39	REC_026_KL5KL8_PROTEIN_41	84.375	32	5	0	1	32	1	32	2.28e-11	60.8	521.0	putative esterase containing tailspike	684.0	tailspike depolymerase	Different	0.06	0.05	0.05	Putative recombination hotspots
CONT_014_KL53_PROTEIN_39	LIT_079_KL74_PROTEIN_52	93.103	29	2	0	1	29	1	29	3.83e-11	60.1	521.0	putative esterase containing tailspike	521.0	tailspike depolymerase	Different	0.06	0.06	0.06	Putative recombination hotspots
CONT_014_KL53_PROTEIN_39	REC_025_KL47_PROTEIN_45	96.552	29	1	0	1	29	1	29	5.17e-11	59.7	521.0	putative esterase containing tailspike	641.0	tailspike depolymerase	Different	0.06	0.05	0.05	Putative recombination hotspots
CONT_014_KL53_PROTEIN_39	REC_023_KL47_PROTEIN_43	96.552	29	1	0	1	29	1	29	5.21e-11	59.7	521.0	putative esterase containing tailspike	641.0	tailspike depolymerase	Different	0.06	0.05	0.05	Putative recombination hotspots
CONT_014_KL53_PROTEIN_39	REC_024_KL47_PROTEIN_44	96.552	29	1	0	1	29	1	29	5.44e-11	59.7	521.0	putative esterase containing tailspike	641.0	tailspike depolymerase	Different	0.06	0.05	0.05	Putative recombination hotspots
CONT_014_KL53_PROTEIN_39	LIT_041_KL1KL2KL57_PROTEIN_46	89.655	29	3	0	1	29	1	29	6.86e-11	59.3	521.0	putative esterase containing tailspike	560.0	tailspike depolymerase	Different	0.06	0.05	0.05	Putative recombination hotspots
CONT_014_KL53_PROTEIN_39	LIT_042_KL1KL2KL57_PROTEIN_46	89.655	29	3	0	1	29	1	29	1.75e-10	57.8	521.0	putative esterase containing tailspike	511.0	GDSL-like lipase containing tailspike	Different	0.06	0.06	0.06	Putative recombination hotspots
CONT_014_KL53_PROTEIN_39	REC_022_KL30KL69_PROTEIN_43	83.333	30	5	0	3	32	4	33	2.97e-10	57.4	521.0	putative esterase containing tailspike	685.0	tailspike depolymerase	Different	0.06	0.04	0.04	Putative recombination hotspots
CONT_014_KL53_PROTEIN_39	LIT_080_KL11KL57_PROTEIN_47	82.759	29	5	0	1	29	1	29	8.2e-10	55.8	521.0	putative esterase containing tailspike	570.0	tailspike depolymerase	Different	0.06	0.05	0.05	Putative recombination hotspots
CONT_014_KL53_PROTEIN_39	LIT_082_KL26KL74_PROTEIN_50	80.0	30	6	0	1	30	1	30	1.25e-09	55.5	521.0	putative esterase containing tailspike	595.0	tailspike depolymerase	Different	0.06	0.05	0.05	Putative recombination hotspots
CONT_014_KL53_PROTEIN_39	LIT_088_KL2KL37_PROTEIN_48	82.759	29	5	0	1	29	1	29	2.27e-09	54.3	521.0	putative esterase containing tailspike	524.0	tailspike depolymerase	Different	0.06	0.06	0.06	Putative recombination hotspots
CONT_014_KL53_PROTEIN_39	LIT_015_KL61_PROTEIN_45	85.185	27	4	0	1	27	1	27	6.49e-09	53.1	521.0	putative esterase containing tailspike	546.0	tailspike depolymerase	Different	0.05	0.05	0.05	Putative recombination hotspots
CONT_014_KL53_PROTEIN_39	LIT_016_KL61_PROTEIN_42	80.0	25	5	0	3	27	4	28	4.55e-07	47.0	521.0	putative esterase containing tailspike	547.0	tailspike depolymerase	Different	0.05	0.05	0.05	Putative recombination hotspots
LIT_014_KL30_PROTEIN_22	REC_022_KL30KL69_PROTEIN_43	90.909	33	3	0	1	33	1	33	1.49e-13	67.8	522.0	putative esterase containing tailspike	685.0	tailspike depolymerase	Different	0.06	0.05	0.05	Putative recombination hotspots
LIT_014_KL30_PROTEIN_22	LIT_085_KL56_PROTEIN_48	81.25	32	6	0	1	32	1	32	1.97e-11	61.2	522.0	putative esterase containing tailspike	678.0	tailspike depolymerase	Different	0.06	0.05	0.05	Putative recombination hotspots
LIT_014_KL30_PROTEIN_22	LIT_016_KL61_PROTEIN_42	89.286	28	3	0	1	28	1	28	3.03e-10	57.4	522.0	putative esterase containing tailspike	547.0	tailspike depolymerase	Different	0.05	0.05	0.05	Putative recombination hotspots
LIT_014_KL30_PROTEIN_22	LIT_080_KL11KL57_PROTEIN_47	88.889	27	3	0	4	30	3	29	1.07e-09	55.5	522.0	putative esterase containing tailspike	570.0	tailspike depolymerase	Different	0.05	0.05	0.05	Putative recombination hotspots
LIT_014_KL30_PROTEIN_22	REC_026_KL5KL8_PROTEIN_41	80.0	30	6	0	4	33	3	32	1.49e-09	55.1	522.0	putative esterase containing tailspike	684.0	tailspike depolymerase	Different	0.06	0.04	0.04	Putative recombination hotspots
LIT_014_KL30_PROTEIN_22	LIT_079_KL74_PROTEIN_52	85.185	27	4	0	4	30	3	29	6.79e-09	52.8	522.0	putative esterase containing tailspike	521.0	tailspike depolymerase	Different	0.05	0.05	0.05	Putative recombination hotspots
LIT_014_KL30_PROTEIN_22	LIT_015_KL61_PROTEIN_45	92.0	25	2	0	4	28	3	27	6.86e-09	52.8	522.0	putative esterase containing tailspike	546.0	tailspike depolymerase	Different	0.05	0.05	0.05	Putative recombination hotspots
LIT_014_KL30_PROTEIN_22	REC_023_KL47_PROTEIN_43	88.889	27	3	0	4	30	3	29	9.64e-09	52.4	522.0	putative esterase containing tailspike	641.0	tailspike depolymerase	Different	0.05	0.04	0.04	Putative recombination hotspots
LIT_014_KL30_PROTEIN_22	REC_025_KL47_PROTEIN_45	88.889	27	3	0	4	30	3	29	9.8e-09	52.4	522.0	putative esterase containing tailspike	641.0	tailspike depolymerase	Different	0.05	0.04	0.04	Putative recombination hotspots
LIT_014_KL30_PROTEIN_22	REC_024_KL47_PROTEIN_44	88.889	27	3	0	4	30	3	29	9.98e-09	52.4	522.0	putative esterase containing tailspike	641.0	tailspike depolymerase	Different	0.05	0.04	0.04	Putative recombination hotspots
LIT_014_KL30_PROTEIN_22	LIT_041_KL1KL2KL57_PROTEIN_46	81.481	27	5	0	4	30	3	29	1.52e-08	52.0	522.0	putative esterase containing tailspike	560.0	tailspike depolymerase	Different	0.05	0.05	0.05	Putative recombination hotspots
LIT_014_KL30_PROTEIN_22	LIT_042_KL1KL2KL57_PROTEIN_46	81.481	27	5	0	4	30	3	29	3.75e-08	50.4	522.0	putative esterase containing tailspike	511.0	GDSL-like lipase containing tailspike	Different	0.05	0.05	0.05	Putative recombination hotspots
LIT_014_KL30_PROTEIN_22	LIT_088_KL2KL37_PROTEIN_48	84.0	25	4	0	6	30	5	29	1.54e-07	48.5	522.0	putative esterase containing tailspike	524.0	tailspike depolymerase	Different	0.05	0.05	0.05	Putative recombination hotspots
LIT_015_KL61_PROTEIN_45	LIT_086_KL48_PROTEIN_50	85.185	27	4	0	1	27	1	27	7.68e-09	52.8	546.0	tailspike depolymerase	521.0	putative esterase containing tailspike	Different	0.05	0.05	0.05	Putative recombination hotspots
LIT_015_KL61_PROTEIN_45	LIT_082_KL26KL74_PROTEIN_50	85.185	27	4	0	1	27	1	27	9.58e-09	52.8	546.0	tailspike depolymerase	595.0	tailspike depolymerase	Same	0.05	0.05	0.05	Putative recombination hotspots
LIT_015_KL61_PROTEIN_45	REC_030_KL56KN3_PROTEIN_42	95.833	24	1	0	4	27	5	28	1.13e-08	52.4	546.0	tailspike depolymerase	678.0	tailspike depolymerase	Same	0.04	0.04	0.04	Putative recombination hotspots
LIT_015_KL61_PROTEIN_45	LIT_087_KL82_PROTEIN_45	87.5	24	3	0	4	27	5	28	6.67e-08	50.1	546.0	tailspike depolymerase	638.0	tailspike depolymerase	Same	0.04	0.04	0.04	Putative recombination hotspots
LIT_016_KL61_PROTEIN_42	REC_022_KL30KL69_PROTEIN_43	89.286	28	3	0	1	28	1	28	1.05e-10	58.9	547.0	tailspike depolymerase	685.0	tailspike depolymerase	Same	0.05	0.04	0.04	Putative recombination hotspots
LIT_016_KL61_PROTEIN_42	LIT_087_KL82_PROTEIN_45	89.286	28	3	0	1	28	1	28	5.57e-10	56.6	547.0	tailspike depolymerase	638.0	tailspike depolymerase	Same	0.05	0.04	0.04	Putative recombination hotspots
LIT_016_KL61_PROTEIN_42	REC_026_KL5KL8_PROTEIN_41	86.957	23	3	0	6	28	5	27	2.71e-07	48.1	547.0	tailspike depolymerase	684.0	tailspike depolymerase	Same	0.04	0.03	0.03	Putative recombination hotspots
LIT_016_KL61_PROTEIN_42	LIT_083_KL36KL43_PROTEIN_42	86.957	23	3	0	6	28	4	26	4.79e-07	47.0	547.0	tailspike depolymerase	612.0	tailspike depolymerase	Same	0.04	0.04	0.04	Putative recombination hotspots
LIT_016_KL61_PROTEIN_42	LIT_086_KL48_PROTEIN_50	80.0	25	5	0	4	28	3	27	5.21e-07	47.0	547.0	tailspike depolymerase	521.0	putative esterase containing tailspike	Different	0.05	0.05	0.05	Putative recombination hotspots
LIT_016_KL61_PROTEIN_42	LIT_082_KL26KL74_PROTEIN_50	82.609	23	4	0	6	28	5	27	8.82e-07	46.2	547.0	tailspike depolymerase	595.0	tailspike depolymerase	Same	0.04	0.04	0.04	Putative recombination hotspots
LIT_036_KL106_PROTEIN_45	REC_026_KL5KL8_PROTEIN_41	82.759	29	5	0	1	29	1	29	6.68e-10	56.2	536.0	tailspike depolymerase	684.0	tailspike depolymerase	Same	0.05	0.04	0.04	Putative recombination hotspots
LIT_037_KL106_PROTEIN_43	REC_026_KL5KL8_PROTEIN_41	82.759	29	5	0	1	29	1	29	6.56e-10	56.2	536.0	tailspike depolymerase	684.0	tailspike depolymerase	Same	0.05	0.04	0.04	Putative recombination hotspots
LIT_041_KL1KL2KL57_PROTEIN_46	LIT_079_KL74_PROTEIN_52	89.655	29	3	0	1	29	1	29	3.34e-11	60.5	560.0	tailspike depolymerase	521.0	tailspike depolymerase	Same	0.05	0.06	0.05	Putative recombination hotspots
LIT_041_KL1KL2KL57_PROTEIN_46	LIT_086_KL48_PROTEIN_50	89.655	29	3	0	1	29	1	29	8.05e-11	59.3	560.0	tailspike depolymerase	521.0	putative esterase containing tailspike	Different	0.05	0.06	0.05	Putative recombination hotspots
LIT_041_KL1KL2KL57_PROTEIN_46	LIT_080_KL11KL57_PROTEIN_47	83.871	31	5	0	1	31	1	31	1.48e-10	58.5	560.0	tailspike depolymerase	570.0	tailspike depolymerase	Same	0.06	0.05	0.05	Putative recombination hotspots
LIT_041_KL1KL2KL57_PROTEIN_46	LIT_042_KL1KL2KL57_PROTEIN_46	89.655	29	3	0	1	29	1	29	2.85e-10	57.4	560.0	tailspike depolymerase	511.0	GDSL-like lipase containing tailspike	Different	0.05	0.06	0.05	Putative recombination hotspots
LIT_041_KL1KL2KL57_PROTEIN_46	REC_025_KL47_PROTEIN_45	89.655	29	3	0	1	29	1	29	3.7e-10	57.4	560.0	tailspike depolymerase	641.0	tailspike depolymerase	Same	0.05	0.05	0.05	Putative recombination hotspots
LIT_041_KL1KL2KL57_PROTEIN_46	REC_023_KL47_PROTEIN_43	89.655	29	3	0	1	29	1	29	3.7e-10	57.4	560.0	tailspike depolymerase	641.0	tailspike depolymerase	Same	0.05	0.05	0.05	Putative recombination hotspots
LIT_041_KL1KL2KL57_PROTEIN_46	REC_024_KL47_PROTEIN_44	89.655	29	3	0	1	29	1	29	3.83e-10	57.0	560.0	tailspike depolymerase	641.0	tailspike depolymerase	Same	0.05	0.05	0.05	Putative recombination hotspots
LIT_041_KL1KL2KL57_PROTEIN_46	REC_019_KL21KL3_PROTEIN_44	82.759	29	5	0	1	29	1	29	9.62e-10	55.8	560.0	tailspike depolymerase	576.0	tailspike depolymerase	Same	0.05	0.05	0.05	Putative recombination hotspots
LIT_041_KL1KL2KL57_PROTEIN_46	REC_026_KL5KL8_PROTEIN_41	82.759	29	5	0	1	29	1	29	9.72e-10	55.8	560.0	tailspike depolymerase	684.0	tailspike depolymerase	Same	0.05	0.04	0.04	Putative recombination hotspots
LIT_041_KL1KL2KL57_PROTEIN_46	REC_022_KL30KL69_PROTEIN_43	81.481	27	5	0	3	29	4	30	1.43e-08	52.0	560.0	tailspike depolymerase	685.0	tailspike depolymerase	Same	0.05	0.04	0.04	Putative recombination hotspots
LIT_042_KL1KL2KL57_PROTEIN_46	REC_023_KL47_PROTEIN_43	84.848	33	5	0	1	33	1	33	1.27e-10	58.5	511.0	GDSL-like lipase containing tailspike	641.0	tailspike depolymerase	Different	0.06	0.05	0.05	Putative recombination hotspots
LIT_042_KL1KL2KL57_PROTEIN_46	REC_025_KL47_PROTEIN_45	84.848	33	5	0	1	33	1	33	1.3e-10	58.5	511.0	GDSL-like lipase containing tailspike	641.0	tailspike depolymerase	Different	0.06	0.05	0.05	Putative recombination hotspots
LIT_042_KL1KL2KL57_PROTEIN_46	REC_024_KL47_PROTEIN_44	84.848	33	5	0	1	33	1	33	1.31e-10	58.5	511.0	GDSL-like lipase containing tailspike	641.0	tailspike depolymerase	Different	0.06	0.05	0.05	Putative recombination hotspots
LIT_042_KL1KL2KL57_PROTEIN_46	LIT_086_KL48_PROTEIN_50	89.655	29	3	0	1	29	1	29	1.96e-10	57.8	511.0	GDSL-like lipase containing tailspike	521.0	putative esterase containing tailspike	Different	0.06	0.06	0.06	Putative recombination hotspots
LIT_042_KL1KL2KL57_PROTEIN_46	LIT_079_KL74_PROTEIN_52	89.655	29	3	0	1	29	1	29	2.59e-10	57.4	511.0	GDSL-like lipase containing tailspike	521.0	tailspike depolymerase	Different	0.06	0.06	0.06	Putative recombination hotspots
LIT_042_KL1KL2KL57_PROTEIN_46	LIT_088_KL2KL37_PROTEIN_48	82.759	29	5	0	1	29	1	29	3.4e-09	53.9	511.0	GDSL-like lipase containing tailspike	524.0	tailspike depolymerase	Different	0.06	0.06	0.06	Putative recombination hotspots
LIT_042_KL1KL2KL57_PROTEIN_46	REC_026_KL5KL8_PROTEIN_41	82.759	29	5	0	1	29	1	29	8.18e-09	52.8	511.0	GDSL-like lipase containing tailspike	684.0	tailspike depolymerase	Different	0.06	0.04	0.04	Putative recombination hotspots
LIT_042_KL1KL2KL57_PROTEIN_46	REC_022_KL30KL69_PROTEIN_43	81.481	27	5	0	3	29	4	30	1.08e-07	49.3	511.0	GDSL-like lipase containing tailspike	685.0	tailspike depolymerase	Different	0.05	0.04	0.04	Putative recombination hotspots
LIT_079_KL74_PROTEIN_52	LIT_086_KL48_PROTEIN_50	93.103	29	2	0	1	29	1	29	4.14e-11	60.1	521.0	tailspike depolymerase	521.0	putative esterase containing tailspike	Different	0.06	0.06	0.06	Putative recombination hotspots
LIT_079_KL74_PROTEIN_52	REC_026_KL5KL8_PROTEIN_41	89.655	29	3	0	1	29	1	29	1.34e-10	58.5	521.0	tailspike depolymerase	684.0	tailspike depolymerase	Same	0.06	0.04	0.04	Putative recombination hotspots
LIT_079_KL74_PROTEIN_52	REC_022_KL30KL69_PROTEIN_43	88.889	27	3	0	3	29	4	30	1.68e-09	55.1	521.0	tailspike depolymerase	685.0	tailspike depolymerase	Same	0.05	0.04	0.04	Putative recombination hotspots
LIT_079_KL74_PROTEIN_52	LIT_088_KL2KL37_PROTEIN_48	82.759	29	5	0	1	29	1	29	3.36e-09	53.9	521.0	tailspike depolymerase	524.0	tailspike depolymerase	Same	0.06	0.06	0.06	Putative recombination hotspots
LIT_080_KL11KL57_PROTEIN_47	REC_019_KL21KL3_PROTEIN_44	83.333	30	5	0	1	30	1	30	1.05e-10	58.9	570.0	tailspike depolymerase	576.0	tailspike depolymerase	Same	0.05	0.05	0.05	Putative recombination hotspots
LIT_080_KL11KL57_PROTEIN_47	LIT_085_KL56_PROTEIN_48	82.759	29	5	0	1	29	2	30	9.46e-10	55.8	570.0	tailspike depolymerase	678.0	tailspike depolymerase	Same	0.05	0.04	0.04	Putative recombination hotspots
LIT_080_KL11KL57_PROTEIN_47	LIT_086_KL48_PROTEIN_50	82.759	29	5	0	1	29	1	29	1.04e-09	55.8	570.0	tailspike depolymerase	521.0	putative esterase containing tailspike	Different	0.05	0.06	0.05	Putative recombination hotspots
LIT_080_KL11KL57_PROTEIN_47	REC_023_KL47_PROTEIN_43	82.759	29	5	0	1	29	1	29	3.83e-09	53.9	570.0	tailspike depolymerase	641.0	tailspike depolymerase	Same	0.05	0.05	0.05	Putative recombination hotspots
LIT_080_KL11KL57_PROTEIN_47	REC_025_KL47_PROTEIN_45	82.759	29	5	0	1	29	1	29	4e-09	53.9	570.0	tailspike depolymerase	641.0	tailspike depolymerase	Same	0.05	0.05	0.05	Putative recombination hotspots
LIT_080_KL11KL57_PROTEIN_47	REC_024_KL47_PROTEIN_44	82.759	29	5	0	1	29	1	29	4.03e-09	53.9	570.0	tailspike depolymerase	641.0	tailspike depolymerase	Same	0.05	0.05	0.05	Putative recombination hotspots
LIT_080_KL11KL57_PROTEIN_47	REC_018_KL21_PROTEIN_42	84.615	26	4	0	5	30	4	29	9.72e-09	52.8	570.0	tailspike depolymerase	575.0	tailspike depolymerase	Same	0.05	0.05	0.05	Putative recombination hotspots
LIT_082_KL26KL74_PROTEIN_50	REC_026_KL5KL8_PROTEIN_41	93.333	30	2	0	1	30	1	30	9.3e-12	62.4	595.0	tailspike depolymerase	684.0	tailspike depolymerase	Same	0.05	0.04	0.04	Putative recombination hotspots
LIT_082_KL26KL74_PROTEIN_50	LIT_088_KL2KL37_PROTEIN_48	89.655	29	3	0	1	29	1	29	1.57e-10	58.5	595.0	tailspike depolymerase	524.0	tailspike depolymerase	Same	0.05	0.06	0.05	Putative recombination hotspots
LIT_082_KL26KL74_PROTEIN_50	REC_019_KL21KL3_PROTEIN_44	86.207	29	4	0	1	29	1	29	6.36e-10	56.6	595.0	tailspike depolymerase	576.0	tailspike depolymerase	Same	0.05	0.05	0.05	Putative recombination hotspots
LIT_082_KL26KL74_PROTEIN_50	LIT_086_KL48_PROTEIN_50	80.0	30	6	0	1	30	1	30	1.53e-09	55.1	595.0	tailspike depolymerase	521.0	putative esterase containing tailspike	Different	0.05	0.06	0.05	Putative recombination hotspots
LIT_082_KL26KL74_PROTEIN_50	REC_022_KL30KL69_PROTEIN_43	82.143	28	5	0	3	30	4	31	9.97e-09	52.8	595.0	tailspike depolymerase	685.0	tailspike depolymerase	Same	0.05	0.04	0.04	Putative recombination hotspots
LIT_085_KL56_PROTEIN_48	REC_022_KL30KL69_PROTEIN_43	81.25	32	6	0	1	32	1	32	9.05e-12	62.8	678.0	tailspike depolymerase	685.0	tailspike depolymerase	Same	0.05	0.05	0.05	Putative recombination hotspots
LIT_086_KL48_PROTEIN_50	REC_026_KL5KL8_PROTEIN_41	84.375	32	5	0	1	32	1	32	2.37e-11	60.8	521.0	putative esterase containing tailspike	684.0	tailspike depolymerase	Different	0.06	0.05	0.05	Putative recombination hotspots
LIT_086_KL48_PROTEIN_50	REC_023_KL47_PROTEIN_43	96.552	29	1	0	1	29	1	29	5.21e-11	59.7	521.0	putative esterase containing tailspike	641.0	tailspike depolymerase	Different	0.06	0.05	0.05	Putative recombination hotspots
LIT_086_KL48_PROTEIN_50	REC_025_KL47_PROTEIN_45	96.552	29	1	0	1	29	1	29	5.54e-11	59.7	521.0	putative esterase containing tailspike	641.0	tailspike depolymerase	Different	0.06	0.05	0.05	Putative recombination hotspots
LIT_086_KL48_PROTEIN_50	REC_024_KL47_PROTEIN_44	96.552	29	1	0	1	29	1	29	5.54e-11	59.7	521.0	putative esterase containing tailspike	641.0	tailspike depolymerase	Different	0.06	0.05	0.05	Putative recombination hotspots
LIT_086_KL48_PROTEIN_50	REC_022_KL30KL69_PROTEIN_43	83.333	30	5	0	3	32	4	33	3.1e-10	57.4	521.0	putative esterase containing tailspike	685.0	tailspike depolymerase	Different	0.06	0.04	0.04	Putative recombination hotspots
LIT_086_KL48_PROTEIN_50	LIT_088_KL2KL37_PROTEIN_48	82.759	29	5	0	1	29	1	29	2.33e-09	54.3	521.0	putative esterase containing tailspike	524.0	tailspike depolymerase	Different	0.06	0.06	0.06	Putative recombination hotspots
LIT_088_KL2KL37_PROTEIN_48	REC_026_KL5KL8_PROTEIN_41	86.207	29	4	0	1	29	1	29	2.59e-10	57.8	524.0	tailspike depolymerase	684.0	tailspike depolymerase	Same	0.06	0.04	0.04	Putative recombination hotspots
LIT_088_KL2KL37_PROTEIN_48	REC_023_KL47_PROTEIN_43	82.759	29	5	0	1	29	1	29	4.73e-09	53.5	524.0	tailspike depolymerase	641.0	tailspike depolymerase	Same	0.06	0.05	0.05	Putative recombination hotspots
LIT_088_KL2KL37_PROTEIN_48	REC_025_KL47_PROTEIN_45	82.759	29	5	0	1	29	1	29	4.77e-09	53.5	524.0	tailspike depolymerase	641.0	tailspike depolymerase	Same	0.06	0.05	0.05	Putative recombination hotspots
LIT_088_KL2KL37_PROTEIN_48	REC_024_KL47_PROTEIN_44	82.759	29	5	0	1	29	1	29	4.85e-09	53.5	524.0	tailspike depolymerase	641.0	tailspike depolymerase	Same	0.06	0.05	0.05	Putative recombination hotspots
LIT_088_KL2KL37_PROTEIN_48	LIT_128_KL10_PROTEIN_50	82.759	29	5	0	1	29	1	29	6.47e-09	52.8	524.0	tailspike depolymerase	512.0	tailspike depolymerase	Same	0.06	0.06	0.06	Putative recombination hotspots
LIT_088_KL2KL37_PROTEIN_48	REC_022_KL30KL69_PROTEIN_43	84.0	25	4	0	5	29	6	30	2.19e-07	48.1	524.0	tailspike depolymerase	685.0	tailspike depolymerase	Same	0.05	0.04	0.04	Putative recombination hotspots
LIT_128_KL10_PROTEIN_50	REC_019_KL21KL3_PROTEIN_44	86.207	29	4	0	1	29	1	29	5.46e-10	56.2	512.0	tailspike depolymerase	576.0	tailspike depolymerase	Same	0.06	0.05	0.05	Putative recombination hotspots
LIT_128_KL10_PROTEIN_50	REC_026_KL5KL8_PROTEIN_41	86.207	29	4	0	1	29	1	29	6.28e-10	56.2	512.0	tailspike depolymerase	684.0	tailspike depolymerase	Same	0.06	0.04	0.04	Putative recombination hotspots
LIT_128_KL10_PROTEIN_50	REC_018_KL21_PROTEIN_42	82.143	28	5	0	2	29	1	28	9.93e-09	52.4	512.0	tailspike depolymerase	575.0	tailspike depolymerase	Same	0.05	0.05	0.05	Putative recombination hotspots
LIT_128_KL10_PROTEIN_50	REC_022_KL30KL69_PROTEIN_43	84.615	26	4	0	4	29	5	30	1.85e-08	51.6	512.0	tailspike depolymerase	685.0	tailspike depolymerase	Same	0.05	0.04	0.04	Putative recombination hotspots
REC_018_KL21_PROTEIN_42	REC_022_KL30KL69_PROTEIN_43	85.714	28	4	0	4	31	6	33	2.83e-09	54.3	575.0	tailspike depolymerase	685.0	tailspike depolymerase	Same	0.05	0.04	0.04	Putative recombination hotspots
REC_019_KL21KL3_PROTEIN_44	REC_026_KL5KL8_PROTEIN_41	87.5	32	4	0	1	32	1	32	4.13e-11	60.5	576.0	tailspike depolymerase	684.0	tailspike depolymerase	Same	0.06	0.05	0.05	Putative recombination hotspots
REC_019_KL21KL3_PROTEIN_44	REC_022_KL30KL69_PROTEIN_43	86.667	30	4	0	3	32	4	33	4.76e-10	57.0	576.0	tailspike depolymerase	685.0	tailspike depolymerase	Same	0.05	0.04	0.04	Putative recombination hotspots
REC_019_KL21KL3_PROTEIN_44	REC_025_KL47_PROTEIN_45	82.759	29	5	0	1	29	1	29	5e-09	53.5	576.0	tailspike depolymerase	641.0	tailspike depolymerase	Same	0.05	0.05	0.05	Putative recombination hotspots
REC_019_KL21KL3_PROTEIN_44	REC_024_KL47_PROTEIN_44	82.759	29	5	0	1	29	1	29	5.22e-09	53.5	576.0	tailspike depolymerase	641.0	tailspike depolymerase	Same	0.05	0.05	0.05	Putative recombination hotspots
REC_022_KL30KL69_PROTEIN_43	REC_023_KL47_PROTEIN_43	81.481	27	5	0	4	30	3	29	8.96e-08	50.1	685.0	tailspike depolymerase	641.0	tailspike depolymerase	Same	0.04	0.04	0.04	Putative recombination hotspots
REC_022_KL30KL69_PROTEIN_43	REC_025_KL47_PROTEIN_45	81.481	27	5	0	4	30	3	29	9.2e-08	50.1	685.0	tailspike depolymerase	641.0	tailspike depolymerase	Same	0.04	0.04	0.04	Putative recombination hotspots
REC_022_KL30KL69_PROTEIN_43	REC_024_KL47_PROTEIN_44	81.481	27	5	0	4	30	3	29	9.28e-08	50.1	685.0	tailspike depolymerase	641.0	tailspike depolymerase	Same	0.04	0.04	0.04	Putative recombination hotspots
REC_023_KL47_PROTEIN_43	REC_026_KL5KL8_PROTEIN_41	82.759	29	5	0	1	29	1	29	5.99e-09	53.5	641.0	tailspike depolymerase	684.0	tailspike depolymerase	Same	0.05	0.04	0.04	Putative recombination hotspots
REC_024_KL47_PROTEIN_44	REC_026_KL5KL8_PROTEIN_41	82.759	29	5	0	1	29	1	29	6.2e-09	53.5	641.0	tailspike depolymerase	684.0	tailspike depolymerase	Same	0.05	0.04	0.04	Putative recombination hotspots
REC_025_KL47_PROTEIN_45	REC_026_KL5KL8_PROTEIN_41	82.759	29	5	0	1	29	1	29	6.05e-09	53.5	641.0	tailspike depolymerase	684.0	tailspike depolymerase	Same	0.05	0.04	0.04	Putative recombination hotspots
